4.7816090813e+04 3.0529520000e-01 3.0529520000e-01 0.0000000000e+00 0.0000000000e+00 0.0000000000e+00 0.0000000000e+00 0.0000000000e+00
4.7816098352e+04 4.0248900000e-01 3.5389210000e-01 0.0000000000e+00 0.0000000000e+00 0.0000000000e+00 0.0000000000e+00 0.0000000000e+00
4.7816542360e+04 1.9863280000e-01 3.0213900000e-01 8.0855402195e-02 4.6681888223e-02 9.1496500917e-02 2.1064249908e-01 3.9363550092e-01
4.7817358849e+04 4.0922420000e-01 3.2891030000e-01 8.0675305311e-02 4.0337652656e-02 7.9061799205e-02 2.4984850079e-01 4.0797209920e-01
4.7818093504e+04 3.9802430000e-01 3.4273310000e-01 7.5137592886e-02 3.3602553072e-02 6.5861004021e-02 2.7687209598e-01 4.0859410402e-01
4.7818607106e+04 2.6223200000e-01 3.2931625000e-01 7.3597456555e-02 3.0046035821e-02 5.8890230210e-02 2.7042601979e-01 3.8820648021e-01
4.7819187360e+04 2.6393790000e-01 3.1997648571e-01 7.0973294444e-02 2.6825383832e-02 5.2577752311e-02 2.6739873340e-01 3.7255423803e-01
4.7819974736e+04 4.5316039999e-01 3.3662447500e-01 7.9105601174e-02 2.7968053510e-02 5.4817384880e-02 2.8180709012e-01 3.9144185988e-01
4.7820578831e+04 4.7345950000e-01 3.5182836667e-01 8.5584757373e-02 2.8528252458e-02 5.5915374817e-02 2.9591299185e-01 4.0774374148e-01
4.7821133647e+04 3.9413489999e-01 3.5605902000e-01 8.1682160567e-02 2.5830167160e-02 5.0627127633e-02 3.0543189237e-01 4.0668614763e-01
4.7821592477e+04 2.3103390000e-01 3.4469310000e-01 8.5420250490e-02 2.5755174579e-02 5.0480142176e-02 2.9421295782e-01 3.9517324218e-01
4.7822170188e+04 2.4442190000e-01 3.3633716667e-01 8.6030971265e-02 2.4835002209e-02 4.8676604330e-02 2.8766056234e-01 3.8501377100e-01
4.7824287048e+04 1.5025054000e+00 4.2604241538e-01 3.2147928464e-01 8.9162311136e-02 1.7475812983e-01 2.5128428556e-01 6.0080054521e-01
4.7824676134e+04 5.7880130000e-01 4.3695376429e-01 3.1136274774e-01 8.3215194645e-02 1.6310178151e-01 2.7385198278e-01 6.0005554579e-01
4.7825058167e+04 2.0138510000e-01 4.2124918667e-01 3.0573659361e-01 7.8940849026e-02 1.5472406409e-01 2.6652512258e-01 5.7597325076e-01
4.7825679809e+04 2.3050180000e-01 4.0932747500e-01 2.9895671119e-01 7.4739177797e-02 1.4648878848e-01 2.6283868652e-01 5.5581626348e-01
4.7826153905e+04 1.5275400000e-01 3.9423491765e-01 2.9569195976e-01 7.1715834278e-02 1.4056303519e-01 2.5367188246e-01 5.3479795283e-01
4.7826714534e+04 1.5370730000e-01 3.8087227222e-01 2.9210631482e-01 6.8850118678e-02 1.3494623261e-01 2.4592603961e-01 5.1581850483e-01
4.7827274118e+04 1.6525490000e-01 3.6952398947e-01 2.8793031049e-01 6.6055743484e-02 1.2946925723e-01 2.4005473224e-01 4.9899324670e-01
4.7827844943e+04 1.7043330000e-01 3.5956945500e-01 2.8358995897e-01 6.3412642598e-02 1.2428877949e-01 2.3528067551e-01 4.8385823449e-01
4.7828464535e+04 2.2652210000e-01 3.5323386667e-01 2.7785768871e-01 6.0633518616e-02 1.1884169649e-01 2.3439217018e-01 4.7207556315e-01
4.7829088645e+04 2.4721620000e-01 3.4841488182e-01 2.7205908643e-01 5.8003192118e-02 1.1368625655e-01 2.3472862527e-01 4.6210113837e-01
4.7829661299e+04 1.5485430000e-01 3.3999920435e-01 2.6871899080e-01 5.6031782912e-02 1.0982229451e-01 2.3017690984e-01 4.4982149886e-01
4.7830289574e+04 1.9038350000e-01 3.3376521667e-01 2.6450741988e-01 5.3992350991e-02 1.0582500794e-01 2.2794020872e-01 4.3959022461e-01
4.7830908743e+04 1.9534980000e-01 3.2822860000e-01 2.6035495038e-01 5.2070990076e-02 1.0205914055e-01 2.2616945945e-01 4.3028774055e-01
4.7831432425e+04 1.4978660000e-01 3.2136544615e-01 2.5739247114e-01 5.0478816653e-02 9.8938480639e-02 2.2242696551e-01 4.2030392679e-01
4.7831985105e+04 1.4646470000e-01 3.1488764074e-01 2.5454623215e-01 4.8987445218e-02 9.6015392628e-02 2.1887224811e-01 4.1090303337e-01
4.7832663405e+04 2.7160640000e-01 3.1334188214e-01 2.4991704123e-01 4.7229881391e-02 9.2570567527e-02 2.2077131462e-01 4.0591244967e-01
4.7833126079e+04 1.6622040000e-01 3.0826872759e-01 2.4687749780e-01 4.5844000442e-02 8.9854240866e-02 2.1841448672e-01 3.9812296845e-01
4.7833713947e+04 1.8228370000e-01 3.0406922667e-01 2.4363551665e-01 4.4481556093e-02 8.7183849942e-02 2.1688537672e-01 3.9125307661e-01
4.7834370137e+04 2.4207880000e-01 3.0206953548e-01 2.3979078190e-01 4.3067695807e-02 8.4412683782e-02 2.1765685170e-01 3.8648221927e-01
4.7834899188e+04 1.8813590000e-01 2.9850910938e-01 2.3672297802e-01 4.1847105754e-02 8.2020327278e-02 2.1648878210e-01 3.8052943665e-01
4.7835433883e+04 1.6366400000e-01 2.9442289394e-01 2.3413862789e-01 4.0758303512e-02 7.9886274884e-02 2.1453661906e-01 3.7430916882e-01
4.7836025480e+04 1.9223700000e-01 2.9141742647e-01 2.3120930196e-01 3.9652068157e-02 7.7718053588e-02 2.1369937288e-01 3.6913548006e-01
4.7836594342e+04 1.8190830000e-01 2.8828859429e-01 2.2851324008e-01 3.8625787423e-02 7.5706543348e-02 2.1258205094e-01 3.6399513763e-01
4.7837298182e+04 2.8521160000e-01 2.8820312222e-01 2.2522567600e-01 3.7537612666e-02 7.3573720826e-02 2.1462940140e-01 3.6177684305e-01
4.7837774519e+04 1.5959040000e-01 2.8472710270e-01 2.2305270764e-01 3.6669639251e-02 7.1872492933e-02 2.1285460977e-01 3.5659959564e-01
4.7838724688e+04 5.2134090000e-01 2.9095378158e-01 2.2325410309e-01 3.6216597876e-02 7.0984531837e-02 2.1996924974e-01 3.6193831342e-01
4.7839116426e+04 3.2324790000e-01 2.9178183590e-01 2.2035609407e-01 3.5285214523e-02 6.9159020466e-02 2.2262281543e-01 3.6094085636e-01
4.7839727800e+04 2.6742180000e-01 2.9117283500e-01 2.1754591752e-01 3.4397029752e-02 6.7418178315e-02 2.2375465669e-01 3.5859101331e-01
4.7839744791e+04 2.2181590000e-01 2.8948120244e-01 2.1507565042e-01 3.3589173417e-02 6.5834779898e-02 2.2364642254e-01 3.5531598234e-01
4.7840225768e+04 1.7348350000e-01 2.8671935238e-01 2.1317139414e-01 3.2893060232e-02 6.4470398054e-02 2.2224895433e-01 3.5118975044e-01
4.7840711390e+04 1.2538070000e-01 2.8296729070e-01 2.1201736834e-01 3.2332345557e-02 6.3371397292e-02 2.1959589341e-01 3.4633868799e-01
4.7841386815e+04 2.5411490000e-01 2.8231155455e-01 2.0958166302e-01 3.1595624508e-02 6.1927424035e-02 2.2038413051e-01 3.4423897858e-01
4.7841830603e+04 1.4859729999e-01 2.7934012667e-01 2.0812179815e-01 3.1024965884e-02 6.0808933133e-02 2.1853119353e-01 3.4014905980e-01
4.7842424530e+04 1.8487650000e-01 2.7728656956e-01 2.0625688767e-01 3.0410918989e-02 5.9605401218e-02 2.1768116835e-01 3.3689197078e-01
4.7842964348e+04 1.3956360000e-01 2.7435629362e-01 2.0496843539e-01 2.9897719086e-02 5.8599529408e-02 2.1575676421e-01 3.3295582302e-01
4.7843797469e+04 3.2487260000e-01 2.7540871667e-01 2.0290451654e-01 2.9286744310e-02 5.7402018849e-02 2.1800669782e-01 3.3281073551e-01
4.7844326089e+04 2.7943390000e-01 2.7549086326e-01 2.0078060998e-01 2.8682944283e-02 5.6218570795e-02 2.1927229247e-01 3.3170943406e-01
4.7844930379e+04 2.8733360000e-01 2.7572771800e-01 1.9872818361e-01 2.8104409249e-02 5.5084642127e-02 2.2064307587e-01 3.3081236013e-01
4.7845381320e+04 1.2598860000e-01 2.7279165686e-01 1.9782329461e-01 2.7700801960e-02 5.4293571842e-02 2.1849808502e-01 3.2708522870e-01
4.7846374636e+04 2.6520089999e-01 2.7264568077e-01 1.9587702321e-01 2.7163255803e-02 5.3239981374e-02 2.1940569939e-01 3.2588566214e-01
4.7846856217e+04 1.7483130001e-01 2.7080012641e-01 1.9444043160e-01 2.6708447339e-02 5.2348556785e-02 2.1845156963e-01 3.2314868320e-01
4.7847413066e+04 1.7008590000e-01 2.6893504815e-01 1.9307537824e-01 2.6274231032e-02 5.1497492822e-02 2.1743755533e-01 3.2043254097e-01
4.7847978447e+04 1.9824970000e-01 2.6764986000e-01 1.9151229393e-01 2.5823512446e-02 5.0614084394e-02 2.1703577561e-01 3.1826394439e-01
4.7848530680e+04 1.9285350000e-01 2.6631421071e-01 1.9002163739e-01 2.5392709400e-02 4.9769710424e-02 2.1654450029e-01 3.1608392114e-01
4.7849064075e+04 1.8316190000e-01 2.6485539825e-01 1.8863352958e-01 2.4985121355e-02 4.8970837857e-02 2.1588456039e-01 3.1382623610e-01
4.7849606512e+04 1.6967090000e-01 2.6321428621e-01 1.8738160894e-01 2.4604410654e-02 4.8224644881e-02 2.1498964133e-01 3.1143893109e-01
4.7850151352e+04 1.7330520000e-01 2.6169040339e-01 1.8612140940e-01 2.4230943601e-02 4.7492649457e-02 2.1419775393e-01 3.0918305285e-01
4.7850721124e+04 2.0174520000e-01 2.6069131667e-01 1.8469686704e-01 2.3844263004e-02 4.6734755489e-02 2.1395656118e-01 3.0742607216e-01
4.7851264883e+04 1.8706800000e-01 2.5948437705e-01 1.8338971075e-01 2.3480646376e-02 4.6022066898e-02 2.1346231015e-01 3.0550644395e-01
4.7851834130e+04 2.1212820000e-01 2.5872056774e-01 1.8197811115e-01 2.3111243228e-02 4.5298036727e-02 2.1342253101e-01 3.0401860447e-01
4.7852361249e+04 1.8633040000e-01 2.5757151746e-01 1.8073118990e-01 2.2769989649e-02 4.4629179712e-02 2.1294233775e-01 3.0220069717e-01
4.7852983203e+04 2.5058420000e-01 2.5746234062e-01 1.7929317195e-01 2.2411646493e-02 4.3926827127e-02 2.1353551350e-01 3.0138916775e-01
4.7853560063e+04 2.6651220000e-01 2.5760156923e-01 1.7789041633e-01 2.2064590576e-02 4.3246597529e-02 2.1435497170e-01 3.0084816676e-01
4.7854720356e+04 7.2190940000e-01 2.6463653636e-01 1.8540510681e-01 2.2821791033e-02 4.4730710424e-02 2.1990582594e-01 3.0936724679e-01
4.7854983535e+04 3.0425640000e-01 2.6522787761e-01 1.8405786770e-01 2.2486247426e-02 4.4073044955e-02 2.2115483266e-01 3.0930092257e-01
4.7855395961e+04 1.7046070000e-01 2.6383424265e-01 1.8303495833e-01 2.2196249011e-02 4.3504648062e-02 2.2032959458e-01 3.0733889071e-01
4.7855966736e+04 1.9197460000e-01 2.6279279855e-01 1.8188698606e-01 2.1896619982e-02 4.2917375164e-02 2.1987542339e-01 3.0571017371e-01
4.7856537888e+04 2.0037070000e-01 2.6190105429e-01 1.8071602881e-01 2.1599696780e-02 4.2335405690e-02 2.1956564860e-01 3.0423645998e-01
4.7857078466e+04 1.9104080000e-01 2.6090302253e-01 1.7961475687e-01 2.1316349900e-02 4.1780045803e-02 2.1912297673e-01 3.0268306834e-01
4.7857617528e+04 1.7393340000e-01 2.5969511111e-01 1.7863556942e-01 2.1052403750e-02 4.1262711350e-02 2.1843239976e-01 3.0095782246e-01
4.7858515005e+04 2.0878950000e-01 2.5899777397e-01 1.7748936603e-01 2.0773559015e-02 4.0716175670e-02 2.1828159830e-01 2.9971394964e-01
4.7859058039e+04 1.9120310000e-01 2.5808162973e-01 1.7644320525e-01 2.0511105983e-02 4.0201767727e-02 2.1787986200e-01 2.9828339746e-01
4.7859616657e+04 1.8960720000e-01 2.5716863733e-01 1.7542286707e-01 2.0256087904e-02 3.9701932293e-02 2.1746670504e-01 2.9687056963e-01
4.7860182829e+04 2.0503950000e-01 2.5648272763e-01 1.7435067709e-01 1.9999394268e-02 3.9198812764e-02 2.1728391487e-01 2.9568154040e-01
4.7860748285e+04 2.1215240000e-01 2.5590700909e-01 1.7327254015e-01 1.9746238560e-02 3.8702627578e-02 2.1720438151e-01 2.9460963667e-01
4.7861257000e+04 1.7274130000e-01 2.5484078205e-01 1.7239778398e-01 1.9520205154e-02 3.8259602101e-02 2.1658117995e-01 2.9310038415e-01
4.7861828504e+04 1.9179790000e-01 2.5404277089e-01 1.7143403867e-01 1.9287836271e-02 3.7804159091e-02 2.1623861179e-01 2.9184692998e-01
4.7862390829e+04 2.0388180000e-01 2.5341575875e-01 1.7043669610e-01 1.9055401917e-02 3.7348587758e-02 2.1606717099e-01 2.9076434651e-01
4.7862958002e+04 2.1383180000e-01 2.5292706790e-01 1.6942450984e-01 1.8824945538e-02 3.6896893255e-02 2.1603017465e-01 2.8982396116e-01
4.7863608126e+04 2.7940670000e-01 2.5324999024e-01 1.6840051231e-01 1.8596725566e-02 3.6449582110e-02 2.1680040813e-01 2.8969957235e-01
4.7864311269e+04 2.6788280000e-01 2.5342628916e-01 1.6737814377e-01 1.8372138090e-02 3.6009390656e-02 2.1741689850e-01 2.8943567981e-01
4.7864961750e+04 3.2104900000e-01 2.5423132143e-01 1.6652836978e-01 1.8169734759e-02 3.5612680128e-02 2.1861864130e-01 2.8984400156e-01
4.7865880346e+04 6.6150620000e-01 2.5902279059e-01 1.7126016911e-01 1.8575773446e-02 3.6408515954e-02 2.2261427463e-01 2.9543130654e-01
4.7866066137e+04 2.1562030000e-01 2.5851811046e-01 1.7031334603e-01 1.8365360416e-02 3.5996106416e-02 2.2252200405e-01 2.9451421688e-01
4.7866607557e+04 2.0435010000e-01 2.5789548965e-01 1.6941867621e-01 1.8163588640e-02 3.5600633734e-02 2.2229485592e-01 2.9349612339e-01
4.7867154730e+04 1.9471950000e-01 2.5717758068e-01 1.6857523873e-01 1.7970180828e-02 3.5221554424e-02 2.2195602626e-01 2.9239913511e-01
4.7867714526e+04 1.8791410000e-01 2.5639933933e-01 1.6777360269e-01 1.7783966317e-02 3.4856573981e-02 2.2154276534e-01 2.9125591331e-01
4.7868314130e+04 2.2592090000e-01 2.5606069000e-01 1.6685897974e-01 1.7588480801e-02 3.4473422370e-02 2.2158726763e-01 2.9053411237e-01
4.7868813062e+04 1.7074000000e-01 2.5512310000e-01 1.6616762986e-01 1.7419100674e-02 3.4141437321e-02 2.2098166268e-01 2.8926453732e-01
4.7869390379e+04 1.9294050000e-01 2.5444720217e-01 1.6537783525e-01 1.7241831208e-02 3.3793989167e-02 2.2065321301e-01 2.8824119134e-01
4.7869996406e+04 2.3562350000e-01 2.5424479677e-01 1.6448804425e-01 1.7056615624e-02 3.3430966624e-02 2.2081383015e-01 2.8767576340e-01
4.7870543453e+04 2.1255660000e-01 2.5380130532e-01 1.6365720344e-01 1.6879951673e-02 3.3084705279e-02 2.2071660004e-01 2.8688601060e-01
4.7871133595e+04 2.0962170000e-01 2.5333625684e-01 1.6284678952e-01 1.6707728076e-02 3.2747147028e-02 2.2058910981e-01 2.8608340387e-01
4.7871660162e+04 1.8503570000e-01 2.5262479271e-01 1.6213579461e-01 1.6547915244e-02 3.2433913877e-02 2.2019087883e-01 2.8505870659e-01
4.7872225551e+04 1.8681630000e-01 2.5194635464e-01 1.6142604841e-01 1.6390331920e-02 3.2125050564e-02 2.1982130407e-01 2.8407140520e-01
4.7872790750e+04 2.0521160000e-01 2.5146946939e-01 1.6066046751e-01 1.6229158006e-02 3.1809149692e-02 2.1966031969e-01 2.8327861908e-01
4.7873649819e+04 4.3712820000e-01 2.5334481010e-01 1.6091319624e-01 1.6172384720e-02 3.1697874050e-02 2.2164693605e-01 2.8504268415e-01
4.7874134135e+04 3.4575320000e-01 2.5426889400e-01 1.6036224578e-01 1.6036224578e-02 3.1431000172e-02 2.2283789383e-01 2.8569989417e-01
4.7874848084e+04 4.4151620000e-01 2.5612282772e-01 1.6063186607e-01 1.5983468067e-02 3.1327597412e-02 2.2479523031e-01 2.8745042513e-01
4.7875349277e+04 2.0357790000e-01 2.5560768137e-01 1.5991850455e-01 1.5834291436e-02 3.1035211214e-02 2.2457247016e-01 2.8664289259e-01
4.7875907047e+04 2.1017420000e-01 2.5516657961e-01 1.5919500473e-01 1.5685949909e-02 3.0744461823e-02 2.2442211779e-01 2.8591104143e-01
4.7876450953e+04 2.0835890000e-01 2.5471650577e-01 1.5848616612e-01 1.5540847186e-02 3.0460060485e-02 2.2425644528e-01 2.8517656625e-01
4.7877014686e+04 2.0586510000e-01 2.5425125429e-01 1.5779372183e-01 1.5399090465e-02 3.0182217311e-02 2.2406903697e-01 2.8443347160e-01
4.7877570850e+04 2.0840150000e-01 2.5381870943e-01 1.5710306058e-01 1.5259198167e-02 2.9908028408e-02 2.2391068103e-01 2.8372673784e-01
4.7878229962e+04 3.0490660000e-01 2.5429616635e-01 1.5643750451e-01 1.5123384386e-02 2.9641833397e-02 2.2465433296e-01 2.8393799975e-01
4.7878723376e+04 2.0349500000e-01 2.5382578518e-01 1.5578077774e-01 1.4990012327e-02 2.9380424162e-02 2.2444536102e-01 2.8320620935e-01
4.7879317836e+04 2.3619620000e-01 2.5366404587e-01 1.5506700320e-01 1.4852725164e-02 2.9111341321e-02 2.2455270455e-01 2.8277538719e-01
4.7879831716e+04 2.0156350000e-01 2.5319040455e-01 1.5443323694e-01 1.4724631396e-02 2.8860277537e-02 2.2433012701e-01 2.8205068208e-01
4.7880401073e+04 2.1689860000e-01 2.5286345135e-01 1.5376790538e-01 1.4595003689e-02 2.8606207230e-02 2.2425724412e-01 2.8146965858e-01
4.7881020358e+04 2.5947130000e-01 2.5292245000e-01 1.5307495212e-01 1.4464223402e-02 2.8349877869e-02 2.2457257213e-01 2.8127232787e-01
4.7881605490e+04 2.8109330000e-01 2.5317174956e-01 1.5241288672e-01 1.4337798315e-02 2.8102084697e-02 2.2506966486e-01 2.8127383425e-01
4.7882066451e+04 1.8644909999e-01 2.5258646316e-01 1.5186449512e-01 1.4223413141e-02 2.7877889756e-02 2.2470857340e-01 2.8046435291e-01
4.7882656230e+04 2.3361450000e-01 2.5242148956e-01 1.5120721561e-01 1.4100145560e-02 2.7636285297e-02 2.2478520427e-01 2.8005777486e-01
4.7883197820e+04 2.1997860000e-01 2.5214180948e-01 1.5057823002e-01 1.3980837673e-02 2.7402441839e-02 2.2473936764e-01 2.7954425132e-01
4.7883778795e+04 2.3237870000e-01 2.5197289402e-01 1.4993881851e-01 1.3861848675e-02 2.7169223403e-02 2.2480367061e-01 2.7914211742e-01
4.7884446146e+04 3.0432110000e-01 2.5241652288e-01 1.4937377553e-01 1.3750970634e-02 2.6951902442e-02 2.2546462044e-01 2.7936842532e-01
4.7885144854e+04 3.4561720000e-01 2.5319972185e-01 1.4898260602e-01 1.3657213102e-02 2.6768137681e-02 2.2643158417e-01 2.7996785953e-01
4.7885670347e+04 2.2921910000e-01 2.5299988333e-01 1.4837132386e-01 1.3544386827e-02 2.6546998182e-02 2.2645288515e-01 2.7954688151e-01
4.7886245913e+04 2.2078690000e-01 2.5273366033e-01 1.4778059511e-01 1.3434599556e-02 2.6331815129e-02 2.2640184520e-01 2.7906547546e-01
4.7886769582e+04 1.8738839999e-01 2.5219804344e-01 1.4728655392e-01 1.3334698041e-02 2.6136008161e-02 2.2606203528e-01 2.7833405160e-01
4.7887335956e+04 2.1424040000e-01 2.5188944472e-01 1.4672127740e-01 1.3229412059e-02 2.5929647636e-02 2.2595979708e-01 2.7781909235e-01
4.7887872897e+04 1.9568539999e-01 2.5143618629e-01 1.4621007288e-01 1.3130052149e-02 2.5734902213e-02 2.2570128408e-01 2.7717108850e-01
4.7888455856e+04 2.2214610000e-01 2.5120186560e-01 1.4564269810e-01 1.3026678935e-02 2.5532290712e-02 2.2566957489e-01 2.7673415631e-01
4.7889046515e+04 2.5940840000e-01 2.5126699683e-01 1.4506078521e-01 1.2923041869e-02 2.5329162063e-02 2.2593783476e-01 2.7659615889e-01
4.7889568278e+04 2.1047480001e-01 2.5094579842e-01 1.4452897846e-01 1.2824872983e-02 2.5136751047e-02 2.2580904738e-01 2.7608254947e-01
4.7890175950e+04 2.6035520000e-01 2.5101930937e-01 1.4396122581e-01 1.2724494875e-02 2.4940009954e-02 2.2607929942e-01 2.7595931933e-01
4.7890698979e+04 2.1603629999e-01 2.5074812326e-01 1.4343059343e-01 1.2628359598e-02 2.4751584812e-02 2.2599653844e-01 2.7549970807e-01
4.7891271607e+04 2.1059600000e-01 2.5043926077e-01 1.4291663918e-01 1.2534618448e-02 2.4567852159e-02 2.2587140861e-01 2.7500711293e-01
4.7891819385e+04 1.9490090000e-01 2.5001530382e-01 1.4244793866e-01 1.2445734187e-02 2.4393639007e-02 2.2562166481e-01 2.7440894282e-01
4.7892395626e+04 2.0659770000e-01 2.4968638258e-01 1.4195313210e-01 1.2355434246e-02 2.4216651121e-02 2.2546973145e-01 2.7390303370e-01
4.7892950026e+04 2.0582810000e-01 2.4935662105e-01 1.4146515114e-01 1.2266584290e-02 2.4042505208e-02 2.2531411584e-01 2.7339912626e-01
4.7893679833e+04 3.8984670000e-01 2.5040505448e-01 1.4145004482e-01 1.2219422752e-02 2.3950068594e-02 2.2645498588e-01 2.7435512307e-01
4.7894516018e+04 5.9930700000e-01 2.5298951333e-01 1.4406194565e-01 1.2398878140e-02 2.4301801155e-02 2.2868771218e-01 2.7729131449e-01
4.7894959320e+04 2.9895520000e-01 2.5332749632e-01 1.4358110388e-01 1.2311978084e-02 2.4131477045e-02 2.2919601928e-01 2.7745897337e-01
4.7895433557e+04 2.1771790000e-01 2.5306757226e-01 1.4308436958e-01 1.2224522685e-02 2.3960064462e-02 2.2910750780e-01 2.7702763672e-01
4.7896002988e+04 2.2926790000e-01 2.5289511087e-01 1.4257549805e-01 1.2136832384e-02 2.3788191473e-02 2.2910691940e-01 2.7668330234e-01
4.7896542982e+04 2.1295200000e-01 2.5260775036e-01 1.4209808387e-01 1.2052602167e-02 2.3623100248e-02 2.2898465011e-01 2.7623085061e-01
4.7897123732e+04 2.3580920000e-01 2.5248776071e-01 1.4159308414e-01 1.1966799750e-02 2.3454927510e-02 2.2903283320e-01 2.7594268822e-01
4.7897630355e+04 1.7537300001e-01 2.5194084752e-01 1.4123481563e-01 1.1894117131e-02 2.3312469576e-02 2.2862837794e-01 2.7525331709e-01
4.7898234645e+04 2.1814140000e-01 2.5170282324e-01 1.4076147043e-01 1.1812440195e-02 2.3152382783e-02 2.2855044046e-01 2.7485520602e-01
4.7898825047e+04 2.3440280000e-01 2.5158184406e-01 1.4027236407e-01 1.1730164368e-02 2.2991122161e-02 2.2859072190e-01 2.7457296622e-01
4.7899406311e+04 2.6501600000e-01 2.5167513681e-01 1.3978549271e-01 1.1648791059e-02 2.2831630475e-02 2.2884350633e-01 2.7450676728e-01
4.7899992397e+04 2.4500080000e-01 2.5162910690e-01 1.3930037594e-01 1.1568266564e-02 2.2673802466e-02 2.2895530443e-01 2.7430290936e-01
4.7900506727e+04 2.0213500000e-01 2.5129010616e-01 1.3887920494e-01 1.1493724781e-02 2.2527700571e-02 2.2876240559e-01 2.7381780673e-01
4.7901058515e+04 2.0466590000e-01 2.5097293469e-01 1.3845582373e-01 1.1419643872e-02 2.2382501988e-02 2.2859043271e-01 2.7335543668e-01
4.7901617639e+04 2.1086000000e-01 2.5070190135e-01 1.3802320581e-01 1.1345437630e-02 2.2237057755e-02 2.2846484360e-01 2.7293895911e-01
4.7902171617e+04 2.0646940000e-01 2.5040503893e-01 1.3760352186e-01 1.1272919748e-02 2.2094922706e-02 2.2831011622e-01 2.7249996163e-01
4.7902749350e+04 2.2589820000e-01 2.5024166000e-01 1.3715548737e-01 1.1198698649e-02 2.1949449353e-02 2.2829221065e-01 2.7219110935e-01
4.7903298513e+04 2.1619680000e-01 2.5001619735e-01 1.3672542513e-01 1.1126557299e-02 2.1808052306e-02 2.2820814505e-01 2.7182424966e-01
4.7903912123e+04 2.7072530000e-01 2.5015244145e-01 1.3628222382e-01 1.1053948011e-02 2.1665738102e-02 2.2848670334e-01 2.7181817955e-01
4.7905081321e+04 8.3408410000e-01 2.5396898824e-01 1.4375218687e-01 1.1621675497e-02 2.2778483975e-02 2.3119050426e-01 2.7674747221e-01
4.7905321633e+04 2.9378650000e-01 2.5422754351e-01 1.4331732646e-01 1.1548839281e-02 2.2635724990e-02 2.3159181852e-01 2.7686326850e-01
4.7905929107e+04 3.2126430000e-01 2.5466003871e-01 1.4295204230e-01 1.1482184348e-02 2.2505081323e-02 2.3215495739e-01 2.7716512003e-01
4.7906412404e+04 2.0758250000e-01 2.5435825962e-01 1.4253968496e-01 1.1412308298e-02 2.2368124264e-02 2.3199013535e-01 2.7672638388e-01
4.7906998053e+04 2.2626410001e-01 2.5417931592e-01 1.4209967016e-01 1.1340788304e-02 2.2227945076e-02 2.3195137085e-01 2.7640726100e-01
4.7907558990e+04 2.2481580000e-01 2.5399347089e-01 1.4166554029e-01 1.1270305249e-02 2.2089798288e-02 2.3190367260e-01 2.7608326917e-01
4.7908176163e+04 2.8284550000e-01 2.5417493019e-01 1.4123493925e-01 1.1200659253e-02 2.1953292137e-02 2.3222163805e-01 2.7612822233e-01
4.7908742311e+04 2.7496010000e-01 2.5430483750e-01 1.4079963270e-01 1.1131188326e-02 2.1817129119e-02 2.3248770838e-01 2.7612196662e-01
4.7909249459e+04 2.1419930000e-01 2.5405573478e-01 1.4039430744e-01 1.1064621467e-02 2.1686658075e-02 2.3236907671e-01 2.7574239286e-01
4.7909814385e+04 2.1760120001e-01 2.5383070679e-01 1.3998674354e-01 1.0998397292e-02 2.1556858693e-02 2.3227384810e-01 2.7538756548e-01
4.7910369360e+04 2.0095540000e-01 2.5350631840e-01 1.3961507988e-01 1.0935497029e-02 2.1433574177e-02 2.3207274423e-01 2.7493989258e-01
4.7910971615e+04 2.4103550000e-01 2.5343027683e-01 1.3918953967e-01 1.0868877013e-02 2.1302998945e-02 2.3212727788e-01 2.7473327577e-01
4.7911489448e+04 2.0808270000e-01 2.5315544303e-01 1.3880916028e-01 1.0806278472e-02 2.1180305805e-02 2.3197513722e-01 2.7433574884e-01
4.7912081791e+04 2.4780600000e-01 2.5312321747e-01 1.3838850630e-01 1.0741031191e-02 2.1052421135e-02 2.3207079633e-01 2.7417563860e-01
4.7912621489e+04 2.3024180000e-01 2.5298620299e-01 1.3798233668e-01 1.0677393780e-02 2.0927691810e-02 2.3205851118e-01 2.7391389480e-01
4.7913389345e+04 4.3055130000e-01 2.5404313809e-01 1.3824498606e-01 1.0665832232e-02 2.0905031175e-02 2.3313810692e-01 2.7494816927e-01
4.7914443742e+04 3.8925190000e-01 2.5484318994e-01 1.3822246608e-01 1.0632497391e-02 2.0839694886e-02 2.3400349505e-01 2.7568288483e-01
4.7914978088e+04 3.4377060000e-01 2.5536629235e-01 1.3798059514e-01 1.0582628561e-02 2.0741951980e-02 2.3462434037e-01 2.7610824433e-01
4.7915493851e+04 2.3632600000e-01 2.5525494561e-01 1.3758183123e-01 1.0521145593e-02 2.0621445362e-02 2.3463350025e-01 2.7587639098e-01
4.7916155172e+04 3.0951460001e-01 2.5557040872e-01 1.3724096758e-01 1.0464525673e-02 2.0510470320e-02 2.3505993840e-01 2.7608087904e-01
4.7916676104e+04 2.6235210000e-01 2.5560960925e-01 1.3684239545e-01 1.0403934670e-02 2.0391711953e-02 2.3521789730e-01 2.7600132120e-01
4.7917314279e+04 3.3888120000e-01 2.5608818161e-01 1.3659144112e-01 1.0354970428e-02 2.0295742039e-02 2.3579243957e-01 2.7638392365e-01
4.7917732602e+04 1.9752760000e-01 2.5575354971e-01 1.3626988161e-01 1.0301034798e-02 2.0190028204e-02 2.3556352151e-01 2.7594357792e-01
4.7918309917e+04 2.1693580000e-01 2.5553299432e-01 1.3591130246e-01 1.0244699887e-02 2.0079611778e-02 2.3545338254e-01 2.7561260610e-01
4.7918899472e+04 2.4833040000e-01 2.5549230169e-01 1.3552571600e-01 1.0186736612e-02 1.9966003760e-02 2.3552629793e-01 2.7545830545e-01
4.7919481422e+04 2.6602069999e-01 2.5555145000e-01 1.3514462377e-01 1.0129517811e-02 1.9853854909e-02 2.3569759509e-01 2.7540530491e-01
4.7920040282e+04 2.3010009999e-01 2.5540926369e-01 1.3477782020e-01 1.0073767254e-02 1.9744583818e-02 2.3566467987e-01 2.7515384751e-01
4.7920588150e+04 2.2931770000e-01 2.5526431056e-01 1.3441480973e-01 1.0018688391e-02 1.9636629247e-02 2.3562768131e-01 2.7490093980e-01
4.7921188678e+04 2.7235110000e-01 2.5535871271e-01 1.3404689879e-01 9.9636275192e-03 1.9528709938e-02 2.3583000277e-01 2.7488742264e-01
4.7921765258e+04 2.8882310000e-01 2.5554258297e-01 1.3369897718e-01 9.9104275473e-03 1.9424437993e-02 2.3611814497e-01 2.7496702096e-01
4.7922278608e+04 2.4476880000e-01 2.5548370984e-01 1.3333353196e-01 9.8562982956e-03 1.9318344659e-02 2.3616536518e-01 2.7480205450e-01
4.7922907323e+04 2.6407810000e-01 2.5553041848e-01 1.3297023494e-01 9.8026957748e-03 1.9213283719e-02 2.3631713476e-01 2.7474370220e-01
4.7923496125e+04 2.8748930000e-01 2.5570316919e-01 1.3262911299e-01 9.7510863183e-03 1.9112129184e-02 2.3659104000e-01 2.7481529837e-01
4.7924176150e+04 3.7020670000e-01 2.5631877957e-01 1.3253493318e-01 9.7179327953e-03 1.9047148279e-02 2.3727163129e-01 2.7536592785e-01
4.7924870146e+04 4.8817960000e-01 2.5755867701e-01 1.3325545612e-01 9.7446040427e-03 1.9099423924e-02 2.3845925308e-01 2.7665810093e-01
4.7925259422e+04 2.9842860000e-01 2.5777607021e-01 1.3293192567e-01 9.6950571038e-03 1.9002311924e-02 2.3877375829e-01 2.7677838214e-01
4.7925775669e+04 2.6297220000e-01 2.5780356296e-01 1.3257844783e-01 9.6436630591e-03 1.8901579596e-02 2.3890198337e-01 2.7670514256e-01
4.7926329909e+04 2.4417640000e-01 2.5773184105e-01 1.3223092231e-01 9.5930393667e-03 1.8802357159e-02 2.3892948389e-01 2.7653419821e-01
4.7926890693e+04 2.4274330000e-01 2.5765336702e-01 1.3188692302e-01 9.5430028268e-03 1.8704285541e-02 2.3894908147e-01 2.7635765256e-01
4.7927456108e+04 2.5123050000e-01 2.5761991458e-01 1.3154202865e-01 9.4932282067e-03 1.8606727285e-02 2.3901318730e-01 2.7622664187e-01
4.7928228440e+04 4.5512319999e-01 2.5864324767e-01 1.3196305679e-01 9.4989086792e-03 1.8617861011e-02 2.4002538666e-01 2.7726110868e-01
4.7928638806e+04 3.0077980000e-01 2.5886044639e-01 1.3165532242e-01 9.4523012854e-03 1.8526510519e-02 2.4033393587e-01 2.7738695691e-01
4.7929149014e+04 2.5048600000e-01 2.5881750051e-01 1.3131692855e-01 9.4038005750e-03 1.8431449127e-02 2.4038605139e-01 2.7724894964e-01
4.7929744027e+04 2.7835690000e-01 2.5891719133e-01 1.3098718342e-01 9.3562273870e-03 1.8338205678e-02 2.4057898565e-01 2.7725539700e-01
4.7930347053e+04 2.9370740000e-01 2.5909379137e-01 1.3067599624e-01 9.3102792364e-03 1.8248147303e-02 2.4084564407e-01 2.7734193867e-01
4.7930880953e+04 2.7364040000e-01 2.5916725909e-01 1.3034798810e-01 9.2634281464e-03 1.8156319167e-02 2.4101093992e-01 2.7732357826e-01
4.7931404318e+04 2.4236800000e-01 2.5908284070e-01 1.3002383605e-01 9.2171453580e-03 1.8065604902e-02 2.4101723580e-01 2.7714844560e-01
4.7931948017e+04 2.3069790000e-01 2.5894091600e-01 1.2971218352e-01 9.1720364573e-03 1.7977191456e-02 2.4096372454e-01 2.7691810746e-01
4.7932517975e+04 2.2078830000e-01 2.5875110199e-01 1.2941533979e-01 9.1282542548e-03 1.7891378339e-02 2.4085972365e-01 2.7664248033e-01
4.7933087470e+04 2.4184170000e-01 2.5866739208e-01 1.2909846484e-01 9.0833362893e-03 1.7803339127e-02 2.4086405295e-01 2.7647073121e-01
4.7933800178e+04 3.8772900000e-01 2.5930316355e-01 1.2909514363e-01 9.0607028157e-03 1.7758977519e-02 2.4154418603e-01 2.7706214107e-01
4.7934805298e+04 7.9262119999e-01 2.6191746765e-01 1.3405551357e-01 9.3857632900e-03 1.8396096048e-02 2.4352137160e-01 2.8031356370e-01
4.7935076280e+04 2.9214700000e-01 2.6206492878e-01 1.3374312730e-01 9.3410251960e-03 1.8308409384e-02 2.4375651940e-01 2.8037333816e-01
4.7935588912e+04 2.4092850000e-01 2.6196232476e-01 1.3342461356e-01 9.2961333189e-03 1.8220421305e-02 2.4374190345e-01 2.8018274606e-01
4.7936181534e+04 2.6527200000e-01 2.6197831353e-01 1.3310057127e-01 9.2511292095e-03 1.8132213251e-02 2.4384610028e-01 2.8011052678e-01
4.7936737376e+04 2.4698159999e-01 2.6190621394e-01 1.3278273509e-01 9.2068261514e-03 1.8045379257e-02 2.4386083469e-01 2.7995159320e-01
4.7937305061e+04 2.5572620000e-01 2.6187664450e-01 1.3246384773e-01 9.1627159416e-03 1.7958923246e-02 2.4391772125e-01 2.7983556774e-01
4.7937814717e+04 2.1564240001e-01 2.6165648143e-01 1.3218489397e-01 9.1216242795e-03 1.7878383588e-02 2.4377809784e-01 2.7953486502e-01
4.7938390125e+04 2.3934280000e-01 2.6155072938e-01 1.3187869691e-01 9.0789039097e-03 1.7794651663e-02 2.4375607772e-01 2.7934538105e-01
4.7938954343e+04 2.5540859999e-01 2.6152175708e-01 1.3156649009e-01 9.0360236377e-03 1.7710606330e-02 2.4381115075e-01 2.7923236341e-01
4.7939519219e+04 2.7776300000e-01 2.6159800704e-01 1.3126052023e-01 8.9938226509e-03 1.7627892396e-02 2.4397011465e-01 2.7922589944e-01
4.7940184198e+04 2.6790160000e-01 2.6162746308e-01 1.3095274009e-01 8.9517450230e-03 1.7545420245e-02 2.4408204284e-01 2.7917288333e-01
4.7940768946e+04 2.7751050000e-01 2.6170133767e-01 1.3065088707e-01 8.9103165432e-03 1.7464220425e-02 2.4423711725e-01 2.7916555810e-01
4.7941410097e+04 3.6904350000e-01 2.6219829213e-01 1.3055021162e-01 8.8828167857e-03 1.7410320900e-02 2.4478797123e-01 2.7960861303e-01
4.7942015189e+04 3.5161970000e-01 2.6261037235e-01 1.3038839022e-01 8.8513406790e-03 1.7348627731e-02 2.4526174462e-01 2.7995900008e-01
4.7942666644e+04 3.3489470000e-01 2.6294195183e-01 1.3017927687e-01 8.8168531612e-03 1.7281032196e-02 2.4566091964e-01 2.8022298403e-01
4.7943120238e+04 2.3642830000e-01 2.6282088493e-01 1.2989265759e-01 8.7773323914e-03 1.7203571487e-02 2.4561731344e-01 2.8002445642e-01
4.7943763520e+04 3.0879730000e-01 2.6302986864e-01 1.2963265630e-01 8.7398319049e-03 1.7130070534e-02 2.4589979810e-01 2.8015993917e-01
4.7944374736e+04 3.4159790000e-01 2.6338538009e-01 1.2944514809e-01 8.7074229436e-03 1.7066548969e-02 2.4631883112e-01 2.8045192906e-01
4.7945026998e+04 3.3794650000e-01 2.6372124099e-01 1.2924842944e-01 8.6745866045e-03 1.7002189745e-02 2.4671905125e-01 2.8072343074e-01
4.7945528625e+04 2.2798250000e-01 2.6356097758e-01 1.2897910679e-01 8.6370798264e-03 1.6928676460e-02 2.4663230112e-01 2.8048965404e-01
4.7946095315e+04 2.4040420000e-01 2.6345759911e-01 1.2869885029e-01 8.5990536401e-03 1.6854145135e-02 2.4660345397e-01 2.8031174424e-01
4.7946805429e+04 3.2444480000e-01 2.6372865333e-01 1.2847531946e-01 8.5650212972e-03 1.6787441743e-02 2.4694121159e-01 2.8051609508e-01
4.7947363939e+04 2.6638600000e-01 2.6374041150e-01 1.2818962215e-01 8.5270468249e-03 1.6713011777e-02 2.4702739973e-01 2.8045342328e-01
4.7947887249e+04 2.2036790000e-01 2.6354934317e-01 1.2793795100e-01 8.4915400517e-03 1.6643418501e-02 2.4690592467e-01 2.8019276167e-01
4.7948495340e+04 2.7647530000e-01 2.6360603596e-01 1.2765869594e-01 8.4544036714e-03 1.6570631196e-02 2.4703540477e-01 2.8017666716e-01
4.7949124231e+04 3.1539520000e-01 2.6383218952e-01 1.2742420047e-01 8.4204281817e-03 1.6504039236e-02 2.4732815028e-01 2.8033622876e-01
4.7949638975e+04 2.5573680001e-01 2.6379699217e-01 1.2714679293e-01 8.3838112510e-03 1.6432270052e-02 2.4736472212e-01 2.8022926223e-01
4.7950181430e+04 2.0492270000e-01 2.6354212511e-01 1.2692895186e-01 8.3513119018e-03 1.6368571328e-02 2.4717355378e-01 2.7991069644e-01
4.7950803802e+04 2.6745520000e-01 2.6355899181e-01 1.2665417532e-01 8.3152539843e-03 1.6297897809e-02 2.4726109400e-01 2.7985688962e-01
4.7951389174e+04 2.5041779999e-01 2.6350259185e-01 1.2638383860e-01 8.2796805571e-03 1.6228173892e-02 2.4727441795e-01 2.7973076574e-01
4.7951958027e+04 2.6175940000e-01 2.6349514231e-01 1.2611238829e-01 8.2442247282e-03 1.6158680467e-02 2.4733646184e-01 2.7965382277e-01
4.7952520048e+04 2.6129410000e-01 2.6348577617e-01 1.2584271042e-01 8.2090732798e-03 1.6089783628e-02 2.4739599254e-01 2.7957555980e-01
4.7953089494e+04 2.7229590000e-01 2.6352310720e-01 1.2557597851e-01 8.1742999440e-03 1.6021627890e-02 2.4750147931e-01 2.7954473509e-01
4.7954036367e+04 6.4876870000e-01 2.6514861603e-01 1.2777356939e-01 8.2997852227e-03 1.6267579037e-02 2.4888103700e-01 2.8141619507e-01
4.7954510526e+04 3.6896070000e-01 2.6558480126e-01 1.2768041995e-01 8.2762923638e-03 1.6221533033e-02 2.4936326823e-01 2.8180633429e-01
4.7955123618e+04 3.7820290001e-01 2.6605600669e-01 1.2761910848e-01 8.2549938859e-03 1.6179788016e-02 2.4987621868e-01 2.8223579471e-01
4.7955648607e+04 3.0260400000e-01 2.6620829000e-01 1.2737360160e-01 8.2219306290e-03 1.6114984033e-02 2.5009330597e-01 2.8232327403e-01
4.7956171277e+04 2.4169270000e-01 2.6610656556e-01 1.2711773176e-01 8.1883729247e-03 1.6049210932e-02 2.5005735463e-01 2.8215577649e-01
4.7956760766e+04 2.7148490000e-01 2.6612879008e-01 1.2685419707e-01 8.1544966335e-03 1.5982813402e-02 2.5014597668e-01 2.8211160348e-01
4.7957284998e+04 2.3603690000e-01 2.6600495514e-01 1.2660648716e-01 8.1218099380e-03 1.5918747479e-02 2.5008620767e-01 2.8192370262e-01
4.7957864657e+04 2.5544620000e-01 2.6596168156e-01 1.2634751219e-01 8.0885706241e-03 1.5853598423e-02 2.5010808313e-01 2.8181527998e-01
4.7958384685e+04 2.1745150000e-01 2.6576368082e-01 1.2612626495e-01 8.0579114906e-03 1.5793506522e-02 2.4997017429e-01 2.8155718734e-01
4.7959064374e+04 3.2322540000e-01 2.6599726504e-01 1.2592169139e-01 8.0284738097e-03 1.5735808667e-02 2.5026145637e-01 2.8173307371e-01
4.7959593812e+04 2.8468560000e-01 2.6607292632e-01 1.2567109544e-01 7.9962603173e-03 1.5672670222e-02 2.5040025609e-01 2.8174559654e-01
4.7960156771e+04 2.5786340000e-01 2.6603982339e-01 1.2541752155e-01 7.9640205827e-03 1.5609480342e-02 2.5043034304e-01 2.8164930373e-01
4.7960753729e+04 2.7737960000e-01 2.6608536466e-01 1.2516646293e-01 7.9321022912e-03 1.5546920491e-02 2.5053844417e-01 2.8163228515e-01
4.7961346019e+04 2.9879980000e-01 2.6621622240e-01 1.2493193751e-01 7.9013895005e-03 1.5486723421e-02 2.5072949898e-01 2.8170294582e-01
4.7961847815e+04 2.3898569999e-01 2.6610773426e-01 1.2469362242e-01 7.8705916574e-03 1.5426359649e-02 2.5068137461e-01 2.8153409391e-01
4.7962453242e+04 2.4044010000e-01 2.6600587857e-01 1.2445544295e-01 7.8399559845e-03 1.5366313730e-02 2.5063956484e-01 2.8137219230e-01
4.7963037762e+04 2.6081820000e-01 2.6598537391e-01 1.2420868859e-01 7.8089333460e-03 1.5305509358e-02 2.5067986455e-01 2.8129088327e-01
4.7963615823e+04 2.8181540000e-01 2.6604769685e-01 1.2396693741e-01 7.7783774522e-03 1.5245619806e-02 2.5080207704e-01 2.8129331666e-01
4.7964284031e+04 3.5625620000e-01 2.6640145569e-01 1.2385106105e-01 7.7558542909e-03 1.5201474410e-02 2.5119998128e-01 2.8160293010e-01
4.7964849980e+04 3.3319050000e-01 2.6666235039e-01 1.2367816659e-01 7.7298854117e-03 1.5150575407e-02 2.5151177498e-01 2.8181292580e-01
4.7965380312e+04 2.6243210000e-01 2.6664589027e-01 1.2343665226e-01 7.6997668168e-03 1.5091542961e-02 2.5155434731e-01 2.8173743323e-01
4.7965897812e+04 2.2434900000e-01 2.6648194884e-01 1.2322429975e-01 7.6716098107e-03 1.5036355229e-02 2.5144559361e-01 2.8151830407e-01
4.7966557065e+04 2.8868360000e-01 2.6656766950e-01 1.2299296827e-01 7.6424111913e-03 1.4979125935e-02 2.5158854356e-01 2.8154679543e-01
4.7967064974e+04 2.3133569999e-01 2.6643216192e-01 1.2277467015e-01 7.6141618134e-03 1.4923757154e-02 2.5150840477e-01 2.8135591908e-01
4.7967648568e+04 2.6164760000e-01 2.6641383027e-01 1.2253869407e-01 7.5849547449e-03 1.4866511300e-02 2.5154731897e-01 2.8128034157e-01
4.7968232668e+04 2.9793280000e-01 2.6653413168e-01 1.2231916166e-01 7.5569030445e-03 1.4811529967e-02 2.5172260171e-01 2.8134566165e-01
4.7968778564e+04 2.6051599999e-01 2.6651124905e-01 1.2208606683e-01 7.5281493828e-03 1.4755172790e-02 2.5175607626e-01 2.8126642184e-01
4.7969415608e+04 3.2938400000e-01 2.6674940341e-01 1.2191493503e-01 7.5033455624e-03 1.4706557302e-02 2.5204284611e-01 2.8145596071e-01
4.7969912941e+04 2.6665790000e-01 2.6674905811e-01 1.2168381659e-01 7.4749774327e-03 1.4650955768e-02 2.5209810234e-01 2.8140001388e-01
4.7970488449e+04 2.6523760000e-01 2.6674337594e-01 1.2145404270e-01 7.4468251517e-03 1.4595777297e-02 2.5214759864e-01 2.8133915324e-01
4.7971067894e+04 2.7291840000e-01 2.6676650337e-01 1.2122611748e-01 7.4189179078e-03 1.4541079099e-02 2.5222542427e-01 2.8130758247e-01
4.7971618812e+04 2.5469310000e-01 2.6672145336e-01 1.2100112849e-01 7.3913203168e-03 1.4486987821e-02 2.5223446554e-01 2.8120844118e-01
4.7972174998e+04 2.4618610000e-01 2.6664511375e-01 1.2078163483e-01 7.3641862468e-03 1.4433805044e-02 2.5221130871e-01 2.8107891880e-01
4.7972749083e+04 2.6188130000e-01 2.6662747000e-01 1.2055727192e-01 7.3368819225e-03 1.4380288568e-02 2.5224718143e-01 2.8100775857e-01
4.7973336438e+04 2.7473910000e-01 2.6665740221e-01 1.2033481574e-01 7.3098194787e-03 1.4327246178e-02 2.5233015604e-01 2.8098464839e-01
4.7974017986e+04 3.7485289999e-01 2.6705517978e-01 1.2029095533e-01 7.2937105091e-03 1.4295672598e-02 2.5275950718e-01 2.8135085238e-01
4.7974639957e+04 3.7287150000e-01 2.6744278535e-01 1.2023967930e-01 7.2772364430e-03 1.4263383428e-02 2.5317940192e-01 2.8170616878e-01
4.7975176594e+04 2.6505200000e-01 2.6743405985e-01 1.2001934466e-01 7.2506337734e-03 1.4211242196e-02 2.5322281766e-01 2.8164530205e-01
4.7975746118e+04 2.6917210000e-01 2.6744038000e-01 1.1980017674e-01 7.2242224738e-03 1.4159476049e-02 2.5328090395e-01 2.8159985605e-01
4.7976326568e+04 2.9019960000e-01 2.6752284094e-01 1.1958997827e-01 7.1984707774e-03 1.4109002724e-02 2.5341383822e-01 2.8163184367e-01
4.7976878794e+04 2.8206730000e-01 2.6757534801e-01 1.1937632031e-01 7.1726279369e-03 1.4058350756e-02 2.5351699726e-01 2.8163369877e-01
4.7977460276e+04 3.0719510000e-01 2.6771786511e-01 1.1918424997e-01 7.1481962913e-03 1.4010464731e-02 2.5370740038e-01 2.8172832984e-01
4.7978078599e+04 3.2645540000e-01 2.6792839391e-01 1.1902147013e-01 7.1256290298e-03 1.3966232898e-02 2.5396216101e-01 2.8189462680e-01
4.7978616475e+04 2.7256290000e-01 2.6794494571e-01 1.1880830020e-01 7.1001539715e-03 1.3916301784e-02 2.5402864393e-01 2.8186124750e-01
4.7979196437e+04 2.8744350000e-01 2.6801433559e-01 1.1860163657e-01 7.0751804670e-03 1.3867353715e-02 2.5414698187e-01 2.8188168930e-01
4.7979791356e+04 3.0092610000e-01 2.6813104397e-01 1.1840657700e-01 7.0510090514e-03 1.3819977741e-02 2.5431106623e-01 2.8195102171e-01
4.7980335098e+04 2.7363340000e-01 2.6815048693e-01 1.1819690077e-01 7.0260764558e-03 1.3771109853e-02 2.5437937707e-01 2.8192159678e-01
4.7980850928e+04 2.4268980000e-01 2.6806083662e-01 1.1799752592e-01 7.0018649738e-03 1.3723655349e-02 2.5433718127e-01 2.8178449197e-01
4.7981464248e+04 3.0321000000e-01 2.6818416702e-01 1.1780793590e-01 6.9783398620e-03 1.3677546130e-02 2.5450662089e-01 2.8186171315e-01
4.7982008984e+04 2.6810680000e-01 2.6818389650e-01 1.1760107378e-01 6.9538972707e-03 1.3629638651e-02 2.5455425785e-01 2.8181353515e-01
4.7982608024e+04 2.9132440000e-01 2.6826452544e-01 1.1740321614e-01 6.9300927285e-03 1.3582981748e-02 2.5468154369e-01 2.8184750718e-01
4.7983115110e+04 2.2281700000e-01 2.6810672153e-01 1.1722898903e-01 6.9077844247e-03 1.3539257472e-02 2.5456746405e-01 2.8164597900e-01
4.7984245384e+04 3.3185970000e-01 2.6832732007e-01 1.1708515506e-01 6.8873620621e-03 1.3499229642e-02 2.5482809043e-01 2.8182654971e-01
4.7984902794e+04 3.7771310000e-01 2.6870451241e-01 1.1705816923e-01 6.8738923830e-03 1.3472829071e-02 2.5523168334e-01 2.8217734148e-01
4.7985460238e+04 3.2829020000e-01 2.6890927423e-01 1.1690818420e-01 6.8532791290e-03 1.3432427093e-02 2.5547684713e-01 2.8234170132e-01
4.7985975196e+04 2.6487880000e-01 2.6889547123e-01 1.1670737569e-01 6.8297825683e-03 1.3386373834e-02 2.5550909740e-01 2.8228184507e-01
4.7986518003e+04 2.4911770000e-01 2.6882797031e-01 1.1651307253e-01 6.8067663764e-03 1.3341262098e-02 2.5548670821e-01 2.8216923240e-01
4.7987124546e+04 2.9042410000e-01 2.6890142653e-01 1.1632087077e-01 6.7839709483e-03 1.3296583059e-02 2.5560484347e-01 2.8219800959e-01
4.7987698585e+04 2.8871160000e-01 2.6896857966e-01 1.1612858615e-01 6.7612676880e-03 1.3252084668e-02 2.5571649499e-01 2.8222066433e-01
4.7988297655e+04 2.7150410000e-01 2.6897714561e-01 1.1593168431e-01 6.7383922780e-03 1.3207248865e-02 2.5576989674e-01 2.8218439447e-01
4.7988878522e+04 2.8919740000e-01 2.6904522727e-01 1.1574161520e-01 6.7160096901e-03 1.3163378993e-02 2.5588184828e-01 2.8220860626e-01
4.7989460993e+04 2.9845270000e-01 2.6914391007e-01 1.1555911464e-01 6.6941597746e-03 1.3120553158e-02 2.5602335691e-01 2.8226446322e-01
4.7990074223e+04 3.2709940000e-01 2.6933774114e-01 1.1541357461e-01 6.6745393551e-03 1.3082097136e-02 2.5625564400e-01 2.8241983827e-01
4.7990618787e+04 2.5912780000e-01 2.6930370800e-01 1.1522191652e-01 6.6523404522e-03 1.3038587286e-02 2.5626512071e-01 2.8234229529e-01
4.7991209227e+04 2.8895980000e-01 2.6936901063e-01 1.1503528043e-01 6.6305233339e-03 1.2995825734e-02 2.5637318490e-01 2.8236483637e-01
4.7991780900e+04 2.9584160000e-01 2.6945666821e-01 1.1485410199e-01 6.6091108958e-03 1.2953857356e-02 2.5650281086e-01 2.8241052557e-01
4.7992316596e+04 2.6766000000e-01 2.6945073861e-01 1.1466383482e-01 6.5872651956e-03 1.2911039783e-02 2.5653969883e-01 2.8236177840e-01
4.7992898183e+04 2.6985290000e-01 2.6945206151e-01 1.1447446651e-01 6.5655609360e-03 1.2868499434e-02 2.5658356208e-01 2.8232056095e-01
4.7993450403e+04 2.5512950000e-01 2.6940510229e-01 1.1428896387e-01 6.5441670345e-03 1.2826567388e-02 2.5657853491e-01 2.8223166968e-01
4.7994134571e+04 3.5414650000e-01 2.6968203497e-01 1.1420390585e-01 6.5286027570e-03 1.2796061404e-02 2.5688597356e-01 2.8247809637e-01
4.7995045437e+04 6.7780730000e-01 2.7101143322e-01 1.1636452713e-01 6.6412743503e-03 1.3016897727e-02 2.5799453550e-01 2.8402833095e-01
4.7995419522e+04 3.9950910000e-01 2.7142863344e-01 1.1640460406e-01 6.6327678908e-03 1.3000225066e-02 2.5842840838e-01 2.8442885851e-01
4.7995846189e+04 2.5645320000e-01 2.7138016926e-01 1.1621859430e-01 6.6114448334e-03 1.2958431874e-02 2.5842173738e-01 2.8433860113e-01
4.7996432563e+04 2.8279640000e-01 2.7141699581e-01 1.1603219175e-01 6.5901856458e-03 1.2916763866e-02 2.5850023194e-01 2.8433375967e-01
4.7997007641e+04 2.6430510000e-01 2.7139412797e-01 1.1584559157e-01 6.5690008358e-03 1.2875241638e-02 2.5851888634e-01 2.8426936961e-01
4.7997613676e+04 2.8283970000e-01 2.7143081250e-01 1.1566100399e-01 6.5480149281e-03 1.2834109259e-02 2.5859670324e-01 2.8426492176e-01
4.7998196709e+04 3.0421590000e-01 2.7153555719e-01 1.1549032183e-01 6.5278989463e-03 1.2794681935e-02 2.5874087525e-01 2.8433023912e-01
4.7998715449e+04 2.5233170000e-01 2.7147439841e-01 1.1531076149e-01 6.5073627374e-03 1.2754430965e-02 2.5871996744e-01 2.8422882937e-01
4.7999319748e+04 2.7796540000e-01 2.7149500476e-01 1.1512757827e-01 6.4867041739e-03 1.2713940181e-02 2.5878106458e-01 2.8420894494e-01
4.7999914762e+04 3.1179760000e-01 2.7162254462e-01 1.1496697729e-01 6.4673977578e-03 1.2676099605e-02 2.5894644501e-01 2.8429864423e-01
4.8000496697e+04 3.3239520000e-01 2.7181425647e-01 1.1483550286e-01 6.4498044178e-03 1.2641616659e-02 2.5917263981e-01 2.8445587313e-01
4.8000984118e+04 2.4380470000e-01 2.7172617610e-01 1.1466495574e-01 6.4300914229e-03 1.2602979189e-02 2.5912319691e-01 2.8432915529e-01
4.8001567614e+04 2.5995210000e-01 2.7168926677e-01 1.1448641496e-01 6.4100086341e-03 1.2563616923e-02 2.5912564985e-01 2.8425288369e-01
4.8002153366e+04 2.8329920000e-01 2.7172554781e-01 1.1430866504e-01 6.3900486362e-03 1.2524495327e-02 2.5920105249e-01 2.8425004314e-01
4.8002679433e+04 2.4029700000e-01 2.7162763956e-01 1.1414335596e-01 6.3708608724e-03 1.2486887310e-02 2.5914075225e-01 2.8411452687e-01
4.8003286361e+04 2.7823430000e-01 2.7164815714e-01 1.1396601675e-01 6.3510778108e-03 1.2448112509e-02 2.5920004463e-01 2.8409626965e-01
4.8003967528e+04 3.5966430001e-01 2.7192065294e-01 1.1389392679e-01 6.3372276071e-03 1.2420966110e-02 2.5949968683e-01 2.8434161905e-01
4.8004663121e+04 4.7236960000e-01 2.7253932253e-01 1.1425976992e-01 6.3477649953e-03 1.2441619391e-02 2.6009770314e-01 2.8498094192e-01
4.8005109935e+04 3.2662240000e-01 2.7270573200e-01 1.1412262328e-01 6.3303841529e-03 1.2407552940e-02 2.6029817906e-01 2.8511328494e-01
4.8005676105e+04 2.9844230000e-01 2.7278467853e-01 1.1395580267e-01 6.3114281782e-03 1.2370399229e-02 2.6041427930e-01 2.8515507776e-01
4.8006217671e+04 2.8459720000e-01 2.7282080245e-01 1.1378275900e-01 6.2922009504e-03 1.2332713863e-02 2.6048808858e-01 2.8515351631e-01
4.8006726437e+04 2.4095410000e-01 2.7272364787e-01 1.1362222938e-01 6.2737380934e-03 1.2296526663e-02 2.6042712120e-01 2.8502017453e-01
4.8007305400e+04 2.4558560000e-01 2.7264116140e-01 1.1345872791e-01 6.2551821526e-03 1.2260157019e-02 2.6038100438e-01 2.8490131842e-01
4.8007887459e+04 2.7407240000e-01 2.7264549848e-01 1.1328619432e-01 6.2361997516e-03 1.2222951513e-02 2.6042254697e-01 2.8486845000e-01
4.8008614369e+04 3.3499980000e-01 2.7283388006e-01 1.1316617228e-01 6.2201753769e-03 1.2191543739e-02 2.6064233632e-01 2.8502542380e-01
4.8009202498e+04 3.2588549999e-01 2.7299367410e-01 1.1303248987e-01 6.2034638026e-03 1.2158789053e-02 2.6083488504e-01 2.8515246315e-01
4.8009764189e+04 2.8987120000e-01 2.7304435736e-01 1.1286591001e-01 6.1850137689e-03 1.2122626987e-02 2.6092173037e-01 2.8516698434e-01
4.8010312502e+04 2.8082190000e-01 2.7306764341e-01 1.1269711537e-01 6.1665117938e-03 1.2086363116e-02 2.6098128030e-01 2.8515400653e-01
4.8010884866e+04 2.8061620001e-01 2.7309017642e-01 1.1252903416e-01 6.1481179086e-03 1.2050311101e-02 2.6103986532e-01 2.8514048752e-01
4.8011485787e+04 3.2134780000e-01 2.7323380030e-01 1.1239170118e-01 6.1314699780e-03 1.2017681157e-02 2.6121611914e-01 2.8525148145e-01
4.8011995231e+04 2.6518320000e-01 2.7320991128e-01 1.1222518131e-01 6.1132951676e-03 1.1982058528e-02 2.6122785275e-01 2.8519196980e-01
4.8012548549e+04 2.5835430000e-01 2.7316595976e-01 1.1206145608e-01 6.0953396539e-03 1.1946865722e-02 2.6121909404e-01 2.8511282548e-01
4.8013129974e+04 2.7561140000e-01 2.7317317345e-01 1.1189564049e-01 6.0773369713e-03 1.1911580464e-02 2.6126159299e-01 2.8508475391e-01
4.8013729692e+04 3.1019020000e-01 2.7328204706e-01 1.1174846155e-01 6.0604112314e-03 1.1878406014e-02 2.6140364105e-01 2.8516045307e-01
4.8014493068e+04 4.5673950000e-01 2.7382004545e-01 1.1202410655e-01 6.0664454870e-03 1.1890233154e-02 2.6192981230e-01 2.8571027861e-01
4.8015067767e+04 4.1767559999e-01 2.7424067573e-01 1.1212908525e-01 6.0632465199e-03 1.1883963179e-02 2.6235671255e-01 2.8612463891e-01
4.8015615213e+04 3.5582820000e-01 2.7447854023e-01 1.1205141230e-01 6.0502075712e-03 1.1858406840e-02 2.6262013339e-01 2.8633694707e-01
4.8016155005e+04 3.3617649999e-01 2.7465789477e-01 1.1193724861e-01 6.0352519713e-03 1.1829093864e-02 2.6282880090e-01 2.8648698863e-01
4.8016702963e+04 3.0988160000e-01 2.7475999246e-01 1.1179047006e-01 6.0185965901e-03 1.1796449317e-02 2.6296354315e-01 2.8655644178e-01
4.8017287887e+04 3.1725660000e-01 2.7488281503e-01 1.1165164642e-01 6.0024296978e-03 1.1764762208e-02 2.6311805282e-01 2.8664757724e-01
4.8017871728e+04 3.2835570000e-01 2.7503691556e-01 1.1152702560e-01 5.9870844272e-03 1.1734685477e-02 2.6330223008e-01 2.8677160104e-01
4.8018478222e+04 3.3487380001e-01 2.7520886063e-01 1.1141225853e-01 5.9723239452e-03 1.1705754933e-02 2.6350310570e-01 2.8691461556e-01
4.8019017097e+04 3.0154209999e-01 2.7528431404e-01 1.1126097221e-01 5.9556632981e-03 1.1673100064e-02 2.6361121398e-01 2.8695741410e-01
4.8019607480e+04 3.0732540000e-01 2.7537586000e-01 1.1111462038e-01 5.9393262876e-03 1.1641079524e-02 2.6373478048e-01 2.8701693952e-01
4.8020174112e+04 2.8383180000e-01 2.7539995100e-01 1.1095668703e-01 5.9224298157e-03 1.1607962439e-02 2.6379198856e-01 2.8700791344e-01
4.8020749970e+04 2.8045680000e-01 2.7541431705e-01 1.1079884324e-01 5.9055981876e-03 1.1574972448e-02 2.6383934460e-01 2.8698928949e-01
4.8021325513e+04 2.9259210000e-01 2.7546297932e-01 1.1064511338e-01 5.8890451703e-03 1.1542528534e-02 2.6392045079e-01 2.8700550785e-01
4.8021852581e+04 2.5112570000e-01 2.7539422994e-01 1.1049583118e-01 5.8727871680e-03 1.1510662849e-02 2.6388356709e-01 2.8690489279e-01
4.8022453695e+04 2.8759810000e-01 2.7542860704e-01 1.1034154898e-01 5.8563213545e-03 1.1478389855e-02 2.6395021719e-01 2.8690699690e-01
4.8023019026e+04 2.7533950000e-01 2.7542835674e-01 1.1018602885e-01 5.8398478494e-03 1.1446101785e-02 2.6398225496e-01 2.8687445853e-01
4.8023679203e+04 3.5485290000e-01 2.7565083445e-01 1.1011120663e-01 5.8277030432e-03 1.1422297965e-02 2.6422853649e-01 2.8707313242e-01
4.8024371447e+04 4.7737850000e-01 2.7621431955e-01 1.1047112166e-01 5.8385802018e-03 1.1443617196e-02 2.6477070236e-01 2.8765793675e-01
4.8024969574e+04 4.4282990000e-01 2.7667842980e-01 1.1066567807e-01 5.8407110985e-03 1.1447793753e-02 2.6523063605e-01 2.8812622356e-01
4.8025453143e+04 3.6764820000e-01 2.7693112361e-01 1.1061510765e-01 5.8299280632e-03 1.1426659004e-02 2.6550446461e-01 2.8835778261e-01
4.8025981421e+04 3.2849170000e-01 2.7707395069e-01 1.1049460541e-01 5.8155055481e-03 1.1398390874e-02 2.6567555982e-01 2.8847234157e-01
4.8026565940e+04 3.3844660000e-01 2.7724348840e-01 1.1038846840e-01 5.8018890894e-03 1.1371702615e-02 2.6587178578e-01 2.8861519101e-01
4.8027066671e+04 2.7054390000e-01 2.7722503223e-01 1.1023645199e-01 5.7859132028e-03 1.1340389877e-02 2.6588464235e-01 2.8856542211e-01
4.8027664967e+04 2.8476110000e-01 2.7724573571e-01 1.1008521313e-01 5.7700329835e-03 1.1309264648e-02 2.6593647107e-01 2.8855500036e-01
4.8028241062e+04 2.9326650000e-01 2.7728962822e-01 1.0993708262e-01 5.7543699021e-03 1.1278565008e-02 2.6601106321e-01 2.8856819323e-01
4.8028839083e+04 2.8532340000e-01 2.7731157842e-01 1.0978718150e-01 5.7386679073e-03 1.1247789098e-02 2.6606378932e-01 2.8855936751e-01
4.8029473786e+04 3.3330240000e-01 2.7746414196e-01 1.0967593991e-01 5.7250374618e-03 1.1221073425e-02 2.6624306854e-01 2.8868521539e-01
4.8029993683e+04 2.7452620000e-01 2.7745615842e-01 1.0952652251e-01 5.7094646662e-03 1.1190550746e-02 2.6626560768e-01 2.8864670917e-01
4.8030584325e+04 2.9611710000e-01 2.7750673008e-01 1.0938191031e-01 5.6941948053e-03 1.1160621818e-02 2.6634610826e-01 2.8866735190e-01
4.8031134960e+04 2.7039760000e-01 2.7748751622e-01 1.0923421933e-01 5.6788166529e-03 1.1130480640e-02 2.6635703558e-01 2.8861799686e-01
4.8031707958e+04 2.7742270000e-01 2.7748734151e-01 1.0908650570e-01 5.6634891873e-03 1.1100438807e-02 2.6638690270e-01 2.8858778032e-01
4.8032287231e+04 3.0703040000e-01 2.7756675833e-01 1.0895012862e-01 5.6488010255e-03 1.1071650010e-02 2.6649510832e-01 2.8863840834e-01
4.8032827268e+04 2.6632180000e-01 2.7753661099e-01 1.0880514542e-01 5.6337168787e-03 1.1042085082e-02 2.6649452591e-01 2.8857869607e-01
4.8033443080e+04 3.1889670000e-01 2.7764719946e-01 1.0868018505e-01 5.6197185836e-03 1.1014648424e-02 2.6663255104e-01 2.8866184789e-01
4.8034112932e+04 3.9965600000e-01 2.7797255627e-01 1.0871702682e-01 5.6141231246e-03 1.1003681324e-02 2.6696887494e-01 2.8897623759e-01
4.8034783901e+04 4.6813300000e-01 2.7847830213e-01 1.0901280027e-01 5.6219059154e-03 1.1018935594e-02 2.6745936653e-01 2.8949723772e-01
4.8035251535e+04 3.3305690000e-01 2.7862307294e-01 1.0890392658e-01 5.6088375759e-03 1.0993321649e-02 2.6762975130e-01 2.8961639459e-01
4.8035781443e+04 2.7600730000e-01 2.7861615291e-01 1.0875947876e-01 5.5939839708e-03 1.0964208583e-02 2.6765194433e-01 2.8958036149e-01
4.8036381759e+04 3.0199620000e-01 2.7867784169e-01 1.0862214343e-01 5.5795447285e-03 1.0935907668e-02 2.6774193402e-01 2.8961374936e-01
4.8036955127e+04 3.1009510000e-01 2.7876051868e-01 1.0849068796e-01 5.5654548624e-03 1.0908291530e-02 2.6785222715e-01 2.8966881021e-01
4.8037513001e+04 3.0201910000e-01 2.7882156483e-01 1.0835437788e-01 5.5511629402e-03 1.0880279363e-02 2.6794128547e-01 2.8970184419e-01
4.8038107856e+04 3.3094060000e-01 2.7895800209e-01 1.0824485281e-01 5.5382884685e-03 1.0855045398e-02 2.6810295670e-01 2.8981304749e-01
4.8038620139e+04 2.6699700000e-01 2.7892677232e-01 1.0810480139e-01 5.5238973083e-03 1.0826838724e-02 2.6809993360e-01 2.8975361105e-01
4.8039337997e+04 4.1710750000e-01 2.7928661797e-01 1.0819301681e-01 5.5212017692e-03 1.0821555468e-02 2.6846506250e-01 2.9010817344e-01
4.8039895503e+04 3.5676960000e-01 2.7948787247e-01 1.0812399601e-01 5.5105090894e-03 1.0800597815e-02 2.6868727465e-01 2.9028847028e-01
4.8040448791e+04 3.3148170000e-01 2.7962257150e-01 1.0801582374e-01 5.4978606714e-03 1.0775806916e-02 2.6884676459e-01 2.9039837842e-01
4.8041033896e+04 3.2854750000e-01 2.7974899251e-01 1.0790440613e-01 5.4850892223e-03 1.0750774876e-02 2.6899821763e-01 2.9049976738e-01
4.8041555575e+04 2.6746160000e-01 2.7971732397e-01 1.0776670534e-01 5.4710255496e-03 1.0723210077e-02 2.6899411389e-01 2.9044053405e-01
4.8042147001e+04 2.8589230000e-01 2.7973319794e-01 1.0762819532e-01 5.4569661213e-03 1.0695653598e-02 2.6903754435e-01 2.9042885154e-01
4.8042724331e+04 2.9674039999e-01 2.7977680615e-01 1.0749320769e-01 5.4431301563e-03 1.0668535106e-02 2.6910827105e-01 2.9044534126e-01
4.8043301134e+04 3.0124280000e-01 2.7983170639e-01 1.0736078199e-01 5.4294681197e-03 1.0641757515e-02 2.6918994888e-01 2.9047346391e-01
4.8043975011e+04 3.7792210000e-01 2.8008193699e-01 1.0733750969e-01 5.4213629271e-03 1.0625871337e-02 2.6945606565e-01 2.9070780833e-01
4.8044611015e+04 4.1241540000e-01 2.8041866336e-01 1.0740761888e-01 5.4179976661e-03 1.0619275425e-02 2.6979938793e-01 2.9103793878e-01
4.8045204284e+04 3.5186120000e-01 2.8059998959e-01 1.0733109252e-01 5.4072623240e-03 1.0598234155e-02 2.7000175544e-01 2.9119822375e-01
4.8045766638e+04 3.4119050000e-01 2.8075338329e-01 1.0723803247e-01 5.3957309914e-03 1.0575632743e-02 2.7017775055e-01 2.9132901603e-01
4.8046335061e+04 3.2486019999e-01 2.8086476414e-01 1.0712507617e-01 5.3832376256e-03 1.0551145746e-02 2.7031361839e-01 2.9141590989e-01
4.8046886717e+04 3.0840940000e-01 2.8093414610e-01 1.0699864010e-01 5.3701078102e-03 1.0525411308e-02 2.7040873479e-01 2.9145955740e-01
4.8047414810e+04 2.6717870000e-01 2.8089958467e-01 1.0686601489e-01 5.3567092996e-03 1.0499150227e-02 2.7040043445e-01 2.9139873490e-01
4.8048017781e+04 3.0363690000e-01 2.8095657043e-01 1.0673773119e-01 5.3435702023e-03 1.0473397596e-02 2.7048317283e-01 2.9142996802e-01
4.8048594184e+04 3.1694010000e-01 2.8104652925e-01 1.0661903423e-01 5.3309517117e-03 1.0448665355e-02 2.7059786389e-01 2.9149519460e-01
4.8049145674e+04 3.0121680000e-01 2.8109682918e-01 1.0649042890e-01 5.3178782468e-03 1.0423041364e-02 2.7067378781e-01 2.9151987054e-01
4.8049729810e+04 3.1504200000e-01 2.8118126990e-01 1.0637100565e-01 5.3053035615e-03 1.0398394980e-02 2.7078287492e-01 2.9157966488e-01
4.8050354572e+04 3.5076450000e-01 2.8135393300e-01 1.0629501043e-01 5.2949316187e-03 1.0378065973e-02 2.7097586703e-01 2.9173199897e-01
4.8050953991e+04 3.6037700000e-01 2.8154953465e-01 1.0623564243e-01 5.2854207573e-03 1.0359424684e-02 2.7119010997e-01 2.9190895934e-01
4.8051509638e+04 3.4906370000e-01 2.8171623630e-01 1.0615697331e-01 5.2749824137e-03 1.0338965531e-02 2.7137727077e-01 2.9205520183e-01
4.8052054562e+04 3.0884900000e-01 2.8178306576e-01 1.0603436398e-01 5.2623971260e-03 1.0314298367e-02 2.7146876740e-01 2.9209736413e-01
4.8052602151e+04 2.8889200000e-01 2.8180053243e-01 1.0590428408e-01 5.2494804672e-03 1.0288981716e-02 2.7151155072e-01 2.9208951415e-01
4.8053149948e+04 2.8364210000e-01 2.8180504608e-01 1.0577413972e-01 5.2366002276e-03 1.0263736446e-02 2.7154130963e-01 2.9206878252e-01
4.8053878515e+04 4.3736310001e-01 2.8218538362e-01 1.0592339950e-01 5.2375750194e-03 1.0265647038e-02 2.7191973658e-01 2.9245103066e-01
4.8054428261e+04 3.8136760000e-01 2.8242729146e-01 1.0590688744e-01 5.2303683606e-03 1.0251521987e-02 2.7217576948e-01 2.9267881345e-01
4.8055112017e+04 4.6202280000e-01 2.8286426350e-01 1.0614706461e-01 5.2358485730e-03 1.0262263203e-02 2.7260200030e-01 2.9312652671e-01
4.8055620280e+04 3.8750540000e-01 2.8311824684e-01 1.0614281800e-01 5.2292813120e-03 1.0249391372e-02 2.7286885547e-01 2.9336763822e-01
4.8056212964e+04 3.7017350000e-01 2.8332903438e-01 1.0610022696e-01 5.2208508580e-03 1.0232867682e-02 2.7309616670e-01 2.9356190206e-01
4.8056765300e+04 3.4327840000e-01 2.8347383961e-01 1.0601255063e-01 5.2102326137e-03 1.0212055923e-02 2.7326178369e-01 2.9368589554e-01
4.8057294153e+04 2.9203730000e-01 2.8349447446e-01 1.0588527115e-01 5.1977035351e-03 1.0187498929e-02 2.7330697553e-01 2.9368197339e-01
4.8057928047e+04 3.3244049999e-01 2.8361213317e-01 1.0578477966e-01 5.1865255356e-03 1.0165590050e-02 2.7344654312e-01 2.9377772322e-01
4.8058523539e+04 3.3636370000e-01 2.8373863573e-01 1.0568905698e-01 5.1756153876e-03 1.0144206160e-02 2.7359442957e-01 2.9388284189e-01
4.8059060340e+04 3.1354780000e-01 2.8380994952e-01 1.0557229982e-01 5.1637099736e-03 1.0120871548e-02 2.7368907797e-01 2.9393082107e-01
4.8059615498e+04 2.8151460000e-01 2.8380447136e-01 1.0544600103e-01 5.1513742479e-03 1.0096693526e-02 2.7370777783e-01 2.9390116489e-01
4.8060217239e+04 3.0688990000e-01 2.8385943667e-01 1.0532610480e-01 5.1393876680e-03 1.0073199829e-02 2.7378623684e-01 2.9393263650e-01
4.8060883818e+04 3.6559630001e-01 2.8405358599e-01 1.0527585910e-01 5.1308314276e-03 1.0056429598e-02 2.7399715639e-01 2.9411001558e-01
4.8061401176e+04 2.9851370000e-01 2.8408785166e-01 1.0515310452e-01 5.1187730382e-03 1.0032795155e-02 2.7405505650e-01 2.9412064681e-01
4.8062010010e+04 3.3038800000e-01 2.8419730827e-01 1.0505250796e-01 5.1078277269e-03 1.0011342345e-02 2.7418596593e-01 2.9420865062e-01
4.8062952705e+04 6.9226120000e-01 2.8515972311e-01 1.0677893063e-01 5.1856432861e-03 1.0163860841e-02 2.7499586227e-01 2.9532358395e-01
4.8063142968e+04 3.2462180000e-01 2.8525257506e-01 1.0667007378e-01 5.1742586034e-03 1.0141546863e-02 2.7511102820e-01 2.9539412192e-01
4.8063744148e+04 3.5841400000e-01 2.8542431549e-01 1.0660331593e-01 5.1649475335e-03 1.0123297166e-02 2.7530101833e-01 2.9554761266e-01
4.8064416687e+04 4.2430610000e-01 2.8574956557e-01 1.0668952999e-01 5.1630682310e-03 1.0119613733e-02 2.7562995184e-01 2.9586917931e-01
4.8065029047e+04 4.3458090000e-01 2.8609730234e-01 1.0680651544e-01 5.1626877873e-03 1.0118868063e-02 2.7597843427e-01 2.9621617040e-01
4.8065500839e+04 3.1807110000e-01 2.8617183333e-01 1.0669281082e-01 5.1511774471e-03 1.0096307796e-02 2.7607552554e-01 2.9626814113e-01
4.8066074375e+04 3.3263639999e-01 2.8627989046e-01 1.0659188713e-01 5.1403172471e-03 1.0075021804e-02 2.7620486866e-01 2.9635491227e-01
4.8066648641e+04 3.1568920000e-01 2.8634812552e-01 1.0647727284e-01 5.1288297628e-03 1.0052506335e-02 2.7629561919e-01 2.9640063186e-01
4.8067248839e+04 3.4416390000e-01 2.8648195833e-01 1.0638996415e-01 5.1186895369e-03 1.0032631492e-02 2.7644932684e-01 2.9651458983e-01
4.8067816151e+04 3.4456380000e-01 2.8661609654e-01 1.0630332305e-01 5.1086116875e-03 1.0012878908e-02 2.7660321763e-01 2.9662897544e-01
4.8068353094e+04 2.8959940000e-01 2.8662297051e-01 1.0618059633e-01 5.0968317251e-03 9.9897901813e-03 2.7663318033e-01 2.9661276069e-01
4.8068967332e+04 3.1624620000e-01 2.8669106988e-01 1.0606768608e-01 5.0855562947e-03 9.9676903377e-03 2.7672337955e-01 2.9665876022e-01
4.8069594311e+04 3.5608580000e-01 2.8685023211e-01 1.0599769259e-01 5.0763688067e-03 9.9496828611e-03 2.7690054925e-01 2.9679991497e-01
4.8070377687e+04 4.7998030000e-01 2.8729217735e-01 1.0627746192e-01 5.0839404597e-03 9.9645233011e-03 2.7732765404e-01 2.9725670065e-01
4.8070883568e+04 3.7240540000e-01 2.8748649977e-01 1.0623348863e-01 5.0760324337e-03 9.9490235701e-03 2.7753747620e-01 2.9743552334e-01
4.8071439044e+04 3.4985920000e-01 2.8762857882e-01 1.0615380195e-01 5.0664445418e-03 9.9302313019e-03 2.7769834751e-01 2.9755881012e-01
4.8071963492e+04 3.1760520001e-01 2.8769670750e-01 1.0604243695e-01 5.0553748254e-03 9.9085346579e-03 2.7778817284e-01 2.9760524216e-01
4.8072550403e+04 3.3499530000e-01 2.8780396054e-01 1.0594575516e-01 5.0450359598e-03 9.8882704812e-03 2.7791569006e-01 2.9769223103e-01
4.8073153667e+04 3.3149660000e-01 2.8790281267e-01 1.0584592570e-01 5.0345772707e-03 9.8677714506e-03 2.7803504122e-01 2.9777058412e-01
4.8074232277e+04 8.1791680000e-01 2.8909923251e-01 1.0867704838e-01 5.1634023914e-03 1.0120268687e-02 2.7897896382e-01 2.9921950119e-01
4.8074804223e+04 6.5613640000e-01 2.8992589279e-01 1.0993985539e-01 5.2175146400e-03 1.0226328694e-02 2.7969956410e-01 3.0015222149e-01
4.8075199939e+04 4.6061840000e-01 2.9030947146e-01 1.1011301566e-01 5.2198575505e-03 1.0230920799e-02 2.8007855066e-01 3.0054039226e-01
4.8075696410e+04 3.4880260001e-01 2.9044062197e-01 1.1002401332e-01 5.2097880257e-03 1.0211184530e-02 2.8022943744e-01 3.0065180650e-01
4.8076254729e+04 3.4904390000e-01 2.9057172550e-01 1.0993546982e-01 5.1997692955e-03 1.0191547819e-02 2.8038017768e-01 3.0076327332e-01
4.8076764950e+04 2.9917530000e-01 2.9059092991e-01 1.0981318127e-01 5.1881851488e-03 1.0168842892e-02 2.8042208702e-01 3.0075977280e-01
4.8077342666e+04 2.9395170000e-01 2.9059841492e-01 1.0969066786e-01 5.1766226738e-03 1.0146180441e-02 2.8045223448e-01 3.0074459536e-01
4.8078119106e+04 4.7082810000e-01 2.9099892533e-01 1.0989662711e-01 5.1805766840e-03 1.0153930301e-02 2.8084499503e-01 3.0115285563e-01
4.8078623411e+04 3.7992860000e-01 2.9119610865e-01 1.0985411618e-01 5.1728283022e-03 1.0138743472e-02 2.8105736517e-01 3.0133485212e-01
4.8079138036e+04 3.3443790000e-01 2.9129177633e-01 1.0975106550e-01 5.1622558823e-03 1.0118021529e-02 2.8117375480e-01 3.0140979786e-01
4.8079747364e+04 3.4842430001e-01 2.9141789669e-01 1.0966237806e-01 5.1523879805e-03 1.0098680442e-02 2.8131921625e-01 3.0151657713e-01
4.8080328871e+04 3.5200650000e-01 2.9155135176e-01 1.0957809136e-01 5.1427546455e-03 1.0079799105e-02 2.8147155266e-01 3.0163115087e-01
4.8080913533e+04 3.7603280000e-01 2.9173702527e-01 1.0952881663e-01 5.1347901234e-03 1.0064188642e-02 2.8167283663e-01 3.0180121392e-01
4.8081437422e+04 3.3632510000e-01 2.9183480614e-01 1.0942826830e-01 5.1244481738e-03 1.0043918421e-02 2.8179088772e-01 3.0187872456e-01
4.8082033435e+04 3.5580059999e-01 2.9197477505e-01 1.0934907208e-01 5.1151338433e-03 1.0025662333e-02 2.8194911272e-01 3.0200043739e-01
4.8082584665e+04 3.3452400000e-01 2.9206767729e-01 1.0924742221e-01 5.1047967977e-03 1.0005401724e-02 2.8206227557e-01 3.0207307902e-01
4.8083158073e+04 3.4721810000e-01 2.9218783072e-01 1.0915838210e-01 5.0950769488e-03 9.9863508197e-03 2.8220147990e-01 3.0217418154e-01
4.8083717143e+04 3.5427740000e-01 2.9232280804e-01 1.0907774768e-01 5.0857762093e-03 9.9681213702e-03 2.8235468667e-01 3.0229092941e-01
4.8084395142e+04 4.4741870000e-01 2.9265924165e-01 1.0919778479e-01 5.0858478738e-03 9.9682618326e-03 2.8269097982e-01 3.0262750348e-01
4.8084992770e+04 4.5455490000e-01 2.9300966515e-01 1.0933846350e-01 5.0868856939e-03 9.9702959600e-03 2.8303936919e-01 3.0297996111e-01
4.8085483978e+04 3.4584390000e-01 2.9312377797e-01 1.0924760518e-01 5.0771667829e-03 9.9512468944e-03 2.8317253108e-01 3.0307502486e-01
4.8086111607e+04 3.9214230000e-01 2.9333717996e-01 1.0922612702e-01 5.0706956485e-03 9.9385634711e-03 2.8339861649e-01 3.0327574343e-01
4.8086667580e+04 3.5388440000e-01 2.9346738903e-01 1.0914440761e-01 5.0614507062e-03 9.9204433841e-03 2.8354694565e-01 3.0338783242e-01
4.8087156215e+04 2.6643840000e-01 2.9340938691e-01 1.0903415888e-01 5.0509098749e-03 9.8997833548e-03 2.8350960355e-01 3.0330917026e-01
4.8087804662e+04 3.5443630000e-01 2.9354006552e-01 1.0895363210e-01 5.0417728154e-03 9.8818747181e-03 2.8365819081e-01 3.0342194024e-01
4.8088357234e+04 3.2809450000e-01 2.9361389979e-01 1.0884861195e-01 5.0315288675e-03 9.8617965803e-03 2.8375210321e-01 3.0347569637e-01
4.8088946734e+04 3.1599150000e-01 2.9366161322e-01 1.0873715776e-01 5.0210154252e-03 9.8411902334e-03 2.8382042299e-01 3.0350280345e-01
4.8089547020e+04 3.5018470000e-01 2.9378187511e-01 1.0865239064e-01 5.0117610596e-03 9.8230516767e-03 2.8395882343e-01 3.0360492678e-01
4.8090117806e+04 3.4183940000e-01 2.9388390807e-01 1.0855928004e-01 5.0021475820e-03 9.8042092607e-03 2.8407969881e-01 3.0368811733e-01
4.8090669093e+04 3.3862300000e-01 2.9397869428e-01 1.0846348449e-01 4.9924365395e-03 9.7851756174e-03 2.8419351866e-01 3.0376386990e-01
4.8091255568e+04 3.3696810000e-01 2.9406958097e-01 1.0836651674e-01 4.9826977481e-03 9.7660875863e-03 2.8430349339e-01 3.0383566856e-01
4.8091849496e+04 3.2880520000e-01 2.9414286287e-01 1.0826363561e-01 4.9727134759e-03 9.7465184128e-03 2.8439634446e-01 3.0388938128e-01
4.8092406143e+04 3.1328880000e-01 2.9418317011e-01 1.0815293343e-01 4.9623969188e-03 9.7262979608e-03 2.8445687214e-01 3.0390946807e-01
4.8093019173e+04 3.4052049999e-01 2.9428051744e-01 1.0805985825e-01 4.9529154826e-03 9.7077143458e-03 2.8457280309e-01 3.0398823178e-01
4.8093596466e+04 3.4779520000e-01 2.9439270755e-01 1.0797403774e-01 4.9437915719e-03 9.6898314810e-03 2.8470287607e-01 3.0408253903e-01
4.8094271416e+04 4.3568700000e-01 2.9468830230e-01 1.0805383022e-01 4.9422671576e-03 9.6868436289e-03 2.8500145867e-01 3.0437514593e-01
4.8094916369e+04 5.0607960000e-01 2.9512962025e-01 1.0837112269e-01 4.9516029825e-03 9.7051418456e-03 2.8542447840e-01 3.0483476210e-01
4.8095369022e+04 3.6447050000e-01 2.9527408042e-01 1.0830409959e-01 4.9433832013e-03 9.6890310746e-03 2.8558504934e-01 3.0496311149e-01
4.8096005727e+04 3.9464910000e-01 2.9548068129e-01 1.0828586811e-01 4.9374105918e-03 9.6773247600e-03 2.8580335653e-01 3.0515800605e-01
4.8096556475e+04 3.4773210000e-01 2.9558908672e-01 1.0819937059e-01 4.9283462830e-03 9.6595587147e-03 2.8592952801e-01 3.0524864544e-01
4.8097077917e+04 3.1526550000e-01 2.9562982464e-01 1.0809077257e-01 4.9183004510e-03 9.6398688839e-03 2.8598995575e-01 3.0526969352e-01
4.8097753789e+04 3.7059010000e-01 2.9578470124e-01 1.0803245365e-01 4.9105660749e-03 9.6247095068e-03 2.8615999173e-01 3.0540941075e-01
4.8098396659e+04 3.9269730000e-01 2.9598452103e-01 1.0801028890e-01 4.9044945743e-03 9.6128093656e-03 2.8637171167e-01 3.0559733040e-01
4.8098964506e+04 3.6763920001e-01 2.9613195864e-01 1.0794772484e-01 4.8966082363e-03 9.5973521432e-03 2.8653460650e-01 3.0572931079e-01
4.8099504688e+04 3.3495530000e-01 2.9621167803e-01 1.0785093020e-01 4.8871921503e-03 9.5788966146e-03 2.8663278141e-01 3.0579057464e-01
4.8100183355e+04 4.1567190000e-01 2.9645647357e-01 1.0787549259e-01 4.8832941007e-03 9.5712564374e-03 2.8688521713e-01 3.0602773000e-01
4.8100890719e+04 5.3418270000e-01 2.9694262127e-01 1.0829870295e-01 4.8974366359e-03 9.5989758063e-03 2.8734364546e-01 3.0654159707e-01
4.8101477927e+04 4.4584960000e-01 2.9724651306e-01 1.0839641799e-01 4.8968510149e-03 9.5978279893e-03 2.8764868507e-01 3.0684434105e-01
4.8101958205e+04 3.2081200001e-01 2.9729450794e-01 1.0829096454e-01 4.8871028161e-03 9.5787215195e-03 2.8771578642e-01 3.0687322946e-01
4.8102565974e+04 3.4887380000e-01 2.9739934390e-01 1.0820557103e-01 4.8782838850e-03 9.5614364146e-03 2.8783790749e-01 3.0696078032e-01
4.8103131630e+04 3.3926750000e-01 2.9748426917e-01 1.0811196234e-01 4.8691179005e-03 9.5434710849e-03 2.8794079808e-01 3.0702774025e-01
4.8103724646e+04 3.5493550000e-01 2.9760056721e-01 1.0803312470e-01 4.8606400737e-03 9.5268545445e-03 2.8807371266e-01 3.0712742175e-01
4.8104497379e+04 5.1725840000e-01 2.9804432040e-01 1.0837346150e-01 4.8710248560e-03 9.5472087178e-03 2.8849711169e-01 3.0759152912e-01
4.8105101585e+04 4.8551920000e-01 2.9842229395e-01 1.0859004538e-01 4.8758369746e-03 9.5566404702e-03 2.8886565348e-01 3.0797893442e-01
4.8105554533e+04 3.4248080000e-01 2.9851094286e-01 1.0849848870e-01 4.8668223575e-03 9.5389718206e-03 2.8897197104e-01 3.0804991468e-01
4.8106231662e+04 4.4161230000e-01 2.9879829498e-01 1.0857842326e-01 4.8655154875e-03 9.5364103555e-03 2.8926188462e-01 3.0833470534e-01
4.8106731024e+04 3.6765670000e-01 2.9893628778e-01 1.0851305764e-01 4.8577116095e-03 9.5211147546e-03 2.8941517302e-01 3.0845740253e-01
4.8107280771e+04 3.3991220000e-01 2.9901823960e-01 1.0841972907e-01 4.8486776859e-03 9.5034082644e-03 2.8951483134e-01 3.0852164786e-01
4.8107866797e+04 3.6150650000e-01 2.9914296667e-01 1.0834715684e-01 4.8405939814e-03 9.4875642035e-03 2.8965540246e-01 3.0863053087e-01
4.8108450494e+04 3.7985999999e-01 2.9930375757e-01 1.0829878927e-01 4.8336115186e-03 9.4738785765e-03 2.8982987899e-01 3.0877763615e-01
4.8109049693e+04 3.8097370000e-01 2.9946612326e-01 1.0825201149e-01 4.8267186271e-03 9.4603685092e-03 2.9000575475e-01 3.0892649177e-01
4.8109729598e+04 4.4736330000e-01 2.9975957004e-01 1.0834442587e-01 4.8260443021e-03 9.4590468321e-03 2.9030052321e-01 3.0921861687e-01
4.8110267915e+04 3.9829350000e-01 2.9995468673e-01 1.0832548850e-01 4.8204209704e-03 9.4480251021e-03 2.9050666163e-01 3.0940271183e-01
4.8110767813e+04 3.2145520000e-01 2.9999717787e-01 1.0822239498e-01 4.8110722871e-03 9.4297016827e-03 2.9056747618e-01 3.0942687955e-01
4.8111418978e+04 3.9311320000e-01 3.0018083866e-01 1.0819430849e-01 4.8050779332e-03 9.4179527491e-03 2.9076288591e-01 3.0959879141e-01
4.8111964684e+04 3.7440550000e-01 3.0032695020e-01 1.0813761301e-01 4.7978307407e-03 9.4037482518e-03 2.9092320194e-01 3.0973069845e-01
4.8112494671e+04 3.4860950000e-01 3.0042180786e-01 1.0805227966e-01 4.7893330925e-03 9.3870928613e-03 2.9103471500e-01 3.0980890072e-01
4.8113074855e+04 3.5945230000e-01 3.0053755392e-01 1.0797766703e-01 4.7813314614e-03 9.3714096643e-03 2.9116614426e-01 3.0990896359e-01
4.8113782988e+04 4.8171210000e-01 3.0089210294e-01 1.0816850280e-01 4.7850928413e-03 9.3787819689e-03 2.9151332097e-01 3.1027088490e-01
4.8114372655e+04 4.8782200000e-01 3.0125720039e-01 1.0837731413e-01 4.7896458593e-03 9.3877058842e-03 2.9186949451e-01 3.1064490627e-01
4.8115144940e+04 6.4009830000e-01 3.0191770936e-01 1.0929809158e-01 4.8256286288e-03 9.4582321124e-03 2.9245947724e-01 3.1137594147e-01
4.8115490357e+04 3.9366970000e-01 3.0209621517e-01 1.0926633759e-01 4.8195315438e-03 9.4462818259e-03 2.9264993335e-01 3.1154249700e-01
4.8116062109e+04 3.9807140000e-01 3.0228257476e-01 1.0924173109e-01 4.8137658214e-03 9.4349810100e-03 2.9284759375e-01 3.1171755577e-01
4.8116807066e+04 4.8691890000e-01 3.0264039709e-01 1.0943729910e-01 4.8177084591e-03 9.4427085799e-03 2.9319768851e-01 3.1208310567e-01
4.8117364702e+04 4.3635120001e-01 3.0289902534e-01 1.0948893379e-01 4.8153178022e-03 9.4380228924e-03 2.9346100245e-01 3.1233704823e-01
4.8117885989e+04 3.7869149999e-01 3.0304534286e-01 1.0943357663e-01 4.8082353129e-03 9.4241412132e-03 2.9362120164e-01 3.1246948407e-01
4.8118562527e+04 4.6626160000e-01 3.0335982505e-01 1.0956193808e-01 4.8092353101e-03 9.4261012078e-03 2.9393372384e-01 3.1278592626e-01
4.8119053599e+04 3.5331329999e-01 3.0345588942e-01 1.0947821268e-01 4.8009372186e-03 9.4098369484e-03 2.9404605247e-01 3.1286572637e-01
4.8119722641e+04 4.2729540000e-01 3.0369358522e-01 1.0950712162e-01 4.7975941039e-03 9.4032844436e-03 2.9429030078e-01 3.1309686966e-01
4.8120364270e+04 4.9641760000e-01 3.0406278831e-01 1.0972607151e-01 4.8025796804e-03 9.4130561735e-03 2.9464973214e-01 3.1347584449e-01
4.8120802094e+04 3.5411660000e-01 3.0415849350e-01 1.0964272546e-01 4.7943416390e-03 9.3969096125e-03 2.9476158389e-01 3.1355540311e-01
4.8121469923e+04 4.4632770000e-01 3.0442980878e-01 1.0971344767e-01 4.7928542151e-03 9.3939942617e-03 2.9503581452e-01 3.1382380304e-01
4.8121946742e+04 3.5253600000e-01 3.0452143962e-01 1.0962877708e-01 4.7845920886e-03 9.3778004936e-03 2.9514363913e-01 3.1389924011e-01
4.8122578649e+04 4.1212990000e-01 3.0472601844e-01 1.0962458210e-01 4.7798589240e-03 9.3685234911e-03 2.9535749495e-01 3.1409454193e-01
4.8123159611e+04 3.7105290000e-01 3.0485187590e-01 1.0955835816e-01 4.7724370399e-03 9.3539765982e-03 2.9549789930e-01 3.1420585250e-01
4.8123816675e+04 4.3738280000e-01 3.0510288144e-01 1.0960593360e-01 4.7699859999e-03 9.3491725598e-03 2.9575370888e-01 3.1445205400e-01
4.8124730569e+04 7.3504480000e-01 3.0591562609e-01 1.1108321364e-01 4.8297049409e-03 9.4662216841e-03 2.9644940440e-01 3.1538184777e-01
4.8125135072e+04 4.9122269999e-01 3.0626526208e-01 1.1126914253e-01 4.8332226991e-03 9.4731164903e-03 2.9679214559e-01 3.1573837857e-01
4.8125719004e+04 4.4573380000e-01 3.0652791469e-01 1.1132845471e-01 4.8312434265e-03 9.4692371159e-03 2.9705867757e-01 3.1599715181e-01
4.8126244162e+04 3.6648580000e-01 3.0664061748e-01 1.1125389267e-01 4.8234679740e-03 9.4539972290e-03 2.9718662025e-01 3.1609461471e-01
4.8126787125e+04 3.3397720000e-01 3.0669190563e-01 1.1115557657e-01 4.8146824775e-03 9.4367776559e-03 2.9725512797e-01 3.1612868328e-01
4.8127408163e+04 3.5914930000e-01 3.0679014045e-01 1.1107440987e-01 4.8066598087e-03 9.4210532250e-03 2.9736908722e-01 3.1621119367e-01
4.8128019398e+04 3.9456950000e-01 3.0695421402e-01 1.1103511112e-01 4.8004664691e-03 9.4089142795e-03 2.9754529974e-01 3.1636312830e-01
4.8128585265e+04 4.0001410000e-01 3.0712783321e-01 1.1100395606e-01 4.7946406379e-03 9.3974956504e-03 2.9773033756e-01 3.1652532886e-01
4.8129439994e+04 6.7614700000e-01 3.0781501974e-01 1.1203571957e-01 4.8346981555e-03 9.4760083847e-03 2.9833901135e-01 3.1729102812e-01
4.8130064686e+04 6.7051850000e-01 3.0848918978e-01 1.1301635929e-01 4.8724812321e-03 9.5500632149e-03 2.9893912656e-01 3.1803925299e-01
4.8130908679e+04 9.0872640000e-01 3.0960280241e-01 1.1582809677e-01 4.9890693138e-03 9.7785758550e-03 2.9982422656e-01 3.1938137827e-01
4.8131457253e+04 8.3379310000e-01 3.1057352519e-01 1.1789469176e-01 5.0733797532e-03 9.9438243163e-03 3.0062970087e-01 3.2051734950e-01
4.8132317492e+04 9.7776320000e-01 3.1180677782e-01 1.2122174588e-01 5.2117299228e-03 1.0214990649e-02 3.0159178717e-01 3.2202176847e-01
4.8132644051e+04 5.8130910000e-01 3.1230401458e-01 1.2166062947e-01 5.2257714983e-03 1.0242512137e-02 3.0206150244e-01 3.2254652671e-01
4.8133122208e+04 4.9911190000e-01 3.1264804383e-01 1.2181194152e-01 5.2274507581e-03 1.0245803486e-02 3.0240224034e-01 3.2289384732e-01
4.8134206705e+04 9.9184050000e-01 3.1389655937e-01 1.2512891913e-01 5.3648581478e-03 1.0515121970e-02 3.0338143741e-01 3.2441168134e-01
4.8135024831e+04 1.1199138000e+00 3.1537549009e-01 1.2968546996e-01 5.5551151928e-03 1.0888025778e-02 3.0448746431e-01 3.2626351587e-01
4.8135482456e+04 7.9986350000e-01 3.1626283077e-01 1.3121196729e-01 5.6153538144e-03 1.1006093476e-02 3.0525673729e-01 3.2726892425e-01
4.8135955463e+04 6.0004550000e-01 3.1678162907e-01 1.3165107282e-01 5.6289933987e-03 1.1032827061e-02 3.0574880201e-01 3.2781445613e-01
4.8136427984e+04 4.9487090000e-01 3.1710660949e-01 1.3175010179e-01 5.6280854186e-03 1.1031047420e-02 3.0607556207e-01 3.2813765691e-01
4.8136903692e+04 4.1397750000e-01 3.1728305920e-01 1.3169463043e-01 5.6205898612e-03 1.1016356128e-02 3.0626670307e-01 3.2829941533e-01
4.8137388101e+04 3.1255250000e-01 3.1727445818e-01 1.3157478963e-01 5.6103678807e-03 1.0996321046e-02 3.0627813714e-01 3.2827077923e-01
4.8138122709e+04 4.7252630000e-01 3.1755622196e-01 1.3162110011e-01 5.6072473834e-03 1.0990204871e-02 3.0656601709e-01 3.2854642683e-01
4.8138719668e+04 4.5612800000e-01 3.1780725779e-01 1.3163356803e-01 5.6026967226e-03 1.0981285576e-02 3.0682597221e-01 3.2878854337e-01
4.8139369946e+04 4.8847630000e-01 3.1811588174e-01 1.3171402099e-01 5.6010499091e-03 1.0978057822e-02 3.0713782391e-01 3.2909393956e-01
4.8140176681e+04 6.8652120000e-01 3.1878087329e-01 1.3252077488e-01 5.6302682150e-03 1.1035325701e-02 3.0774554758e-01 3.2981619899e-01
4.8141300469e+04 1.2154694000e+00 3.2039652829e-01 1.3775407369e-01 5.8473347773e-03 1.1460776164e-02 3.0893575212e-01 3.3185730445e-01
4.8141854743e+04 6.7393010000e-01 3.2103238004e-01 1.3844271063e-01 5.8712787276e-03 1.1507706306e-02 3.0952467373e-01 3.3254008634e-01
4.8142330116e+04 5.2749820000e-01 3.2140305476e-01 1.3859403477e-01 5.8724177218e-03 1.1509938735e-02 3.0989311602e-01 3.3291299349e-01
4.8142892595e+04 4.9520110000e-01 3.2171452079e-01 1.3866454615e-01 5.8701383240e-03 1.1505471115e-02 3.1020904967e-01 3.3321999190e-01
4.8143512345e+04 4.9823059999e-01 3.2203029195e-01 1.3874089812e-01 5.8681147469e-03 1.1501504904e-02 3.1052878705e-01 3.3353179685e-01
4.8144522861e+04 8.6128460000e-01 3.2299324607e-01 1.4047402578e-01 5.9361110284e-03 1.1634777616e-02 3.1135846846e-01 3.3462802369e-01
4.8145165833e+04 7.3102110000e-01 3.2372056845e-01 1.4139997629e-01 5.9699116784e-03 1.1701026890e-02 3.1201954156e-01 3.3542159534e-01
4.8145624296e+04 5.2619410000e-01 3.2408084164e-01 1.4153137263e-01 5.9701406241e-03 1.1701475623e-02 3.1237936601e-01 3.3578231726e-01
4.8146390504e+04 6.5337030000e-01 3.2466572522e-01 1.4208356967e-01 5.9881085194e-03 1.1736692698e-02 3.1292903252e-01 3.3640241792e-01
4.8147418296e+04 1.0549127000e+00 3.2596048936e-01 1.4524360402e-01 6.1158590073e-03 1.1987083654e-02 3.1397340571e-01 3.3794757302e-01
4.8148275284e+04 1.0881589000e+00 3.2730951310e-01 1.4860923477e-01 6.2520374956e-03 1.2253993491e-02 3.1505551961e-01 3.3956350659e-01
4.8148723417e+04 6.7047490000e-01 3.2791581237e-01 1.4917543367e-01 6.2703111676e-03 1.2289809889e-02 3.1562600248e-01 3.4020562226e-01
4.8149847920e+04 1.1605180000e+00 3.2938424656e-01 1.5308317488e-01 6.4288890578e-03 1.2600622553e-02 3.1678362401e-01 3.4198486911e-01
4.8150475689e+04 1.0593715000e+00 3.3066943539e-01 1.5597963831e-01 6.5447602373e-03 1.2827730065e-02 3.1784170532e-01 3.4349716545e-01
4.8151118914e+04 8.8917880000e-01 3.3165099842e-01 1.5758826847e-01 6.6064438852e-03 1.2948630015e-02 3.1870236840e-01 3.4459962843e-01
4.8151569475e+04 6.1141340000e-01 3.3214180965e-01 1.5788440991e-01 6.6130502149e-03 1.2961578421e-02 3.1918023123e-01 3.4510338807e-01
4.8152074688e+04 4.4063880000e-01 3.3233182189e-01 1.5781107094e-01 6.6041877749e-03 1.2944208039e-02 3.1938761385e-01 3.4527602993e-01
4.8152970182e+04 7.5096320000e-01 3.3306369493e-01 1.5863974343e-01 6.6330608956e-03 1.3000799355e-02 3.2006289557e-01 3.4606449429e-01
4.8154806145e+04 1.9036150000e+00 3.3580462216e-01 1.7152208272e-01 7.1654378013e-03 1.4044258091e-02 3.2176036407e-01 3.4984888025e-01
4.8156454987e+04 2.1973552000e+00 3.3904774164e-01 1.8813610623e-01 7.8526493530e-03 1.5391192732e-02 3.2365654891e-01 3.5443893437e-01
4.8161015327e+04 5.5835937000e+00 3.4816869113e-01 2.8824568938e-01 1.2020676205e-02 2.3560525362e-02 3.2460816577e-01 3.7172921649e-01
4.8164012418e+04 7.8092600000e+00 3.6112197465e-01 4.2357871092e-01 1.7649112955e-02 3.4592261392e-02 3.2652971326e-01 3.9571423604e-01
4.8164396675e+04 5.0855211000e+00 3.6930984142e-01 4.6660812530e-01 1.9425150423e-02 3.8073294830e-02 3.3123654659e-01 4.0738313625e-01
4.8165582419e+04 3.6653968000e+00 3.7501241401e-01 4.8591096092e-01 2.0211231501e-02 3.9614013742e-02 3.3539840027e-01 4.1462642776e-01
4.8166155833e+04 2.6991306000e+00 3.7902643506e-01 4.9498880292e-01 2.0571032629e-02 4.0319223954e-02 3.3870721111e-01 4.1934565901e-01
4.8166249506e+04 1.3139282000e+00 3.8063833466e-01 4.9607974882e-01 2.0598590393e-02 4.0373237170e-02 3.4026509748e-01 4.2101157183e-01
4.8166614229e+04 8.4565340000e-01 3.8143870482e-01 4.9602657071e-01 2.0578649717e-02 4.0334153446e-02 3.4110455137e-01 4.2177285826e-01
4.8168011069e+04 1.5034689000e+00 3.8336659175e-01 4.9777335066e-01 2.0633369223e-02 4.0441403677e-02 3.4292518808e-01 4.2380799543e-01
4.8168551082e+04 1.0145257000e+00 3.8444919743e-01 4.9803081943e-01 2.0626329038e-02 4.0427604914e-02 3.4402159251e-01 4.2487680234e-01
4.8169157503e+04 7.8913780000e-01 3.8514215736e-01 4.9788473008e-01 2.0602616723e-02 4.0381128777e-02 3.4476102859e-01 4.2552328614e-01
4.8169819912e+04 7.8405740000e-01 3.8582406376e-01 4.9773114680e-01 2.0578650230e-02 4.0334154451e-02 3.4548990931e-01 4.2615821821e-01
4.8170437748e+04 7.5432370001e-01 3.8645290273e-01 4.9753808411e-01 2.0553108811e-02 4.0284093270e-02 3.4616880946e-01 4.2673699600e-01
4.8170766960e+04 4.4352160000e-01 3.8655012368e-01 4.9711895325e-01 2.0518295060e-02 4.0215858317e-02 3.4633426536e-01 4.2676598200e-01
4.8171337511e+04 4.3218700000e-01 3.8662773741e-01 4.9669889196e-01 2.0483517070e-02 4.0147693457e-02 3.4648004396e-01 4.2677543087e-01
4.8172138707e+04 6.3362050000e-01 3.8704707997e-01 4.9638051284e-01 2.0453002715e-02 4.0087885322e-02 3.4695919464e-01 4.2713496529e-01
4.8172805555e+04 7.1640640000e-01 3.8760531610e-01 4.9614396787e-01 2.0425923909e-02 4.0034810862e-02 3.4757050524e-01 4.2764012696e-01
4.8173485338e+04 7.1383770000e-01 3.8815731675e-01 4.9590462215e-01 2.0398790410e-02 3.9981629204e-02 3.4817568755e-01 4.2813894596e-01
4.8174819651e+04 1.3850601000e+00 3.8984127416e-01 4.9717319892e-01 2.0433692605e-02 4.0050037505e-02 3.4979123665e-01 4.2989131166e-01
4.8175672830e+04 1.2014052000e+00 3.9120984739e-01 4.9786791984e-01 2.0444985021e-02 4.0072170640e-02 3.5113767675e-01 4.3128201803e-01
4.8176020896e+04 6.5337570000e-01 3.9165120404e-01 4.9756404818e-01 2.0415300183e-02 4.0013988358e-02 3.5163721568e-01 4.3166519240e-01
4.8176947957e+04 9.7961430000e-01 3.9263937731e-01 4.9772806882e-01 2.0404861445e-02 3.9993528431e-02 3.5264584888e-01 4.3263290574e-01
4.8177942487e+04 1.2599746000e+00 3.9409463775e-01 4.9857492213e-01 2.0422424549e-02 4.0027952116e-02 3.5406668564e-01 4.3412258987e-01
4.8178327167e+04 7.2455880000e-01 3.9464817906e-01 4.9833974024e-01 2.0395687818e-02 3.9975548124e-02 3.5467263094e-01 4.3462372719e-01
4.8179217296e+04 9.9445860001e-01 3.9565120652e-01 4.9852495713e-01 2.0386201514e-02 3.9956954968e-02 3.5569425155e-01 4.3560816149e-01
4.8179477865e+04 4.5384240001e-01 3.9574835376e-01 4.9811362092e-01 2.0352370802e-02 3.9890646771e-02 3.5585770699e-01 4.3563900053e-01
4.8180464428e+04 7.8994150000e-01 3.9640534233e-01 4.9795733664e-01 2.0329023141e-02 3.9844885356e-02 3.5656045698e-01 4.3625022769e-01
4.8181041323e+04 6.9891140000e-01 3.9690868020e-01 4.9769493601e-01 2.0301399890e-02 3.9790743784e-02 3.5711793642e-01 4.3669942398e-01
4.8181684615e+04 7.4395929999e-01 3.9748517625e-01 4.9748150062e-01 2.0275832277e-02 3.9740631263e-02 3.5774454498e-01 4.3722580751e-01
4.8183125104e+04 1.4750588000e+00 3.9927219718e-01 4.9899818363e-01 2.0320776943e-02 3.9828722808e-02 3.5944347437e-01 4.3910091999e-01
4.8183351328e+04 1.0716390000e+00 4.0038538725e-01 4.9933304131e-01 2.0317573305e-02 3.9822443678e-02 3.6056294357e-01 4.4020783093e-01
4.8183886625e+04 8.0623980000e-01 4.0105622099e-01 4.9919184005e-01 2.0295034330e-02 3.9778267288e-02 3.6127795370e-01 4.4083448828e-01
4.8185228902e+04 1.4298861000e+00 4.0275396007e-01 5.0052413241e-01 2.0332403016e-02 3.9851509912e-02 3.6290245015e-01 4.4260546998e-01
4.8186057482e+04 1.2857878000e+00 4.0420871104e-01 5.0139154216e-01 2.0350854916e-02 3.9887675635e-02 3.6432103540e-01 4.4409638667e-01
4.8186612660e+04 8.3991270000e-01 4.0492532944e-01 5.0128937871e-01 2.0329968853e-02 3.9846738952e-02 3.6507859049e-01 4.4477206839e-01
4.8187371027e+04 9.6615150000e-01 4.0584688309e-01 5.0139214627e-01 2.0317435075e-02 3.9822172748e-02 3.6602471034e-01 4.4566905583e-01
4.8187838456e+04 6.3608740000e-01 4.0622432656e-01 5.0106690819e-01 2.0287606105e-02 3.9763707965e-02 3.6646061859e-01 4.4598803452e-01
4.8188323365e+04 5.1744740000e-01 4.0640636105e-01 5.0067621556e-01 2.0255191605e-02 3.9700175545e-02 3.6670618550e-01 4.4610653659e-01
4.8189073672e+04 6.8534420000e-01 4.0686214183e-01 5.0039317222e-01 2.0227195132e-02 3.9645302458e-02 3.6721683937e-01 4.4650744429e-01
4.8190237545e+04 1.2210380000e+00 4.0819032431e-01 5.0106266816e-01 2.0237730556e-02 3.9665951889e-02 3.6852437242e-01 4.4785627620e-01
4.8190930353e+04 1.1541584000e+00 4.0940525603e-01 5.0155663280e-01 2.0241178394e-02 3.9672709652e-02 3.6973254637e-01 4.4907796568e-01
4.8192503663e+04 1.7977848000e+00 4.1166278374e-01 5.0426040839e-01 2.0333742211e-02 3.9854134734e-02 3.7180864901e-01 4.5151691847e-01
4.8198186635e+04 6.2737812000e+00 4.2117920974e-01 5.5638201997e-01 2.2417270423e-02 4.3937850029e-02 3.7724135971e-01 4.6511705977e-01
4.8200598763e+04 7.7163171000e+00 4.3300277196e-01 6.2862798082e-01 2.5307609578e-02 4.9602914772e-02 3.8339985719e-01 4.8260568673e-01
4.8202249490e+04 5.2135970000e+00 4.4073836133e-01 6.5685122950e-01 2.6422431436e-02 5.1787965615e-02 3.8895039571e-01 4.9252632694e-01
4.8205991987e+04 6.5876231000e+00 4.5066870824e-01 7.0121143666e-01 2.8184067237e-02 5.5240771785e-02 3.9542793645e-01 5.0590948002e-01
4.8208117229e+04 6.2599945000e+00 4.6003858855e-01 7.3840912098e-01 2.9655223930e-02 5.8124238904e-02 4.0191434964e-01 5.1816282745e-01
4.8209201527e+04 5.4258304000e+00 4.6803503269e-01 7.6420764937e-01 3.0666596601e-02 6.0106529339e-02 4.0792850335e-01 5.2814156203e-01
4.8211136852e+04 5.5533309000e+00 4.7621074952e-01 7.9030499673e-01 3.1688343376e-02 6.2109153016e-02 4.1410159650e-01 5.3831990253e-01
4.8216295476e+04 8.9030440000e+00 4.8973696661e-01 8.5870719933e-01 3.4403377484e-02 6.7430619869e-02 4.2230634674e-01 5.5716758648e-01
4.8217284877e+04 6.9817285000e+00 5.0014079920e-01 8.9645290737e-01 3.5886837257e-02 7.0338201025e-02 4.2980259817e-01 5.7047900022e-01
4.8217496506e+04 3.9143633000e+00 5.0560355520e-01 9.0606907727e-01 3.6242763091e-02 7.1035815658e-02 4.3456773954e-01 5.7663937086e-01
4.8220008366e+04 4.6632430000e+00 5.1224515176e-01 9.2044385376e-01 3.6788335245e-02 7.2105137081e-02 4.4014001468e-01 5.8435028884e-01
4.8220031171e+04 3.1422804000e+00 5.1643978533e-01 9.2567702009e-01 3.6967979280e-02 7.2457239389e-02 4.4398254594e-01 5.8889702472e-01
4.8221157702e+04 2.3027022000e+00 5.1928415223e-01 9.2767667282e-01 3.7018329280e-02 7.2555925389e-02 4.4672822684e-01 5.9184007762e-01
4.8221999184e+04 2.0498567000e+00 5.2171749491e-01 9.2894140770e-01 3.7039319522e-02 7.2597066264e-02 4.4912042865e-01 5.9431456118e-01
4.8222382322e+04 1.4566716000e+00 5.2320154905e-01 9.2894862497e-01 3.7010199106e-02 7.2539990247e-02 4.5066155880e-01 5.9574153929e-01
4.8224361767e+04 2.4349168000e+00 5.2623120872e-01 9.3132081516e-01 3.7075296254e-02 7.2667580658e-02 4.5356362806e-01 5.9889878937e-01
4.8234480418e+04 1.1064283500e+01 5.4290534209e-01 1.0204992630e+00 4.0593281110e-02 7.9562830975e-02 4.6334251111e-01 6.2246817306e-01
4.8236188653e+04 1.0434775100e+01 5.5853230853e-01 1.0927518685e+00 4.3432987479e-02 8.5128655458e-02 4.7340365307e-01 6.4366096399e-01
4.8236272600e+04 5.1556059000e+00 5.6578321325e-01 1.1070233008e+00 4.3965511803e-02 8.6172403134e-02 4.7961081012e-01 6.5195561638e-01
4.8237063080e+04 4.3917332000e+00 5.7180833134e-01 1.1165048682e+00 4.4307144174e-02 8.6842002582e-02 4.8496632876e-01 6.5865033392e-01
4.8237298982e+04 3.2323359000e+00 5.7599155079e-01 1.1205945159e+00 4.4434462890e-02 8.7091547265e-02 4.8890000352e-01 6.6308309805e-01
4.8237806267e+04 2.1469433000e+00 5.7845772308e-01 1.1214391661e+00 4.4433037536e-02 8.7088753570e-02 4.9136896951e-01 6.6554647665e-01
4.8238672764e+04 1.8690579000e+00 5.8048060737e-01 1.1217210666e+00 4.4409362297e-02 8.7042350102e-02 4.9343825726e-01 6.6752295747e-01
4.8239228060e+04 1.5855772000e+00 5.8205352848e-01 1.1215455512e+00 4.4367656299e-02 8.6960606345e-02 4.9509292214e-01 6.6901413483e-01
4.8239600590e+04 1.0928914000e+00 5.8285171266e-01 1.1208492495e+00 4.4305456775e-02 8.6838695279e-02 4.9601301738e-01 6.6969040794e-01
4.8240124675e+04 9.3380460000e-01 5.8339922106e-01 1.1200588897e+00 4.4239666314e-02 8.6709745975e-02 4.9668947509e-01 6.7010896704e-01
4.8240765198e+04 8.7073620000e-01 5.8384678645e-01 1.1192422303e+00 4.4172967342e-02 8.6579015990e-02 4.9726777046e-01 6.7042580244e-01
4.8241490278e+04 9.4565110000e-01 5.8440946812e-01 1.1184610781e+00 4.4107799219e-02 8.6451286470e-02 4.9795818165e-01 6.7086075459e-01
4.8242185703e+04 9.5981420000e-01 5.8499239472e-01 1.1176887665e+00 4.4043107391e-02 8.6324490486e-02 4.9866790423e-01 6.7131688521e-01
4.8242919947e+04 8.7058630000e-01 5.8543517597e-01 1.1168771835e+00 4.3976996154e-02 8.6194912462e-02 4.9924026351e-01 6.7163008843e-01
4.8243815062e+04 1.0268203000e+00 5.8611843467e-01 1.1161459493e+00 4.3914175025e-02 8.6071783050e-02 5.0004665163e-01 6.7219021772e-01
4.8244412439e+04 7.7738360001e-01 5.8641405317e-01 1.1153070338e+00 4.3847243962e-02 8.5940598166e-02 5.0047345500e-01 6.7235465133e-01
4.8245034686e+04 7.3429530000e-01 5.8664226497e-01 1.1144599118e+00 4.3780120054e-02 8.5809035306e-02 5.0083322966e-01 6.7245130028e-01
4.8245654238e+04 7.1841870000e-01 5.8684531032e-01 1.1136116520e+00 4.3713081036e-02 8.5677638830e-02 5.0116767149e-01 6.7252294915e-01
4.8245977097e+04 4.0381760000e-01 5.8656372923e-01 1.1127764986e+00 4.3646685235e-02 8.5547503061e-02 5.0101622617e-01 6.7211123229e-01
4.8246642894e+04 4.6790860000e-01 5.8638146329e-01 1.1119298972e+00 4.3579968627e-02 8.5416738508e-02 5.0096472478e-01 6.7179820180e-01
4.8247228180e+04 4.5182210000e-01 5.8617508390e-01 1.1110880299e+00 4.3513565515e-02 8.5286588410e-02 5.0088849549e-01 6.7146167231e-01
4.8248052911e+04 6.0302680000e-01 5.8620089051e-01 1.1102358372e+00 4.3446885672e-02 8.5155895917e-02 5.0104499459e-01 6.7135678642e-01
4.8248421281e+04 3.8762740000e-01 5.8589726131e-01 1.1094125395e+00 4.3381463204e-02 8.5027667881e-02 5.0086959343e-01 6.7092492920e-01
4.8249403378e+04 7.0060120000e-01 5.8607238183e-01 1.1085730863e+00 4.3315534786e-02 8.4898448181e-02 5.0117393365e-01 6.7097083001e-01
4.8250026965e+04 6.6580920000e-01 5.8619393186e-01 1.1077308921e+00 4.3249625147e-02 8.4769265288e-02 5.0142466657e-01 6.7096319715e-01
4.8250440997e+04 4.5756420000e-01 5.8599814840e-01 1.1068976215e+00 4.3184189152e-02 8.4641010737e-02 5.0135713766e-01 6.7063915914e-01
4.8251474776e+04 8.8950720000e-01 5.8645940836e-01 1.1061181014e+00 4.3120973081e-02 8.4517107239e-02 5.0194230112e-01 6.7097651560e-01
4.8252723220e+04 1.3136732000e+00 5.8756291942e-01 1.1056396821e+00 4.3069607115e-02 8.4416429946e-02 5.0314648948e-01 6.7197934937e-01
4.8253194027e+04 8.8571930000e-01 5.8801467152e-01 1.1048613507e+00 4.3006669748e-02 8.4293072706e-02 5.0372159881e-01 6.7230774422e-01
4.8253692440e+04 6.3829900000e-01 5.8809074463e-01 1.1040257470e+00 4.2941624699e-02 8.4165584410e-02 5.0392516022e-01 6.7225632904e-01
4.8254487024e+04 8.5315650000e-01 5.8849114607e-01 1.1032383420e+00 4.2878575826e-02 8.4042008620e-02 5.0444913745e-01 6.7253315469e-01
4.8255236005e+04 8.7857820000e-01 5.8892868311e-01 1.1024622440e+00 4.2816085690e-02 8.3919527952e-02 5.0500915515e-01 6.7284821106e-01
4.8255903269e+04 7.9798880000e-01 5.8924353268e-01 1.1016603404e+00 4.2752712618e-02 8.3795316732e-02 5.0544821595e-01 6.7303884941e-01
4.8256575495e+04 7.5981970000e-01 5.8950003820e-01 1.1008503073e+00 4.2689143892e-02 8.3670722028e-02 5.0582931617e-01 6.7317076022e-01
4.8257354745e+04 8.4779260000e-01 5.8988786486e-01 1.1000677518e+00 4.2626759534e-02 8.3548448686e-02 5.0633941618e-01 6.7343631355e-01
4.8257615884e+04 4.7720870000e-01 5.8971893058e-01 1.0992502102e+00 4.2563138120e-02 8.3423750716e-02 5.0629517987e-01 6.7314268130e-01
4.8258407657e+04 6.5051470000e-01 5.8980994222e-01 1.0984283904e+00 4.2499470388e-02 8.3298961960e-02 5.0651098026e-01 6.7310890418e-01
4.8258879956e+04 5.1970620000e-01 5.8970515336e-01 1.0976092469e+00 4.2436025162e-02 8.3174609318e-02 5.0653054405e-01 6.7287976268e-01
4.8259536564e+04 4.9388550000e-01 5.8956213896e-01 1.0967948422e+00 4.2372881461e-02 8.3050847664e-02 5.0651129129e-01 6.7261298662e-01
4.8260369055e+04 7.0968280000e-01 5.8974115633e-01 1.0959858286e+00 4.2310063636e-02 8.2927724728e-02 5.0681343161e-01 6.7266888106e-01
4.8261081195e+04 7.4438040000e-01 5.8997127426e-01 1.0951850653e+00 4.2247681100e-02 8.2805454956e-02 5.0716581930e-01 6.7277672921e-01
4.8261693357e+04 6.7602870000e-01 5.9009914562e-01 1.0943749123e+00 4.2185052749e-02 8.2682703388e-02 5.0741644223e-01 6.7278184900e-01
4.8262622845e+04 9.8173870000e-01 5.9068021320e-01 1.0936654430e+00 4.2126418850e-02 8.2567780947e-02 5.0811243226e-01 6.7324799415e-01
4.8263223652e+04 8.3537240000e-01 5.9104272015e-01 1.0928943395e+00 4.2065522741e-02 8.2448424573e-02 5.0859429558e-01 6.7349114472e-01
4.8264382755e+04 1.2839271000e+00 5.9206769704e-01 1.0924091125e+00 4.2015735096e-02 8.2350840788e-02 5.0971685625e-01 6.7441853783e-01
4.8265404929e+04 1.5776620000e+00 5.9352352319e-01 1.0922568753e+00 4.1978841853e-02 8.2278530032e-02 5.1124499316e-01 6.7580205322e-01
4.8265831249e+04 9.6249220000e-01 5.9406772478e-01 1.0915417333e+00 4.1920407721e-02 8.2163999133e-02 5.1190372565e-01 6.7623172391e-01
4.8267122221e+04 1.5768150000e+00 5.9551506981e-01 1.0913873348e+00 4.1883601851e-02 8.2091859627e-02 5.1342321018e-01 6.7760692944e-01
4.8268621630e+04 1.7681076000e+00 5.9723947059e-01 1.0915086461e+00 4.1857445827e-02 8.2040593822e-02 5.1519887677e-01 6.7928006441e-01
4.8269019347e+04 1.1915866000e+00 5.9811222702e-01 1.0909431870e+00 4.1805033759e-02 8.1937866168e-02 5.1617436085e-01 6.8005009319e-01
4.8269432717e+04 9.0584100000e-01 5.9856344223e-01 1.0902054965e+00 4.1746126037e-02 8.1822407033e-02 5.1674103520e-01 6.8038584926e-01
4.8270065938e+04 7.4183220000e-01 5.9877320615e-01 1.0894197053e+00 4.1685486522e-02 8.1703553584e-02 5.1706965257e-01 6.8047675973e-01
4.8270985638e+04 9.6156200000e-01 5.9930359912e-01 1.0887101330e+00 4.1627872357e-02 8.1590629820e-02 5.1771296930e-01 6.8089422894e-01
4.8271445117e+04 6.0389860000e-01 5.9931030715e-01 1.0879140154e+00 4.1567057858e-02 8.1471433402e-02 5.1783887375e-01 6.8078174055e-01
4.8272858991e+04 1.2073189000e+00 6.0019661706e-01 1.0873670875e+00 4.1515868317e-02 8.1371101902e-02 5.1882551515e-01 6.8156771896e-01
4.8274882786e+04 2.2872959000e+00 6.0265236565e-01 1.0884763096e+00 4.1527961445e-02 8.1394804431e-02 5.2125756122e-01 6.8404717008e-01
4.8275325036e+04 1.5591064000e+00 6.0404256046e-01 1.0882939997e+00 4.1490819766e-02 8.1322006740e-02 5.2272055372e-01 6.8536456721e-01
4.8275901450e+04 1.1472149000e+00 6.0483090929e-01 1.0876993746e+00 4.1438045971e-02 8.1218570103e-02 5.2361233919e-01 6.8604947939e-01
4.8276676270e+04 1.0727415000e+00 6.0550904058e-01 1.0870555013e+00 4.1383495674e-02 8.1111651522e-02 5.2439738906e-01 6.8662069210e-01
4.8277326694e+04 8.8567320000e-01 6.0591448799e-01 1.0863197027e+00 4.1325549095e-02 8.0998076227e-02 5.2491641176e-01 6.8691256422e-01
4.8278136233e+04 8.7597260000e-01 6.0630474538e-01 1.0855818419e+00 4.1267629538e-02 8.0884553895e-02 5.2542019148e-01 6.8718929927e-01
4.8278924592e+04 8.9944240000e-01 6.0672774343e-01 1.0848542464e+00 4.1210205098e-02 8.0772001991e-02 5.2595574144e-01 6.8749974543e-01
4.8279871442e+04 1.0358212000e+00 6.0734603372e-01 1.0841934223e+00 4.1155419505e-02 8.0664622230e-02 5.2668141149e-01 6.8801065595e-01
4.8280557946e+04 9.4790640000e-01 6.0783604863e-01 1.0834889238e+00 4.1099077480e-02 8.0554191860e-02 5.2728185677e-01 6.8839024049e-01
4.8281413233e+04 1.0248117000e+00 6.0843515158e-01 1.0828243469e+00 4.1044350945e-02 8.0446927852e-02 5.2798822373e-01 6.8888207943e-01
4.8285830279e+04 4.5566442000e+00 6.1409972697e-01 1.0923171553e+00 4.1374462556e-02 8.1093946611e-02 5.3300578036e-01 6.9519367358e-01
4.8287015604e+04 3.2260083000e+00 6.1784171633e-01 1.0959948236e+00 4.1484015862e-02 8.1308671090e-02 5.3653304524e-01 6.9915038742e-01
4.8287594489e+04 2.0106349000e+00 6.1983426738e-01 1.0964738807e+00 4.1472451014e-02 8.1286003987e-02 5.3854826339e-01 7.0112027137e-01
4.8287670167e+04 9.7614990000e-01 6.2034328971e-01 1.0957719290e+00 4.1416285967e-02 8.1175920495e-02 5.3916736922e-01 7.0151921021e-01
4.8288378180e+04 9.4605250000e-01 6.2080792482e-01 1.0950579581e+00 4.1359768257e-02 8.1065145783e-02 5.3974277904e-01 7.0187307060e-01
4.8289068785e+04 9.3037360000e-01 6.2124890157e-01 1.0943388954e+00 4.1303159961e-02 8.0954193523e-02 5.4029470804e-01 7.0220309509e-01
4.8290956978e+04 2.1700255000e+00 6.2345199772e-01 1.0951159377e+00 4.1303079855e-02 8.0954036516e-02 5.4249796121e-01 7.0440603424e-01
4.8291674947e+04 1.8501737000e+00 6.2519450014e-01 1.0953116004e+00 4.1281109170e-02 8.0910973973e-02 5.4428352617e-01 7.0610547411e-01
4.8292801358e+04 1.9444967000e+00 6.2706585078e-01 1.0956590469e+00 4.1264906990e-02 8.0879217701e-02 5.4618663308e-01 7.0794506848e-01
4.8294180124e+04 2.6392613000e+00 6.2991598598e-01 1.0974938999e+00 4.1304727799e-02 8.0957266487e-02 5.4895871949e-01 7.1087325246e-01
4.8297187556e+04 4.6076085000e+00 6.3554214229e-01 1.1068578255e+00 4.1627672868e-02 8.1590238821e-02 5.5395190347e-01 7.1713238111e-01
4.8297943750e+04 4.1561445000e+00 6.4051474449e-01 1.1139493754e+00 4.1864781172e-02 8.2054971097e-02 5.5845977339e-01 7.2256971559e-01
4.8298155413e+04 3.1545278000e+00 6.4406060212e-01 1.1171536646e+00 4.1955586538e-02 8.2232949614e-02 5.6182765250e-01 7.2629355173e-01
4.8298834831e+04 1.9065902000e+00 6.4583881282e-01 1.1173691963e+00 4.1934118697e-02 8.2190872646e-02 5.6364794017e-01 7.2802968546e-01
4.8299093965e+04 1.2527280000e+00 6.4669238411e-01 1.1168136573e+00 4.1883784446e-02 8.2092217513e-02 5.6460016659e-01 7.2878460162e-01
4.8300375373e+04 1.8089160000e+00 6.4832472065e-01 1.1168764342e+00 4.1856714005e-02 8.2039159450e-02 5.6628556120e-01 7.3036388010e-01
4.8300805062e+04 1.2891768000e+00 6.4922353142e-01 1.1163494890e+00 4.1807616920e-02 8.1942929162e-02 5.6728060225e-01 7.3116646058e-01
4.8301362641e+04 1.0509815000e+00 6.4978621765e-01 1.1156675364e+00 4.1752808185e-02 8.1835504042e-02 5.6795071360e-01 7.3162172169e-01
4.8302210987e+04 1.1528324000e+00 6.5048977874e-01 1.1150444760e+00 4.1700299064e-02 8.1732586165e-02 5.6875719258e-01 7.3222236491e-01
4.8303051447e+04 1.3056616000e+00 6.5140482318e-01 1.1145330604e+00 4.1652056067e-02 8.1638029891e-02 5.6976679329e-01 7.3304285308e-01
4.8304191844e+04 1.5027033000e+00 6.5259212929e-01 1.1142075170e+00 4.1610842230e-02 8.1557250771e-02 5.7103487852e-01 7.3414938006e-01
4.8307235789e+04 3.6068648000e+00 6.5670671518e-01 1.1188680028e+00 4.1755783008e-02 8.1841334695e-02 5.7486538049e-01 7.3854804988e-01
4.8309068704e+04 4.5287511000e+00 6.6209203421e-01 1.1273620780e+00 4.2043511055e-02 8.2405281668e-02 5.7968675255e-01 7.4449731588e-01
4.8310028817e+04 3.6362021000e+00 6.6622274264e-01 1.1320095922e+00 4.2187506656e-02 8.2687513046e-02 5.8353522959e-01 7.4891025568e-01
4.8310799258e+04 2.3102177000e+00 6.6850290208e-01 1.1328765611e+00 4.2190527866e-02 8.2693434618e-02 5.8580946746e-01 7.5119633670e-01
4.8311117207e+04 1.2384724000e+00 6.6929233352e-01 1.1322890932e+00 4.2139436636e-02 8.2593295806e-02 5.8669903771e-01 7.5188562932e-01
4.8311787828e+04 1.0652454000e+00 6.6983998645e-01 1.1316003727e+00 4.2084670687e-02 8.2485954546e-02 5.8735403190e-01 7.5232594099e-01
4.8312487154e+04 9.8336320000e-01 6.7027302956e-01 1.1308774759e+00 4.2028730398e-02 8.2376311579e-02 5.8789671798e-01 7.5264934114e-01
4.8313394239e+04 1.0085138000e+00 6.7073956855e-01 1.1301659330e+00 4.1973309025e-02 8.2267685690e-02 5.8847188286e-01 7.5300725424e-01
4.8314479651e+04 1.2010958000e+00 6.7147008678e-01 1.1295575146e+00 4.1921811300e-02 8.2166750148e-02 5.8930333663e-01 7.5363683692e-01
4.8316540740e+04 2.4184300000e+00 6.7387305777e-01 1.1306347156e+00 4.1932920497e-02 8.2188524174e-02 5.9168453360e-01 7.5606158195e-01
4.8316964759e+04 1.5956807000e+00 6.7513927706e-01 1.1303725482e+00 4.1894393945e-02 8.2113012133e-02 5.9302626493e-01 7.5725228919e-01
4.8317496121e+04 1.0345413000e+00 6.7563228395e-01 1.1296742460e+00 4.1839786888e-02 8.2005982301e-02 5.9362630165e-01 7.5763826625e-01
4.8318009504e+04 8.3247550000e-01 6.7584713767e-01 1.1289140740e+00 4.1782984451e-02 8.1894649525e-02 5.9395248815e-01 7.5774178720e-01
4.8319514623e+04 1.6128072000e+00 6.7712888878e-01 1.1286719964e+00 4.1745441773e-02 8.1821065876e-02 5.9530782291e-01 7.5894995466e-01
4.8319694068e+04 1.0662575000e+00 6.7766048525e-01 1.1279912988e+00 4.1691758078e-02 8.1715845833e-02 5.9594463941e-01 7.5937633108e-01
4.8320230635e+04 8.3924800000e-01 6.7788093206e-01 1.1272363286e+00 4.1635423783e-02 8.1605430614e-02 5.9627550145e-01 7.5948636267e-01
4.8320894357e+04 7.1799620000e-01 6.7793558501e-01 1.1264681182e+00 4.1578696949e-02 8.1494246020e-02 5.9644133899e-01 7.5942983103e-01
4.8321679825e+04 8.7409290001e-01 6.7820246571e-01 1.1257237284e+00 4.1522945262e-02 8.1384972714e-02 5.9681749300e-01 7.5958743843e-01
4.8324672195e+04 3.2123595000e+00 6.8164561386e-01 1.1288238926e+00 4.1609000720e-02 8.1553641412e-02 6.0009197245e-01 7.6319925527e-01
4.8325915839e+04 2.9415009000e+00 6.8471190326e-01 1.1311198167e+00 4.1665333959e-02 8.1664054560e-02 6.0304784870e-01 7.6637595782e-01
4.8326739770e+04 2.8534595000e+00 6.8765058564e-01 1.1331640059e+00 4.1712343487e-02 8.1756193235e-02 6.0589439240e-01 7.6940677887e-01
4.8327460773e+04 1.8327382000e+00 6.8920009526e-01 1.1331781272e+00 4.1684631240e-02 8.1701877230e-02 6.0749821803e-01 7.7090197249e-01
4.8327663632e+04 1.0567357000e+00 6.8969676500e-01 1.1324916585e+00 4.1631221336e-02 8.1597193819e-02 6.0809957118e-01 7.7129395882e-01
4.8328160372e+04 7.6490740000e-01 6.8979826383e-01 1.1317295708e+00 4.1575124619e-02 8.1487244254e-02 6.0831101958e-01 7.7128550809e-01
4.8329140751e+04 1.0502728000e+00 6.9028407857e-01 1.1310429781e+00 4.1521893979e-02 8.1382912200e-02 6.0890116637e-01 7.7166699077e-01
4.8329808393e+04 7.7969860000e-01 6.9040442113e-01 1.1302853164e+00 4.1466146605e-02 8.1273647346e-02 6.0913077378e-01 7.7167806848e-01
4.8330825629e+04 1.1057211000e+00 6.9096264247e-01 1.1296269217e+00 4.1414132279e-02 8.1171699267e-02 6.0979094321e-01 7.7213434174e-01
4.8331607525e+04 1.1364245000e+00 6.9156057785e-01 1.1289853195e+00 4.1362821742e-02 8.1071130614e-02 6.1048944724e-01 7.7263170847e-01
4.8332260899e+04 1.0905507000e+00 6.9209541716e-01 1.1283217973e+00 4.1310796099e-02 8.0969160354e-02 6.1112625680e-01 7.7306457751e-01
4.8333111649e+04 1.3023237000e+00 6.9291232249e-01 1.1277860293e+00 4.1263532976e-02 8.0876524633e-02 6.1203579786e-01 7.7378884712e-01
4.8333624332e+04 9.7856630000e-01 6.9329421283e-01 1.1270792303e+00 4.1210098045e-02 8.0771792168e-02 6.1252242067e-01 7.7406600500e-01
4.8334387631e+04 8.9052579999e-01 6.9355753939e-01 1.1263486077e+00 4.1155882410e-02 8.0665529525e-02 6.1289200986e-01 7.7422306891e-01
4.8335461796e+04 1.1864232000e+00 6.9421469360e-01 1.1257401282e+00 4.1106217475e-02 8.0568186251e-02 6.1364650735e-01 7.7478287985e-01
4.8336920246e+04 1.7950332000e+00 6.9568049720e-01 1.1257053568e+00 4.1077571876e-02 8.0512040878e-02 6.1516845633e-01 7.7619253808e-01
4.8337503598e+04 9.6777570000e-01 6.9604232593e-01 1.1249993353e+00 4.1024504619e-02 8.0408029053e-02 6.1563429688e-01 7.7645035498e-01
4.8339341168e+04 2.1478107000e+00 6.9797030518e-01 1.1254935613e+00 4.1015265461e-02 8.0389920303e-02 6.1758038488e-01 7.7836022548e-01
4.8340395804e+04 1.8162576000e+00 6.9945344483e-01 1.1254820661e+00 4.0987639353e-02 8.0335773132e-02 6.1911767170e-01 7.7978921796e-01
4.8340941520e+04 1.0821019000e+00 6.9996026397e-01 1.1248215731e+00 4.0936448424e-02 8.0235438912e-02 6.1972482506e-01 7.8019570288e-01
4.8341582450e+04 9.2731340000e-01 7.0026099563e-01 1.1241067833e+00 4.0883368442e-02 8.0131402147e-02 6.2012959349e-01 7.8039239778e-01
4.8342651786e+04 1.3439796000e+00 7.0111135046e-01 1.1236063708e+00 4.0838168172e-02 8.0042809617e-02 6.2106854085e-01 7.8115416008e-01
4.8343376717e+04 1.2516201000e+00 7.0183761530e-01 1.1230417661e+00 4.0790713806e-02 7.9949799061e-02 6.2188781624e-01 7.8178741436e-01
4.8344028399e+04 1.0012555000e+00 7.0223210527e-01 1.1223532811e+00 4.0738843178e-02 7.9848132628e-02 6.2238397264e-01 7.8208023790e-01
4.8344904086e+04 1.1569453000e+00 7.0283041211e-01 1.1217347879e+00 4.0689597377e-02 7.9751610859e-02 6.2307880125e-01 7.8258202296e-01
4.8345754929e+04 1.1610186000e+00 7.0343249908e-01 1.1211194395e+00 4.0640547932e-02 7.9655473948e-02 6.2377702513e-01 7.8308797303e-01
4.8346597166e+04 1.2862613000e+00 7.0419736627e-01 1.1205812533e+00 4.0594375720e-02 7.9564976411e-02 6.2463238986e-01 7.8376234268e-01
4.8347197917e+04 1.1571320000e+00 7.0479098965e-01 1.1199656075e+00 4.0545477307e-02 7.9469135521e-02 6.2532185412e-01 7.8426012517e-01
4.8347804091e+04 9.4676410000e-01 7.0510770838e-01 1.1192656358e+00 4.0493609531e-02 7.9367474680e-02 6.2574023370e-01 7.8447518306e-01
4.8348188871e+04 6.2610210000e-01 7.0500443307e-01 1.1185365348e+00 4.0440773763e-02 7.9263916575e-02 6.2574051650e-01 7.8426834965e-01
4.8349130202e+04 9.7398410000e-01 7.0535558146e-01 1.1178474189e+00 4.0389469001e-02 7.9163359242e-02 6.2619222222e-01 7.8451894070e-01
4.8349620404e+04 8.1549690000e-01 7.0549918162e-01 1.1171245850e+00 4.0337030884e-02 7.9060580532e-02 6.2643860108e-01 7.8455976215e-01
4.8350758047e+04 1.2978590000e+00 7.0627048346e-01 1.1166004458e+00 4.0291847999e-02 7.8972022078e-02 6.2729846139e-01 7.8524250554e-01
4.8351776443e+04 1.6132568000e+00 7.0744991951e-01 1.1163518549e+00 4.0256677497e-02 7.8903087895e-02 6.2854683161e-01 7.8635300740e-01
4.8352417139e+04 1.4071775000e+00 7.0835865662e-01 1.1159103488e+00 4.0214617528e-02 7.8820650355e-02 6.2953800627e-01 7.8717930698e-01
4.8352528916e+04 8.8745910000e-01 7.0859095292e-01 1.1152041254e+00 4.0163095537e-02 7.8719667252e-02 6.2987128567e-01 7.8731062017e-01
4.8353631175e+04 1.2857225000e+00 7.0933853264e-01 1.1146739703e+00 4.0117994040e-02 7.8631268318e-02 6.3070726432e-01 7.8796980096e-01
4.8354783649e+04 1.4792825000e+00 7.1033457917e-01 1.1142955239e+00 4.0078424327e-02 7.8553711680e-02 6.3178086749e-01 7.8888829085e-01
4.8355695249e+04 1.3557931000e+00 7.1116850491e-01 1.1138158751e+00 4.0035284882e-02 7.8469158369e-02 6.3269934654e-01 7.8963766328e-01
4.8356697096e+04 1.4570799000e+00 7.1213097123e-01 1.1134181460e+00 3.9995160478e-02 7.8390514536e-02 6.3374045669e-01 7.9052148576e-01
4.8357470094e+04 1.1679717000e+00 7.1271839485e-01 1.1128197435e+00 3.9947900695e-02 7.8297885361e-02 6.3442050948e-01 7.9101628021e-01
4.8358119741e+04 8.9015100000e-01 7.1294675084e-01 1.1121206824e+00 3.9897107244e-02 7.8198330198e-02 6.3474842064e-01 7.9114508103e-01
4.8358535866e+04 5.6077169999e-01 7.1275115308e-01 1.1114181751e+00 3.9846272077e-02 7.8098693271e-02 6.3465245981e-01 7.9084984636e-01
4.8359369555e+04 6.9796560000e-01 7.1273217291e-01 1.1107037926e+00 3.9795093183e-02 7.7998382638e-02 6.3473379028e-01 7.9073055555e-01
4.8359776788e+04 4.8402370000e-01 7.1243895692e-01 1.1100208288e+00 3.9745121301e-02 7.7900437750e-02 6.3453851917e-01 7.9033939467e-01
4.8361210749e+04 1.2763584000e+00 7.1316100487e-01 1.1094923259e+00 3.9700756810e-02 7.7813483347e-02 6.3534752152e-01 7.9097448821e-01
4.8361740617e+04 7.6104529999e-01 7.1322223798e-01 1.1087831166e+00 3.9650003299e-02 7.7714006465e-02 6.3550823151e-01 7.9093624444e-01
4.8362143949e+04 4.5784839999e-01 7.1289609004e-01 1.1081114836e+00 3.9600673719e-02 7.7617320488e-02 6.3527876955e-01 7.9051341053e-01
4.8363287228e+04 8.0895780000e-01 7.1301861773e-01 1.1074089587e+00 3.9550319955e-02 7.7518627112e-02 6.3549999062e-01 7.9053724484e-01
4.8363593371e+04 5.1689080001e-01 7.1276877338e-01 1.1067245877e+00 3.9500694392e-02 7.7421361009e-02 6.3534741237e-01 7.9019013438e-01
4.8364382090e+04 7.0655290000e-01 7.1276086514e-01 1.1060194652e+00 3.9450407838e-02 7.7322799362e-02 6.3543806578e-01 7.9008366450e-01
4.8364987993e+04 7.0006079999e-01 7.1274472783e-01 1.1053157591e+00 3.9400251667e-02 7.7224493268e-02 6.3552023456e-01 7.8996922110e-01
4.8365945447e+04 1.0514721000e+00 7.1317458490e-01 1.1046791240e+00 3.9352564386e-02 7.7131026196e-02 6.3604355870e-01 7.9030561109e-01
4.8366433373e+04 8.5263250000e-01 7.1335133764e-01 1.1039891128e+00 3.9303053173e-02 7.7033984219e-02 6.3631735342e-01 7.9038532186e-01
4.8366963666e+04 6.7847899999e-01 7.1330719544e-01 1.1032899748e+00 3.9253295734e-02 7.6936459638e-02 6.3637073580e-01 7.9024365508e-01
4.8367618654e+04 6.9092220000e-01 7.1327889583e-01 1.1025917558e+00 3.9203649627e-02 7.6839153269e-02 6.3643974256e-01 7.9011804910e-01
4.8368297282e+04 7.3499930000e-01 7.1330632058e-01 1.1018948447e+00 3.9154128373e-02 7.6742091611e-02 6.3656422897e-01 7.9004841219e-01
4.8368857074e+04 6.6029040000e-01 7.1323946570e-01 1.1012005916e+00 3.9104779590e-02 7.6645367995e-02 6.3659409770e-01 7.8988483370e-01
4.8369478551e+04 6.6725150000e-01 7.1318154635e-01 1.1005072555e+00 3.9055541077e-02 7.6548860512e-02 6.3663268584e-01 7.8973040686e-01
4.8370121669e+04 6.7629380000e-01 7.1313514667e-01 1.0998147996e+00 3.9006411237e-02 7.6452566024e-02 6.3668258064e-01 7.8958771269e-01
4.8370882349e+04 8.3816170000e-01 7.1329221520e-01 1.0991317967e+00 3.8957693624e-02 7.6357079503e-02 6.3693513570e-01 7.8964929470e-01
4.8371364372e+04 6.4389400000e-01 7.1320514090e-01 1.0984439174e+00 3.8908879811e-02 7.6261404430e-02 6.3694373647e-01 7.8946654533e-01
4.8371765639e+04 4.2549579999e-01 7.1284460288e-01 1.0978017758e+00 3.8861761605e-02 7.6169052745e-02 6.3667555014e-01 7.8901365563e-01
4.8375227643e+04 3.2994488000e+00 7.1608190476e-01 1.1009185442e+00 3.8947698330e-02 7.6337488727e-02 6.3974441603e-01 7.9241939348e-01
4.8377741150e+04 4.6336036000e+00 7.2097880687e-01 1.1089023665e+00 3.9205619151e-02 7.6843013536e-02 6.4413579334e-01 7.9782182041e-01
4.8378441985e+04 3.3476530000e+00 7.2425805056e-01 1.1120836880e+00 3.9293545056e-02 7.7015348310e-02 6.4724270225e-01 8.0127339887e-01
4.8378847995e+04 1.9107067000e+00 7.2573741297e-01 1.1121776591e+00 3.9272358428e-02 7.6973822520e-02 6.4876359045e-01 8.0271123549e-01
4.8379158290e+04 7.8137240000e-01 7.2580669689e-01 1.1114857971e+00 3.9223482006e-02 7.6878024732e-02 6.4892867215e-01 8.0268472162e-01
4.8379779659e+04 7.9095300000e-01 7.2588772463e-01 1.1107958713e+00 3.9174749897e-02 7.6782509798e-02 6.4910521483e-01 8.0267023442e-01
4.8380529118e+04 7.9280450000e-01 7.2597085106e-01 1.1101073652e+00 3.9126143542e-02 7.6687241343e-02 6.4928360971e-01 8.0265809240e-01
4.8381157095e+04 7.9480660000e-01 7.2605625521e-01 1.1094202895e+00 3.9077662998e-02 7.6592219476e-02 6.4946403573e-01 8.0264847469e-01
4.8381796855e+04 7.5483750000e-01 7.2609191970e-01 1.1087323123e+00 3.9029225859e-02 7.6497282684e-02 6.4959463702e-01 8.0258920239e-01
4.8382359086e+04 6.5170040000e-01 7.2599985099e-01 1.1080482392e+00 3.8981001028e-02 7.6402762014e-02 6.4959708898e-01 8.0240261300e-01
4.8382846888e+04 5.1003580000e-01 7.2573289913e-01 1.1073883523e+00 3.8933701099e-02 7.6310054153e-02 6.4942284498e-01 8.0204295329e-01
4.8383545966e+04 6.1249340000e-01 7.2559309728e-01 1.1067108661e+00 3.8885856091e-02 7.6216277938e-02 6.4937681935e-01 8.0180937522e-01
4.8383992636e+04 4.7945640000e-01 7.2528959951e-01 1.1060612285e+00 3.8839062817e-02 7.6124563121e-02 6.4916503639e-01 8.0141416263e-01
4.8386025404e+04 1.7986673000e+00 7.2661149323e-01 1.1060199421e+00 3.8813690900e-02 7.6074834164e-02 6.5053665906e-01 8.0268632739e-01
4.8386724782e+04 1.7273651000e+00 7.2784243247e-01 1.1058950951e+00 3.8785434322e-02 7.6019451271e-02 6.5182298120e-01 8.0386188374e-01
4.8387590851e+04 1.6510256000e+00 7.2897656413e-01 1.1056877391e+00 3.8754335200e-02 7.5958496993e-02 6.5301806714e-01 8.0493506112e-01
4.8388695932e+04 2.0838197000e+00 7.3063894834e-01 1.1060257611e+00 3.8742392631e-02 7.5935089557e-02 6.5470385879e-01 8.0657403790e-01
4.8388839216e+04 1.5092247000e+00 7.3159309755e-01 1.1056825891e+00 3.8706632719e-02 7.5865000129e-02 6.5572809742e-01 8.0745809768e-01
4.8389145686e+04 8.1872630000e-01 7.3169974774e-01 1.1050090795e+00 3.8659374079e-02 7.5772373195e-02 6.5592737454e-01 8.0747212093e-01
4.8389457701e+04 5.1255420000e-01 7.3143184364e-01 1.1043591612e+00 3.8613012566e-02 7.5681504628e-02 6.5575033901e-01 8.0711334827e-01
4.8390299491e+04 7.6333199999e-01 7.3147079377e-01 1.1036844808e+00 3.8565856857e-02 7.5589079440e-02 6.5588171433e-01 8.0705987321e-01
4.8391707566e+04 1.4931387000e+00 7.3239965707e-01 1.1033307439e+00 3.8529980888e-02 7.5518762541e-02 6.5688089453e-01 8.0791841961e-01
4.8392110613e+04 1.2419888000e+00 7.3302035030e-01 1.1028010175e+00 3.8488020886e-02 7.5436520937e-02 6.5758382937e-01 8.0845687124e-01
4.8392484847e+04 8.1303439999e-01 7.3311769100e-01 1.1021327214e+00 3.8441293054e-02 7.5344934386e-02 6.5777275661e-01 8.0846262538e-01
4.8392942966e+04 6.8006409999e-01 7.3305322734e-01 1.1014636710e+00 3.8394609953e-02 7.5253435508e-02 6.5779979183e-01 8.0830666285e-01
4.8393778837e+04 8.8772390000e-01 7.3324093447e-01 1.1008074627e+00 3.8348445082e-02 7.5162952360e-02 6.5807798211e-01 8.0840388683e-01
4.8394609956e+04 9.5427530001e-01 7.3350885491e-01 1.1001661759e+00 3.8302869811e-02 7.5073624830e-02 6.5843523008e-01 8.0858247974e-01
4.8395513831e+04 1.0407446000e+00 7.3388081102e-01 1.0995511105e+00 3.8258276171e-02 7.4986221295e-02 6.5889458972e-01 8.0886703231e-01
4.8397607426e+04 2.3453941000e+00 7.3582943652e-01 1.1003114957e+00 3.8261579600e-02 7.4992696017e-02 6.6083674050e-01 8.1082213253e-01
4.8397916495e+04 1.1716783000e+00 7.3635582403e-01 1.0997502387e+00 3.8218962771e-02 7.4909167031e-02 6.6144665700e-01 8.1126499106e-01
4.8398388089e+04 9.1239320000e-01 7.3656817310e-01 1.0991029227e+00 3.8173422357e-02 7.4819907820e-02 6.6174826528e-01 8.1138808092e-01
4.8398820631e+04 7.0587710000e-01 7.3653119590e-01 1.0984403297e+00 3.8127420452e-02 7.4729744085e-02 6.6180145182e-01 8.1126093999e-01
4.8399480608e+04 7.7372970000e-01 7.3657595945e-01 1.0977791767e+00 3.8081537717e-02 7.4639813926e-02 6.6193614552e-01 8.1121577337e-01
4.8400362524e+04 1.0359943000e+00 7.3693583726e-01 1.0971675086e+00 3.8037439519e-02 7.4553381457e-02 6.6238245580e-01 8.1148921872e-01
4.8401909592e+04 1.8132771000e+00 7.3822796363e-01 1.0971411916e+00 3.8013689238e-02 7.4506830907e-02 6.6372113272e-01 8.1273479453e-01
4.8402325885e+04 1.3205075000e+00 7.3892614053e-01 1.0966675889e+00 3.7974492899e-02 7.4430006082e-02 6.6449613445e-01 8.1335614661e-01
4.8402995828e+04 1.2160617000e+00 7.3949756036e-01 1.0961341417e+00 3.7933286168e-02 7.4349240890e-02 6.6514831947e-01 8.1384680125e-01
4.8403695360e+04 1.1524598000e+00 7.3999153433e-01 1.0955705687e+00 3.7891100427e-02 7.4266556838e-02 6.6572497749e-01 8.1425809117e-01
4.8405023776e+04 1.7208489000e+00 7.4116340693e-01 1.0954392736e+00 3.7863920373e-02 7.4213283932e-02 6.6695012300e-01 8.1537669086e-01
4.8405839731e+04 1.8324746000e+00 7.4246568759e-01 1.0954328017e+00 3.7841098226e-02 7.4168552523e-02 6.6829713507e-01 8.1663424011e-01
4.8406531615e+04 1.6827723000e+00 7.4358643445e-01 1.0952596332e+00 3.7812561749e-02 7.4112621028e-02 6.6947381342e-01 8.1769905547e-01
4.8407227612e+04 1.5506310000e+00 7.4454720179e-01 1.0949604254e+00 3.7779723920e-02 7.4048258884e-02 6.7049894290e-01 8.1859546067e-01
4.8407894520e+04 1.4090779000e+00 7.4533736908e-01 1.0945480765e+00 3.7743037120e-02 7.3976352755e-02 6.7136101633e-01 8.1931372184e-01
4.8408628180e+04 1.4556057000e+00 7.4618091817e-01 1.0941706400e+00 3.7707610412e-02 7.3906916408e-02 6.7227400176e-01 8.2008783458e-01
4.8408830666e+04 1.0083971000e+00 7.4649196939e-01 1.0935579507e+00 3.7664136503e-02 7.3821707547e-02 6.7267026185e-01 8.2031367694e-01
4.8409227901e+04 6.9694660000e-01 7.4643326635e-01 1.0929104764e+00 3.7619530028e-02 7.3734278855e-02 6.7269898750e-01 8.2016754521e-01
4.8410071363e+04 9.0187750000e-01 7.4661722402e-01 1.0922759000e+00 3.7575433269e-02 7.3647849208e-02 6.7296937482e-01 8.2026507323e-01
4.8410619220e+04 8.0365680000e-01 7.4668464669e-01 1.0916311509e+00 3.7531052071e-02 7.3560862060e-02 6.7312378463e-01 8.2024550875e-01
4.8412208422e+04 1.7299835000e+00 7.4784556623e-01 1.0915082102e+00 3.7504665950e-02 7.3509145262e-02 6.7433642097e-01 8.2135471150e-01
4.8412757896e+04 1.6349623000e+00 7.4889169446e-01 1.0912884662e+00 3.7474999786e-02 7.3450999581e-02 6.7544069488e-01 8.2234269404e-01
4.8412870167e+04 1.0379336000e+00 7.4923214429e-01 1.0906898868e+00 3.7432380010e-02 7.3367464820e-02 6.7586467947e-01 8.2259960911e-01
4.8413298194e+04 7.9993020000e-01 7.4929178906e-01 1.0900487450e+00 3.7388363500e-02 7.3281192459e-02 6.7601059660e-01 8.2257298152e-01
4.8413679283e+04 4.5722910000e-01 7.4894858966e-01 1.0894533008e+00 3.7345978168e-02 7.3198117210e-02 6.7575047245e-01 8.2214670687e-01
4.8414848603e+04 1.0284037000e+00 7.4927658861e-01 1.0888550528e+00 3.7303559440e-02 7.3114976502e-02 6.7616161211e-01 8.2239156512e-01
4.8415298873e+04 7.2534220000e-01 7.4924852954e-01 1.0882161739e+00 3.7259812137e-02 7.3029231788e-02 6.7621929775e-01 8.2227776133e-01
4.8416151791e+04 9.2750540000e-01 7.4945726124e-01 1.0875951967e+00 3.7216741465e-02 7.2944813272e-02 6.7651244797e-01 8.2240207451e-01
4.8416609592e+04 7.0135000000e-01 7.4940099544e-01 1.0869594885e+00 3.7173230160e-02 7.2859531114e-02 6.7654146432e-01 8.2226052655e-01
4.8417235712e+04 6.6710260000e-01 7.4930485245e-01 1.0863272913e+00 3.7129902423e-02 7.2774608750e-02 6.7653024370e-01 8.2207946120e-01
4.8417708252e+04 4.9614290000e-01 7.4900944761e-01 1.0857269694e+00 3.7087726776e-02 7.2691944481e-02 6.7631750313e-01 8.2170139209e-01
4.8418631709e+04 7.7267450000e-01 7.4903702925e-01 1.0850936386e+00 3.7044486024e-02 7.2607192607e-02 6.7642983665e-01 8.2164422186e-01
4.8419193681e+04 6.9018180000e-01 7.4896851327e-01 1.0844629724e+00 3.7001399126e-02 7.2522742287e-02 6.7644577098e-01 8.2149125556e-01
4.8419759792e+04 6.2140050000e-01 7.4882017837e-01 1.0838402723e+00 3.6958646528e-02 7.2438947196e-02 6.7638123118e-01 8.2125912557e-01
4.8420216618e+04 4.8741170000e-01 7.4851656806e-01 1.0832465409e+00 3.6916943353e-02 7.2357208972e-02 6.7615935909e-01 8.2087377703e-01
4.8420958009e+04 6.2974539999e-01 7.4837878248e-01 1.0826248443e+00 3.6874348531e-02 7.2273723121e-02 6.7610505936e-01 8.2065250560e-01
4.8421570773e+04 6.5167080001e-01 7.4826672225e-01 1.0820016916e+00 3.6831765923e-02 7.2190261208e-02 6.7607646104e-01 8.2045698346e-01
4.8422257845e+04 7.4764980000e-01 7.4826600822e-01 1.0813746261e+00 3.6789111872e-02 7.2106659270e-02 6.7615934895e-01 8.2037266749e-01
4.8422906537e+04 7.1394820000e-01 7.4822633445e-01 1.0807492786e+00 3.6746577887e-02 7.2023292658e-02 6.7620304179e-01 8.2024962711e-01
4.8424196043e+04 1.3383314000e+00 7.4890774908e-01 1.0803102953e+00 3.6710438229e-02 7.1952458930e-02 6.7695529015e-01 8.2086020801e-01
4.8426487187e+04 2.7663385000e+00 7.5123465882e-01 1.0818556478e+00 3.6741744087e-02 7.2013818410e-02 6.7922084041e-01 8.2324847723e-01
4.8427215744e+04 1.3251741000e+00 7.5189587938e-01 1.0814068384e+00 3.6705339806e-02 7.1942466021e-02 6.7995341336e-01 8.2383834540e-01
4.8427556352e+04 6.2893640000e-01 7.5175438400e-01 1.0807917683e+00 3.6663349604e-02 7.1860165224e-02 6.7989421878e-01 8.2361454923e-01
4.8428200653e+04 6.8832890000e-01 7.5168148115e-01 1.0801718677e+00 3.6621256057e-02 7.1777661872e-02 6.7990381928e-01 8.2345914302e-01
4.8428932626e+04 7.8947650000e-01 7.5172487382e-01 1.0795516595e+00 3.6579212531e-02 7.1695256561e-02 6.8002961726e-01 8.2342013038e-01
4.8429580163e+04 7.6547460000e-01 7.5174064186e-01 1.0789318622e+00 3.6537243211e-02 7.1612996693e-02 6.8012764516e-01 8.2335363855e-01
4.8430172227e+04 6.2923110001e-01 7.5160031019e-01 1.0783209937e+00 3.6495636191e-02 7.1531446935e-02 6.8006886326e-01 8.2313175713e-01
4.8430648145e+04 5.0558330000e-01 7.5131882620e-01 1.0777353129e+00 3.6454940756e-02 7.1451683881e-02 6.7986714232e-01 8.2277051008e-01
4.8431511188e+04 6.9443540000e-01 7.5125381657e-01 1.0771202977e+00 3.6413312097e-02 7.1370091711e-02 6.7988372486e-01 8.2262390828e-01
4.8431994446e+04 5.0653330000e-01 7.5097445525e-01 1.0765363411e+00 3.6372792245e-02 7.1290672801e-02 6.7968378245e-01 8.2226512805e-01
4.8432819589e+04 6.8136500000e-01 7.5089508301e-01 1.0759242689e+00 3.6331381068e-02 7.1209506893e-02 6.7968557612e-01 8.2210458990e-01
4.8433483179e+04 7.1674170000e-01 7.5085618394e-01 1.0753112992e+00 3.6289998595e-02 7.1128397246e-02 6.7972778669e-01 8.2198458119e-01
4.8434125839e+04 7.4918550000e-01 7.5085428328e-01 1.0746987622e+00 3.6248689584e-02 7.1047431584e-02 6.7980685169e-01 8.2190171486e-01
4.8435114612e+04 1.0569670000e+00 7.5120213864e-01 1.0741367808e+00 3.6209143495e-02 7.0969921249e-02 6.8023221739e-01 8.2217205989e-01
4.8436088705e+04 1.3507309000e+00 7.5188264801e-01 1.0737160908e+00 3.6174414229e-02 7.0901851889e-02 6.8098079612e-01 8.2278449990e-01
4.8436542633e+04 9.7200420000e-01 7.5213221893e-01 1.0731321117e+00 3.6134237775e-02 7.0823106038e-02 6.8130911290e-01 8.2295532497e-01
4.8437005473e+04 6.9330420000e-01 7.5206559604e-01 1.0725254127e+00 3.6093353868e-02 7.0742973581e-02 6.8132262246e-01 8.2280856962e-01
4.8437642701e+04 6.8859610000e-01 7.5199379796e-01 1.0719200448e+00 3.6052572574e-02 7.0663042245e-02 6.8133075572e-01 8.2265684021e-01
4.8438325974e+04 7.1422430001e-01 7.5195112056e-01 1.0713143351e+00 3.6011837422e-02 7.0583201347e-02 6.8136791922e-01 8.2253432191e-01
4.8438871617e+04 6.4401280000e-01 7.5182929402e-01 1.0707150354e+00 3.5971375110e-02 7.0503895216e-02 6.8132539880e-01 8.2233318923e-01
4.8439534931e+04 7.0944680000e-01 7.5178151218e-01 1.0701115690e+00 3.5930829985e-02 7.0424426771e-02 6.8135708540e-01 8.2220593895e-01
4.8440494496e+04 1.0123921000e+00 7.5207499257e-01 1.0695438950e+00 3.5891543074e-02 7.0347424425e-02 6.8172756814e-01 8.2242241699e-01
4.8440912426e+04 7.3490730000e-01 7.5205568133e-01 1.0689416596e+00 3.5851152597e-02 7.0268259091e-02 6.8178742224e-01 8.2232394042e-01
4.8441500834e+04 7.2270370000e-01 7.5202270157e-01 1.0683407385e+00 3.5810862917e-02 7.0189291316e-02 6.8183341026e-01 8.2221199289e-01
4.8442249571e+04 8.5095520000e-01 7.5213373692e-01 1.0677455166e+00 3.5770820710e-02 7.0110808591e-02 6.8202292833e-01 8.2224454552e-01
4.8442835369e+04 7.9458200000e-01 7.5218132466e-01 1.0671471100e+00 3.5730728043e-02 7.0032226965e-02 6.8214909770e-01 8.2221355163e-01
4.8443331576e+04 6.5054700000e-01 7.5206751243e-01 1.0665541823e+00 3.5690874863e-02 6.9954114731e-02 6.8211339770e-01 8.2202162716e-01
4.8444183150e+04 8.7853780000e-01 7.5220897808e-01 1.0659652229e+00 3.5651210189e-02 6.9876371970e-02 6.8233260611e-01 8.2208535005e-01
4.8445400707e+04 1.4582802000e+00 7.5299788447e-01 1.0656299777e+00 3.5620081734e-02 6.9815360199e-02 6.8318252427e-01 8.2281324467e-01
4.8446162290e+04 1.5355453000e+00 7.5387126328e-01 1.0653549440e+00 3.5591010676e-02 6.9758380925e-02 6.8411288236e-01 8.2362964421e-01
4.8447090167e+04 1.2934996000e+00 7.5447285563e-01 1.0649125368e+00 3.5556394684e-02 6.9690533580e-02 6.8478232205e-01 8.2416338921e-01
4.8447531098e+04 8.0871950000e-01 7.5453326392e-01 1.0643203123e+00 3.5516828834e-02 6.9612984514e-02 6.8492027941e-01 8.2414624843e-01
4.8448032637e+04 6.5823130000e-01 7.5442614271e-01 1.0637323848e+00 3.5477461339e-02 6.9535824224e-02 6.8489031849e-01 8.2396196694e-01
4.8448697191e+04 7.1997909999e-01 7.5438786822e-01 1.0631412198e+00 3.5438040659e-02 6.9458559692e-02 6.8492930853e-01 8.2384642791e-01
4.8449418893e+04 7.8256370000e-01 7.5441913996e-01 1.0625508358e+00 3.5398700707e-02 6.9381453386e-02 6.8503768657e-01 8.2380059334e-01
4.8450055651e+04 7.9412070000e-01 7.5446315499e-01 1.0619618431e+00 3.5359461614e-02 6.9304544763e-02 6.8515861023e-01 8.2376769975e-01
4.8450826772e+04 8.9835710000e-01 7.5462250598e-01 1.0613837990e+00 3.5320641207e-02 6.9228456766e-02 6.8539404921e-01 8.2385096275e-01
4.8451506078e+04 8.8270740000e-01 7.5476419281e-01 1.0608044820e+00 3.5281832251e-02 6.9152391211e-02 6.8561180160e-01 8.2391658402e-01
4.8452207606e+04 9.5530810000e-01 7.5498578829e-01 1.0602385259e+00 3.5243521121e-02 6.9077301398e-02 6.8590848689e-01 8.2406308969e-01
4.8452776286e+04 8.5374540000e-01 7.5509479448e-01 1.0596576709e+00 3.5204768071e-02 6.9001345418e-02 6.8609344906e-01 8.2409613990e-01
4.8453592688e+04 9.8195080000e-01 7.5534491136e-01 1.0590994674e+00 3.5166820615e-02 6.8926968405e-02 6.8641794295e-01 8.2427187976e-01
4.8454094923e+04 7.0404340000e-01 7.5528841189e-01 1.0585168265e+00 3.5128114672e-02 6.8851104757e-02 6.8643730714e-01 8.2413951665e-01
4.8454915963e+04 8.5606990000e-01 7.5539928262e-01 1.0579390573e+00 3.5089623565e-02 6.8775662187e-02 6.8662362043e-01 8.2417494481e-01
4.8456166493e+04 1.4376764000e+00 7.5614903769e-01 1.0575985750e+00 3.5059051375e-02 6.8715740694e-02 6.8743329700e-01 8.2486477839e-01
4.8456583164e+04 1.0094296000e+00 7.5642706246e-01 1.0570505899e+00 3.5021648467e-02 6.8642430995e-02 6.8778463146e-01 8.2506949345e-01
4.8457163016e+04 7.1800840000e-01 7.5638493673e-01 1.0564710363e+00 3.4983251796e-02 6.8567173520e-02 6.8781776321e-01 8.2495211025e-01
4.8457930714e+04 8.5766540000e-01 7.5649586824e-01 1.0558969862e+00 3.4945089855e-02 6.8492376116e-02 6.8800349212e-01 8.2498824435e-01
4.8459095744e+04 1.3451846000e+00 7.5713994781e-01 1.0554980027e+00 3.4912770852e-02 6.8429030870e-02 6.8871091694e-01 8.2556897868e-01
4.8459655363e+04 9.7202060000e-01 7.5737479005e-01 1.0549443303e+00 3.4875383775e-02 6.8355752199e-02 6.8901903786e-01 8.2573054225e-01
4.8460269068e+04 9.1319480000e-01 7.5754489924e-01 1.0543802564e+00 3.4837704269e-02 6.8281900368e-02 6.8926299887e-01 8.2582679960e-01
4.8460980329e+04 9.3971640000e-01 7.5774355954e-01 1.0538217165e+00 3.4800259000e-02 6.8208507639e-02 6.8953505190e-01 8.2595206718e-01
4.8461731562e+04 8.0263500000e-01 7.5779246089e-01 1.0532479979e+00 3.4762363909e-02 6.8134233261e-02 6.8965822763e-01 8.2592669415e-01
4.8464099310e+04 2.5101334000e+00 7.5969925190e-01 1.0542583342e+00 3.4776773533e-02 6.8162476126e-02 6.9153677578e-01 8.2786172803e-01
4.8466243234e+04 3.4588004000e+00 7.6263305750e-01 1.0574314361e+00 3.4862482047e-02 6.8330464811e-02 6.9430259269e-01 8.3096352231e-01
4.8471648784e+04 7.7063281000e+00 7.7017235722e-01 1.0813138335e+00 3.5630502226e-02 6.9835784364e-02 7.0033657286e-01 8.4000814158e-01
4.8473447246e+04 8.4671123000e+00 7.7852044826e-01 1.1100248369e+00 3.6556721128e-02 7.1651173411e-02 7.0686927485e-01 8.5017162168e-01
4.8475791338e+04 5.3342139000e+00 7.8345619415e-01 1.1194999457e+00 3.6848789557e-02 7.2223627532e-02 7.1123256662e-01 8.5567982168e-01
4.8477609899e+04 4.8181938000e+00 7.8782279329e-01 1.1267303624e+00 3.7066707586e-02 7.2650746869e-02 7.1517204642e-01 8.6047354016e-01
4.8478066593e+04 4.2019479000e+00 7.9151373935e-01 1.1316956735e+00 3.7209924531e-02 7.2931452081e-02 7.1858228727e-01 8.6444519143e-01
4.8479786722e+04 4.3890439000e+00 7.9539876112e-01 1.1372387210e+00 3.7371983195e-02 7.3249087062e-02 7.2214967406e-01 8.6864784819e-01
4.8481126491e+04 4.1919055000e+00 7.9906273819e-01 1.1420799190e+00 3.7510826073e-02 7.3521219104e-02 7.2554151908e-01 8.7258395729e-01
4.8482344962e+04 2.8594831000e+00 8.0128301875e-01 1.1434637121e+00 3.7536035286e-02 7.3570629161e-02 7.2771238959e-01 8.7485364791e-01
4.8483147943e+04 2.5918781000e+00 8.0321046233e-01 1.1443547802e+00 3.7545062454e-02 7.3588322411e-02 7.2962213991e-01 8.7679878474e-01
4.8483823119e+04 2.0118881000e+00 8.0451011570e-01 1.1444244860e+00 3.7527157251e-02 7.3553228211e-02 7.3095688749e-01 8.7806334391e-01
4.8484057712e+04 1.1431979000e+00 8.0487390494e-01 1.1438628393e+00 3.7488590391e-02 7.3477637165e-02 7.3139626778e-01 8.7835154211e-01
4.8486336545e+04 2.7432342000e+00 8.0695369067e-01 1.1450082311e+00 3.7505991644e-02 7.3511743622e-02 7.3344194704e-01 8.8046543429e-01
4.8487144951e+04 2.4972629000e+00 8.0876538328e-01 1.1457295442e+00 3.7509501311e-02 7.3518622569e-02 7.3524676071e-01 8.8228400585e-01
4.8488449003e+04 2.7604396000e+00 8.1085497024e-01 1.1468927815e+00 3.7527478189e-02 7.3553857251e-02 7.3730111298e-01 8.8440882749e-01
4.8489139947e+04 2.1422324000e+00 8.1227890332e-01 1.1471044004e+00 3.7514325328e-02 7.3528077643e-02 7.3875082567e-01 8.8580698096e-01
4.8489341337e+04 1.2457951000e+00 8.1274206165e-01 1.1465782804e+00 3.7477083497e-02 7.3455083654e-02 7.3928697799e-01 8.8619714530e-01
4.8489899879e+04 1.0553863000e+00 8.1300102028e-01 1.1459930144e+00 3.7437959908e-02 7.3378401419e-02 7.3962261886e-01 8.8637942170e-01
4.8490589256e+04 1.0731596000e+00 8.1327837484e-01 1.1454127935e+00 3.7399053433e-02 7.3302144728e-02 7.3997623011e-01 8.8658051957e-01
4.8491346391e+04 1.0475054000e+00 8.1352781789e-01 1.1448275601e+00 3.7360035459e-02 7.3225669500e-02 7.4030214839e-01 8.8675348739e-01
4.8491934664e+04 9.1893970000e-01 8.1363995819e-01 1.1442229583e+00 3.7320437878e-02 7.3148058241e-02 7.4049189995e-01 8.8678801643e-01
4.8492630342e+04 9.5212360000e-01 8.1378712465e-01 1.1436230681e+00 3.7281046542e-02 7.3070851222e-02 7.4071627343e-01 8.8685797588e-01
4.8493098617e+04 7.3115450000e-01 8.1369940425e-01 1.1430184103e+00 3.7241552231e-02 7.2993442373e-02 7.4070596187e-01 8.8669284662e-01
4.8493960822e+04 9.4819830000e-01 8.1384203298e-01 1.1424199386e+00 3.7202311757e-02 7.2916531045e-02 7.4092550194e-01 8.8675856402e-01
4.8496900165e+04 3.2415337000e+00 8.1641374025e-01 1.1445418309e+00 3.7251663635e-02 7.3013260725e-02 7.4340047953e-01 8.8942700098e-01
4.8497690847e+04 3.3326294000e+00 8.1907640233e-01 1.1468570349e+00 3.7307262134e-02 7.3122233783e-02 7.4595416854e-01 8.9219863611e-01
4.8498099377e+04 2.9824807000e+00 8.2136329905e-01 1.1484038832e+00 3.7337830871e-02 7.3182148508e-02 7.4818115054e-01 8.9454544756e-01
4.8498342563e+04 2.2785594000e+00 8.2290204889e-01 1.1487720653e+00 3.7330076229e-02 7.3166949409e-02 7.4973509948e-01 8.9606899830e-01
4.8498405992e+04 1.6644269000e+00 8.2378973333e-01 1.1484902890e+00 3.7301230507e-02 7.3110411793e-02 7.5067932154e-01 8.9690014513e-01
4.8498742379e+04 1.2454452000e+00 8.2423404889e-01 1.1479659023e+00 3.7264550100e-02 7.3038518196e-02 7.5119553070e-01 8.9727256709e-01
4.8499277827e+04 9.9804000000e-01 8.2441700253e-01 1.1473747561e+00 3.7225752702e-02 7.2962475295e-02 7.5145452723e-01 8.9737947782e-01
4.8499746784e+04 7.3654820000e-01 8.2432460631e-01 1.1467742518e+00 3.7186702967e-02 7.2885937815e-02 7.5143866849e-01 8.9721054412e-01
4.8500611662e+04 9.9640370000e-01 8.2450536166e-01 1.1461847169e+00 3.7148060068e-02 7.2810197733e-02 7.5169516393e-01 8.9731555939e-01
4.8501202937e+04 9.8650000000e-01 8.2467534554e-01 1.1455945768e+00 3.7109448378e-02 7.2734518820e-02 7.5194082672e-01 8.9740986436e-01
4.8501800316e+04 8.1604290001e-01 8.2466629686e-01 1.1449934067e+00 3.7070530279e-02 7.2658239348e-02 7.5200805751e-01 8.9732453620e-01
4.8502277566e+04 6.6462910000e-01 8.2449871864e-01 1.1444048531e+00 3.7032071395e-02 7.2582859934e-02 7.5191585871e-01 8.9708157857e-01
4.8502982689e+04 7.6482620000e-01 8.2443629969e-01 1.1438071578e+00 3.6993367242e-02 7.2506999795e-02 7.5192929989e-01 8.9694329948e-01
4.8504163496e+04 1.3362088000e+00 8.2497106719e-01 1.1433283423e+00 3.6958556506e-02 7.2438770752e-02 7.5253229644e-01 8.9740983794e-01
4.8505599003e+04 1.9504177000e+00 8.2614585491e-01 1.1433085953e+00 3.6938624039e-02 7.2399703117e-02 7.5374615179e-01 8.9854555802e-01
4.8506439039e+04 2.0292364000e+00 8.2740038102e-01 1.1433712507e+00 3.6921383335e-02 7.2365911337e-02 7.5503446969e-01 8.9976629236e-01
4.8508702801e+04 3.2917258000e+00 8.2996738667e-01 1.1455365451e+00 3.6972033013e-02 7.2465184706e-02 7.5750220196e-01 9.0243257137e-01
4.8509295368e+04 3.0128144000e+00 8.3223881956e-01 1.1471007262e+00 3.7003249232e-02 7.2526368494e-02 7.5971245107e-01 9.0476518806e-01
4.8509730206e+04 1.5658635000e+00 8.3300142318e-01 1.1467474521e+00 3.6972621758e-02 7.2466338646e-02 7.6053508453e-01 9.0546776183e-01
4.8509949501e+04 1.0373474000e+00 8.3321362046e-01 1.1461701709e+00 3.6934817563e-02 7.2392242423e-02 7.6082137803e-01 9.0560586288e-01
4.8510565795e+04 9.6186530000e-01 8.3334707656e-01 1.1455823984e+00 3.6896724650e-02 7.2317580315e-02 7.6102949624e-01 9.0566465687e-01
4.8511234327e+04 9.1687220000e-01 8.3343363109e-01 1.1449912162e+00 3.6858571393e-02 7.2242799931e-02 7.6119083116e-01 9.0567643102e-01
4.8511706452e+04 7.4413030000e-01 8.3334118458e-01 1.1444014060e+00 3.6820511687e-02 7.2168202906e-02 7.6117298167e-01 9.0550938748e-01
4.8512800532e+04 1.2064011000e+00 8.3372697559e-01 1.1438717596e+00 3.6784435953e-02 7.2097494469e-02 7.6162948113e-01 9.0582447006e-01
4.8514323093e+04 1.9494369000e+00 8.3487956849e-01 1.1438418328e+00 3.6764468936e-02 7.2058359115e-02 7.6282120938e-01 9.0693792761e-01
4.8515490711e+04 2.3404627000e+00 8.3643331785e-01 1.1442724313e+00 3.6759326541e-02 7.2048280020e-02 7.6438503783e-01 9.0848159787e-01
4.8517399395e+04 3.4914380000e+00 8.3917043608e-01 1.1468512191e+00 3.6823173436e-02 7.2173419935e-02 7.6699701615e-01 9.1134385602e-01
4.8517519944e+04 2.4002209000e+00 8.4077810906e-01 1.1473529739e+00 3.6820309160e-02 7.2167805953e-02 7.6861030311e-01 9.1294591502e-01
4.8518218242e+04 2.2015862000e+00 8.4217811739e-01 1.1475915189e+00 3.6809015131e-02 7.2145669656e-02 7.7003244773e-01 9.1432378704e-01
4.8518436385e+04 1.1670558000e+00 8.4251201017e-01 1.1470482786e+00 3.6772679566e-02 7.2074451949e-02 7.7043755823e-01 9.1458646212e-01
4.8519089006e+04 1.0806318000e+00 8.4275648634e-01 1.1464840506e+00 3.6735718542e-02 7.2002008342e-02 7.7075447800e-01 9.1475849469e-01
4.8519558139e+04 8.6392570000e-01 8.4277819836e-01 1.1458955557e+00 3.6698027957e-02 7.1928134795e-02 7.7085006356e-01 9.1470633315e-01
4.8520322471e+04 9.9846749999e-01 8.4293771609e-01 1.1453185972e+00 3.6660754927e-02 7.1855079658e-02 7.7108263643e-01 9.1479279574e-01
4.8521410904e+04 1.4418062000e+00 8.4355068280e-01 1.1448918677e+00 3.6628335939e-02 7.1791538439e-02 7.7175914436e-01 9.1534222124e-01
4.8521911481e+04 1.0358202000e+00 8.4374727740e-01 1.1443222948e+00 3.6591392071e-02 7.1719128459e-02 7.7202814894e-01 9.1546640586e-01
4.8522365901e+04 7.1548580000e-01 8.4361626466e-01 1.1437444518e+00 3.6554231208e-02 7.1646293168e-02 7.7196997149e-01 9.1526255783e-01
4.8523059449e+04 7.5838040000e-01 8.4352928929e-01 1.1431634026e+00 3.6517015395e-02 7.1573350173e-02 7.7195593911e-01 9.1510263946e-01
4.8523838939e+04 8.7311410000e-01 8.4355944709e-01 1.1425803972e+00 3.6479784579e-02 7.1500377775e-02 7.7205906932e-01 9.1505982487e-01
4.8525075371e+04 1.4396930000e+00 8.4416650774e-01 1.1421561671e+00 3.6447667894e-02 7.1437429071e-02 7.7272907867e-01 9.1560393681e-01
4.8526882639e+04 2.2994910000e+00 8.4564700061e-01 1.1425168196e+00 3.6440627210e-02 7.1423629331e-02 7.7422337128e-01 9.1707062994e-01
4.8527577924e+04 1.9320345000e+00 8.4675105295e-01 1.1424600534e+00 3.6420296282e-02 7.1383780713e-02 7.7536727223e-01 9.1813483366e-01
4.8527858774e+04 1.1732275000e+00 8.4708250112e-01 1.1419267208e+00 3.6384810739e-02 7.1314229049e-02 7.7576827207e-01 9.1839673017e-01
4.8528503607e+04 1.0225496000e+00 8.4726045963e-01 1.1413605808e+00 3.6348325773e-02 7.1242718515e-02 7.7601774112e-01 9.1850317815e-01
4.8529536312e+04 1.3900602000e+00 8.4781040871e-01 1.1409123474e+00 3.6315640141e-02 7.1178654676e-02 7.7663175404e-01 9.1898906339e-01
4.8529888832e+04 1.1057858000e+00 8.4807151741e-01 1.1403637359e+00 3.6279803471e-02 7.1108414803e-02 7.7696310261e-01 9.1917993221e-01
4.8532087130e+04 2.6427164000e+00 8.4988612295e-01 1.1412127347e+00 3.6288453762e-02 7.1125369374e-02 7.7876075358e-01 9.2101149233e-01
4.8532784432e+04 2.5053296000e+00 8.5155828808e-01 1.1418472020e+00 3.6290286324e-02 7.1128961195e-02 7.8042932689e-01 9.2268724928e-01
4.8533166038e+04 1.4336039000e+00 8.5214561968e-01 1.1414199738e+00 3.6258400420e-02 7.1066464823e-02 7.8107915485e-01 9.2321208450e-01
4.8533834231e+04 1.1336008000e+00 8.5242934466e-01 1.1408788982e+00 3.6222941241e-02 7.0996964832e-02 7.8143237983e-01 9.2342630949e-01
4.8534532599e+04 1.0740988000e+00 8.5265257674e-01 1.1403253890e+00 3.6187132418e-02 7.0926779540e-02 7.8172579720e-01 9.2357935628e-01
4.8535993434e+04 1.7820763000e+00 8.5358761066e-01 1.1401318576e+00 3.6162786611e-02 7.0879061758e-02 7.8270854891e-01 9.2446667242e-01
4.8537111061e+04 2.0523515000e+00 8.5479239849e-01 1.1401910849e+00 3.6146487422e-02 7.0847115346e-02 7.8394528315e-01 9.2563951384e-01
4.8537483564e+04 1.5934616000e+00 8.5553403424e-01 1.1398580679e+00 3.6117784991e-02 7.0790858582e-02 7.8474317566e-01 9.2632489282e-01
4.8537969958e+04 1.0821526000e+00 8.5576133470e-01 1.1393082899e+00 3.6082255570e-02 7.0721220917e-02 7.8504011379e-01 9.2648255562e-01
4.8538817927e+04 1.1486060000e+00 8.5605476623e-01 1.1387744703e+00 3.6047275990e-02 7.0652660941e-02 7.8540210529e-01 9.2670742717e-01
4.8539661618e+04 1.1110872000e+00 8.5631005395e-01 1.1382323706e+00 3.6012078519e-02 7.0583673898e-02 7.8572638006e-01 9.2689372785e-01
4.8540580147e+04 1.2943763000e+00 8.5674812020e-01 1.1377467951e+00 3.5978712731e-02 7.0518276953e-02 7.8622984325e-01 9.2726639715e-01
4.8541198937e+04 1.1994121000e+00 8.5709044186e-01 1.1372293024e+00 3.5944380474e-02 7.0450985729e-02 7.8663945613e-01 9.2754142759e-01
4.8541798709e+04 9.1983540000e-01 8.5715306158e-01 1.1366628404e+00 3.5908544466e-02 7.0380747154e-02 7.8677231442e-01 9.2753380873e-01
4.8542630415e+04 1.0513508000e+00 8.5734667846e-01 1.1361120331e+00 3.5873247443e-02 7.0311564987e-02 7.8703511348e-01 9.2765824345e-01
4.8543277525e+04 1.0251448000e+00 8.5751380807e-01 1.1355578708e+00 3.5837888622e-02 7.0242261700e-02 7.8727154637e-01 9.2775606977e-01
4.8544552955e+04 1.6056975000e+00 8.5825826945e-01 1.1352373159e+00 3.5809942800e-02 7.0187487887e-02 7.8807078157e-01 9.2844575734e-01
4.8545375664e+04 1.3577797000e+00 8.5875481163e-01 1.1347815641e+00 3.5777771099e-02 7.0124431354e-02 7.8863038028e-01 9.2887924298e-01
4.8546100907e+04 1.1907571000e+00 8.5908450606e-01 1.1342656214e+00 3.5743743419e-02 7.0057737100e-02 7.8902676896e-01 9.2914224316e-01
4.8546932677e+04 1.2402360000e+00 8.5946263254e-01 1.1337657894e+00 3.5710265759e-02 6.9992120888e-02 7.8947051165e-01 9.2945475343e-01
4.8547518633e+04 1.0571582000e+00 8.5965856472e-01 1.1332203399e+00 3.5675393972e-02 6.9923772185e-02 7.8973479253e-01 9.2958233690e-01
4.8548410851e+04 1.2296873000e+00 8.6002492980e-01 1.1327184276e+00 3.5641935423e-02 6.9858193430e-02 7.9016673637e-01 9.2988312323e-01
4.8549009422e+04 1.1348250000e+00 8.6029673996e-01 1.1321904912e+00 3.5607700247e-02 6.9791092483e-02 7.9050564748e-01 9.3008783244e-01
4.8549586069e+04 1.0057927000e+00 8.6044051067e-01 1.1316396500e+00 3.5572787616e-02 6.9722663728e-02 7.9071784694e-01 9.3016317440e-01
4.8550234799e+04 9.6979359999e-01 8.6054846041e-01 1.1310856144e+00 3.5537817783e-02 6.9654122855e-02 7.9089433756e-01 9.3020258327e-01
4.8550951647e+04 1.0165488000e+00 8.6070230690e-01 1.1305377955e+00 3.5503086333e-02 6.9586049213e-02 7.9111625769e-01 9.3028835612e-01
4.8551693518e+04 1.0155483000e+00 8.6085486453e-01 1.1299906361e+00 3.5468418446e-02 6.9518100154e-02 7.9133676438e-01 9.3037296469e-01
4.8555088642e+04 3.7575431000e+00 8.6370593563e-01 1.1330804757e+00 3.5547896109e-02 6.9673876373e-02 7.9403205926e-01 9.3337981200e-01
4.8556000595e+04 3.9566284000e+00 8.6674715733e-01 1.1366638577e+00 3.5642780376e-02 6.9859849536e-02 7.9688730779e-01 9.3660700686e-01
4.8556332579e+04 3.5822564000e+00 8.6941465167e-01 1.1392852179e+00 3.5707428355e-02 6.9986559575e-02 7.9942809209e-01 9.3940121125e-01
4.8556895190e+04 3.2828099000e+00 8.7178304740e-01 1.1412300613e+00 3.5750828519e-02 7.0071623898e-02 8.0171142350e-01 9.4185467130e-01
4.8556978481e+04 1.9848048000e+00 8.7287424520e-01 1.1412016769e+00 3.5732410554e-02 7.0035524687e-02 8.0283872051e-01 9.4290976988e-01
4.8557686899e+04 1.7927376000e+00 8.7377518874e-01 1.1410049936e+00 3.5708752160e-02 6.9989154233e-02 8.0378603450e-01 9.4376434297e-01
4.8558535245e+04 1.7204900000e+00 8.7460367681e-01 1.1407532981e+00 3.5683404673e-02 6.9939473158e-02 8.0466420365e-01 9.4454314997e-01
4.8558953811e+04 1.4875611000e+00 8.7520285318e-01 1.1403559499e+00 3.5653536639e-02 6.9880931812e-02 8.0532192136e-01 9.4508378499e-01
4.8560189077e+04 1.8127940000e+00 8.7611846953e-01 1.1401746152e+00 3.5630456725e-02 6.9835695181e-02 8.0628277435e-01 9.4595416471e-01
4.8561226695e+04 2.0081990000e+00 8.7722293834e-01 1.1401656684e+00 3.5612792323e-02 6.9801072953e-02 8.0742186539e-01 9.4702401129e-01
4.8562658516e+04 2.6582815000e+00 8.7895886287e-01 1.1409637375e+00 3.5620348269e-02 6.9815882607e-02 8.0914298026e-01 9.4877474547e-01
4.8563468018e+04 2.4517047000e+00 8.8049026095e-01 1.1414620431e+00 3.5618551394e-02 6.9812360732e-02 8.1067790022e-01 9.5030262169e-01
4.8564252754e+04 2.5724717000e+00 8.8213615730e-01 1.1421247882e+00 3.5621893431e-02 6.9818911124e-02 8.1231724617e-01 9.5195506842e-01
4.8565065881e+04 2.6292552000e+00 8.8383403780e-01 1.1428664091e+00 3.5627699516e-02 6.9830291052e-02 8.1400374675e-01 9.5366432886e-01
4.8565467673e+04 2.2339069000e+00 8.8514478816e-01 1.1430845054e+00 3.5617195946e-02 6.9809704054e-02 8.1533508410e-01 9.5495449221e-01
4.8565780920e+04 1.7979561000e+00 8.8603015315e-01 1.1428827539e+00 3.5593635330e-02 6.9763525246e-02 8.1626662791e-01 9.5579367840e-01
4.8567827021e+04 2.8658331000e+00 8.8794856686e-01 1.1439879733e+00 3.5610790149e-02 6.9797148693e-02 8.1815141817e-01 9.5774571555e-01
4.8568653763e+04 2.9571457000e+00 8.8995166186e-01 1.1452428305e+00 3.5632592474e-02 6.9839881248e-02 8.2011178061e-01 9.5979154311e-01
4.8569233213e+04 1.9642838000e+00 8.9099066779e-01 1.1451753652e+00 3.5613259775e-02 6.9801989158e-02 8.2118867864e-01 9.6079265695e-01
4.8569524059e+04 1.2216692000e+00 8.9131016396e-01 1.1446675767e+00 3.5580267304e-02 6.9737323916e-02 8.2157284005e-01 9.6104748788e-01
4.8570607314e+04 1.4885047000e+00 8.9188660656e-01 1.1442647516e+00 3.5550576049e-02 6.9679129055e-02 8.2220747751e-01 9.6156573562e-01
4.8571937249e+04 1.9672191000e+00 8.9292357136e-01 1.1441992768e+00 3.5531397623e-02 6.9641539340e-02 8.2328203202e-01 9.6256511070e-01
4.8573016511e+04 1.9805470000e+00 8.9397137813e-01 1.1441451071e+00 3.5512596833e-02 6.9604689793e-02 8.2436668834e-01 9.6357606792e-01
4.8573701468e+04 1.8941478000e+00 8.9493401184e-01 1.1440143174e+00 3.5491445355e-02 6.9563232897e-02 8.2537077894e-01 9.6449724473e-01
4.8574822704e+04 2.1589697000e+00 8.9614943077e-01 1.1441345950e+00 3.5478107706e-02 6.9537091103e-02 8.2661233967e-01 9.6568652187e-01
4.8576835718e+04 3.2919161000e+00 8.9845083967e-01 1.1459902345e+00 3.5518576509e-02 6.9616409957e-02 8.2883442972e-01 9.6806724963e-01
4.8578705213e+04 4.3347780000e+00 9.0174865845e-01 1.1503710518e+00 3.5637241903e-02 6.9848994130e-02 8.3189966432e-01 9.7159765258e-01
4.8579931579e+04 3.7690982000e+00 9.0449779511e-01 1.1532383630e+00 3.5708937381e-02 6.9989517267e-02 8.3450827784e-01 9.7448731238e-01
4.8580779367e+04 2.9073563000e+00 9.0641624195e-01 1.1543492932e+00 3.5726213731e-02 7.0023378912e-02 8.3639286304e-01 9.7643962087e-01
4.8581840089e+04 2.1170942000e+00 9.0757478545e-01 1.1544033997e+00 3.5710789509e-02 6.9993147439e-02 8.3758163802e-01 9.7756793289e-01
4.8583598530e+04 3.0888361000e+00 9.0966012132e-01 1.1558184384e+00 3.5737467721e-02 7.0045436733e-02 8.3961468459e-01 9.7970555805e-01
4.8585405288e+04 3.9950348000e+00 9.1260699303e-01 1.1591905000e+00 3.5824610102e-02 7.0216235800e-02 8.4239075723e-01 9.8282322883e-01
4.8585562912e+04 2.9517459000e+00 9.1455273626e-01 1.1603460981e+00 3.5843210674e-02 7.0252692921e-02 8.4430004334e-01 9.8480542918e-01
4.8586413556e+04 2.9829451000e+00 9.1652451163e-01 1.1615476094e+00 3.5863219246e-02 7.0291909723e-02 8.4623260191e-01 9.8681642135e-01
4.8587902686e+04 3.2451389000e+00 9.1874223962e-01 1.1632136491e+00 3.5897552555e-02 7.0359203009e-02 8.4838303661e-01 9.8910144263e-01
4.8588616661e+04 2.5356959000e+00 9.2028073026e-01 1.1637279151e+00 3.5896333723e-02 7.0356814097e-02 8.4992391616e-01 9.9063754435e-01
4.8588938339e+04 1.5033045000e+00 9.2083493536e-01 1.1633129077e+00 3.5866473445e-02 7.0298287953e-02 8.5053664741e-01 9.9113322331e-01
4.8589301161e+04 1.0332375000e+00 9.2094168044e-01 1.1627650254e+00 3.5832554874e-02 7.0231807553e-02 8.5070987288e-01 9.9117348799e-01
4.8589852652e+04 9.5758980000e-01 9.2097645095e-01 1.1622133218e+00 3.5798558870e-02 7.0165175385e-02 8.5081127556e-01 9.9114162633e-01
4.8590395322e+04 8.2992960000e-01 9.2089015062e-01 1.1616652351e+00 3.5764714513e-02 7.0098840445e-02 8.5079131017e-01 9.9098899106e-01
4.8591090746e+04 8.2176970000e-01 9.2079628655e-01 1.1611185549e+00 3.5730953533e-02 7.0032668925e-02 8.5076361763e-01 9.9082895548e-01
4.8591680077e+04 7.3626180000e-01 9.2062170331e-01 1.1605825191e+00 3.5697559917e-02 6.9967217438e-02 8.5065448587e-01 9.9058892075e-01
4.8592303482e+04 7.1047690000e-01 9.2042307873e-01 1.1600513646e+00 3.5664355931e-02 6.9902137624e-02 8.5052094111e-01 9.9032521636e-01
4.8592929111e+04 6.9479180000e-01 9.2021001804e-01 1.1595237168e+00 3.5631299038e-02 6.9837346114e-02 8.5037267192e-01 9.9004736415e-01
4.8593973568e+04 1.0951503000e+00 9.2037505604e-01 1.1589885698e+00 3.5598050946e-02 6.9772179853e-02 8.5060287618e-01 9.9014723589e-01
4.8595790758e+04 2.2400323000e+00 9.2161884232e-01 1.1591493037e+00 3.5586205859e-02 6.9748963484e-02 8.5186987883e-01 9.9136780580e-01
4.8596938669e+04 2.1198654000e+00 9.2274713475e-01 1.1591856753e+00 3.5570563670e-02 6.9718304792e-02 8.5302882995e-01 9.9246543954e-01
4.8597285454e+04 1.2214921000e+00 9.2302817422e-01 1.1586759879e+00 3.5538195700e-02 6.9654863572e-02 8.5337331065e-01 9.9268303780e-01
4.8597904367e+04 1.0570982000e+00 9.2315417989e-01 1.1581381434e+00 3.5505002815e-02 6.9589805517e-02 8.5356437437e-01 9.9274398540e-01
4.8598580005e+04 1.0189140000e+00 9.2324409521e-01 1.1575974932e+00 3.5471762971e-02 6.9524655424e-02 8.5371943979e-01 9.9276875063e-01
4.8599187010e+04 1.0063929000e+00 9.2332209597e-01 1.1570566926e+00 3.5438557534e-02 6.9459572766e-02 8.5386252320e-01 9.9278166873e-01
4.8599854483e+04 9.5802790000e-01 9.2335462249e-01 1.1565143433e+00 3.5405343614e-02 6.9394473483e-02 8.5396014901e-01 9.9274909598e-01
4.8600749353e+04 1.1038485000e+00 9.2352362425e-01 1.1559854511e+00 3.5372580358e-02 6.9330257501e-02 8.5419336675e-01 9.9285388175e-01
4.8601443268e+04 1.0917785000e+00 9.2368101890e-01 1.1554555817e+00 3.5339825627e-02 6.9266058229e-02 8.5441496067e-01 9.9294707713e-01
4.8602007303e+04 8.9131350000e-01 9.2365076888e-01 1.1549154412e+00 3.5306795251e-02 6.9201318692e-02 8.5444945019e-01 9.9285208757e-01
4.8603014081e+04 1.2431487000e+00 9.2394908627e-01 1.1544168785e+00 3.5275073914e-02 6.9139144872e-02 8.5480994140e-01 9.9308823115e-01
4.8603563081e+04 9.2671880000e-01 9.2395166996e-01 1.1538778122e+00 3.5242152794e-02 6.9074619477e-02 8.5487705049e-01 9.9302628944e-01
4.8606994233e+04 3.6724465000e+00 9.2651317493e-01 1.1563847621e+00 3.5302259195e-02 6.9192428023e-02 8.5732074691e-01 9.9570560295e-01
4.8611283179e+04 7.2147469000e+00 9.3236814115e-01 1.1716495142e+00 3.5751607692e-02 7.0073151076e-02 8.6229499008e-01 1.0024412922e+00
4.8615821048e+04 1.0315362900e+01 9.4109650837e-01 1.2055316031e+00 3.6768369193e-02 7.2066003617e-02 8.6903050475e-01 1.0131625120e+00
4.8617112373e+04 8.7366044000e+00 9.4834140418e-01 1.2281610998e+00 3.7441151930e-02 7.3384657783e-02 8.7495674640e-01 1.0217260620e+00
4.8617727677e+04 5.6299818000e+00 9.5268833120e-01 1.2358437201e+00 3.7657865799e-02 7.3809416967e-02 8.7887891423e-01 1.0264977482e+00
4.8617743841e+04 2.8878866000e+00 9.5448350584e-01 1.2366739190e+00 3.7665680775e-02 7.3824734319e-02 8.8065877153e-01 1.0283082402e+00
4.8618084084e+04 1.4158153000e+00 9.5491106080e-01 1.2361798980e+00 3.7633183209e-02 7.3761039090e-02 8.8115002171e-01 1.0286720999e+00
4.8618554420e+04 8.9090290000e-01 9.5485179398e-01 1.2356084630e+00 3.7598368190e-02 7.3692801653e-02 8.8115899233e-01 1.0285445956e+00
4.8619283606e+04 9.5062020000e-01 9.5484787946e-01 1.2350362963e+00 3.7563571193e-02 7.3624599538e-02 8.8122327993e-01 1.0284724790e+00
4.8619917920e+04 9.4871200000e-01 9.5484220860e-01 1.2344649310e+00 3.7528838769e-02 7.3556523987e-02 8.8128568461e-01 1.0283987326e+00
4.8620567155e+04 9.4811830000e-01 9.5483600000e-01 1.2338943609e+00 3.7494170602e-02 7.3488574380e-02 8.8134742562e-01 1.0283245744e+00
4.8621186180e+04 8.9776630000e-01 9.5478335268e-01 1.2333257813e+00 3.7459602877e-02 7.3420821639e-02 8.8136253104e-01 1.0282041743e+00
4.8621738102e+04 8.3702930000e-01 9.5467482359e-01 1.2327619515e+00 3.7425219189e-02 7.3353429611e-02 8.8132139398e-01 1.0280282532e+00
4.8623570638e+04 2.0660339000e+00 9.5569817449e-01 1.2326547144e+00 3.7404730364e-02 7.3313271514e-02 8.8238490298e-01 1.0290114460e+00
4.8625294917e+04 2.7810339000e+00 9.5737741619e-01 1.2333291901e+00 3.7407978369e-02 7.3319637603e-02 8.8405777859e-01 1.0306970538e+00
4.8626324726e+04 2.9696000000e+00 9.5922688548e-01 1.2342688758e+00 3.7419271656e-02 7.3341772445e-02 8.8588511303e-01 1.0325686579e+00
4.8627506325e+04 2.6101340000e+00 9.6074286997e-01 1.2347145043e+00 3.7415591040e-02 7.3334558438e-02 8.8740831153e-01 1.0340774284e+00
4.8627713567e+04 1.6553832000e+00 9.6138015468e-01 1.2343266416e+00 3.7386675965e-02 7.3277884890e-02 8.8810226979e-01 1.0346580396e+00
4.8628184855e+04 1.2333689000e+00 9.6162945692e-01 1.2337877613e+00 3.7353223172e-02 7.3212317418e-02 8.8841713950e-01 1.0348417743e+00
4.8628638593e+04 9.8127520000e-01 9.6164744753e-01 1.2332223359e+00 3.7319005580e-02 7.3145250936e-02 8.8850219659e-01 1.0347926985e+00
4.8629463495e+04 1.1774927000e+00 9.6184492717e-01 1.2326748183e+00 3.7285368794e-02 7.3079322837e-02 8.8876560434e-01 1.0349242500e+00
4.8630543435e+04 1.5051808000e+00 9.6234157788e-01 1.2322201956e+00 3.7254579126e-02 7.3018975086e-02 8.8932260279e-01 1.0353605530e+00
4.8632670797e+04 2.9849517000e+00 9.6418871041e-01 1.2331712467e+00 3.7266304682e-02 7.3041957177e-02 8.9114675323e-01 1.0372306676e+00
4.8635054172e+04 4.5528214000e+00 9.6746301031e-01 1.2373609356e+00 3.7375853931e-02 7.3256673705e-02 8.9420633661e-01 1.0407196840e+00
4.8635331029e+04 4.1785248000e+00 9.7039014047e-01 1.2405868604e+00 3.7456212761e-02 7.3414177012e-02 8.9697596346e-01 1.0438043175e+00
4.8636241301e+04 4.4545234000e+00 9.7356330373e-01 1.2444671330e+00 3.7556253436e-02 7.3610256735e-02 8.9995304700e-01 1.0471735605e+00
4.8636567880e+04 4.1247877000e+00 9.7643065987e-01 1.2475237207e+00 3.7631364498e-02 7.3757474415e-02 9.0267318546e-01 1.0501881343e+00
4.8636589297e+04 3.5203576000e+00 9.7874332073e-01 1.2493106923e+00 3.7668134665e-02 7.3829543942e-02 9.0491377678e-01 1.0525728647e+00
4.8637637909e+04 3.4941968000e+00 9.8102801962e-01 1.2510396283e+00 3.7703130152e-02 7.3898135097e-02 9.0712988452e-01 1.0549261547e+00
4.8637678618e+04 1.5674154000e+00 9.8156013158e-01 1.2505960044e+00 3.7672655964e-02 7.3838405690e-02 9.0772172589e-01 1.0553985373e+00
4.8637839214e+04 1.0305423000e+00 9.8160453971e-01 1.2500293238e+00 3.7638511922e-02 7.3771483366e-02 9.0783305634e-01 1.0553760231e+00
4.8638275545e+04 7.2335560000e-01 9.8137061857e-01 1.2494866978e+00 3.7605130508e-02 7.3706055796e-02 9.0766456277e-01 1.0550766744e+00
4.8638934006e+04 7.2147790000e-01 9.8113542154e-01 1.2489451280e+00 3.7571818803e-02 7.3640764853e-02 9.0749465669e-01 1.0547761864e+00
4.8639666485e+04 8.0486350000e-01 9.8097604367e-01 1.2483911085e+00 3.7538170563e-02 7.3574814304e-02 9.0740122937e-01 1.0545508580e+00
4.8640532366e+04 9.5457960000e-01 9.8095219864e-01 1.2478268607e+00 3.7504252987e-02 7.3508335855e-02 9.0744386279e-01 1.0544605345e+00
4.8641058978e+04 7.3741830000e-01 9.8073240271e-01 1.2472845645e+00 3.7471033153e-02 7.3443224980e-02 9.0728917773e-01 1.0541756277e+00
4.8641637429e+04 6.7754640000e-01 9.8045901587e-01 1.2467547950e+00 3.7438227074e-02 7.3378925066e-02 9.0708009080e-01 1.0538379409e+00
4.8642264785e+04 6.9493850000e-01 9.8020179018e-01 1.2462220007e+00 3.7405367382e-02 7.3314520068e-02 9.0688727011e-01 1.0535163102e+00
4.8642874958e+04 6.7760640000e-01 9.7992942709e-01 1.2456935639e+00 3.7372675596e-02 7.3250444169e-02 9.0667898292e-01 1.0531798713e+00
4.8643631788e+04 8.0110520000e-01 9.7976861394e-01 1.2451443569e+00 3.7339397935e-02 7.3185219952e-02 9.0658339399e-01 1.0529538339e+00
4.8644172741e+04 7.1943990000e-01 9.7953471572e-01 1.2446088039e+00 3.7306567000e-02 7.3120871320e-02 9.0641384440e-01 1.0526555870e+00
4.8644867750e+04 8.0103570000e-01 9.7937448321e-01 1.2440610397e+00 3.7273407216e-02 7.3055878143e-02 9.0631860507e-01 1.0524303614e+00
4.8645653327e+04 9.8750700001e-01 9.7938177695e-01 1.2435025624e+00 3.7239963860e-02 7.2990329166e-02 9.0639144778e-01 1.0523721061e+00
4.8646504148e+04 1.0908376000e+00 9.7948164776e-01 1.2429492866e+00 3.7206713671e-02 7.2925158795e-02 9.0655648896e-01 1.0524068066e+00
4.8647052327e+04 8.7476580000e-01 9.7938790036e-01 1.2423962321e+00 3.7173507350e-02 7.2860074406e-02 9.0652782595e-01 1.0522479748e+00
4.8647576122e+04 7.4841380000e-01 9.7918130456e-01 1.2418591722e+00 3.7140816545e-02 7.2796000428e-02 9.0638530413e-01 1.0519773050e+00
4.8648137684e+04 6.6110250000e-01 9.7889705183e-01 1.2413400409e+00 3.7108698354e-02 7.2733048774e-02 9.0616400306e-01 1.0516301006e+00
4.8648789182e+04 6.8907810000e-01 9.7863828491e-01 1.2408154457e+00 3.7076452991e-02 7.2669847862e-02 9.0596843705e-01 1.0513081328e+00
4.8649387633e+04 6.8261170000e-01 9.7837421124e-01 1.2402928727e+00 3.7044304189e-02 7.2606836211e-02 9.0576737503e-01 1.0509810475e+00
4.8650245809e+04 9.1996720000e-01 9.7832215508e-01 1.2397407662e+00 3.7011309725e-02 7.2542167061e-02 9.0577998802e-01 1.0508643221e+00
4.8650804315e+04 8.2288890000e-01 9.7818374613e-01 1.2391968465e+00 3.6978596304e-02 7.2478048755e-02 9.0570569737e-01 1.0506617949e+00
4.8651449037e+04 8.6081080000e-01 9.7807932180e-01 1.2386499318e+00 3.6945829991e-02 7.2413826783e-02 9.0566549501e-01 1.0504931486e+00
4.8652018474e+04 8.0585470000e-01 9.7792623324e-01 1.2381094465e+00 3.6913291812e-02 7.2350051951e-02 9.0557618129e-01 1.0502762852e+00
4.8652570353e+04 7.4856000000e-01 9.7772253321e-01 1.2375779130e+00 3.6881056606e-02 7.2286870947e-02 9.0543566227e-01 1.0500094042e+00
4.8653199792e+04 7.5223420000e-01 9.7752245484e-01 1.2370464638e+00 3.6848859796e-02 7.2223765199e-02 9.0529868964e-01 1.0497462200e+00
4.8653794281e+04 7.1053880000e-01 9.7728576720e-01 1.2365230491e+00 3.6816938012e-02 7.2161198504e-02 9.0512456869e-01 1.0494469657e+00
4.8654423867e+04 7.1311740000e-01 9.7705178282e-01 1.2359998060e+00 3.6785056856e-02 7.2098711438e-02 9.0495307138e-01 1.0491504943e+00
4.8655840433e+04 1.4768445000e+00 9.7749407726e-01 1.2355416788e+00 3.6755148216e-02 7.2040090504e-02 9.0545398675e-01 1.0495341678e+00
4.8656187315e+04 1.1787955000e+00 9.7767206260e-01 1.2350093506e+00 3.6723066857e-02 7.1977211040e-02 9.0569485156e-01 1.0496492736e+00
4.8656713420e+04 9.6780210000e-01 9.7766334355e-01 1.2344632836e+00 3.6690612679e-02 7.1913600850e-02 9.0574974270e-01 1.0495769444e+00
4.8657159160e+04 7.0883550000e-01 9.7742607273e-01 1.2339437289e+00 3.6658981964e-02 7.1851604650e-02 9.0557446808e-01 1.0492776774e+00
4.8658798073e+04 1.7155858000e+00 9.7807700723e-01 1.2335936588e+00 3.6632419253e-02 7.1799541735e-02 9.0627746550e-01 1.0498765490e+00
4.8659533335e+04 1.4738624000e+00 9.7851382255e-01 1.2331373633e+00 3.6602734026e-02 7.1741358691e-02 9.0677246386e-01 1.0502551812e+00
4.8659848865e+04 1.1154105000e+00 9.7863433019e-01 1.2326006974e+00 3.6570697489e-02 7.1678567078e-02 9.0695576312e-01 1.0503128973e+00
4.8661317414e+04 1.9374370000e+00 9.7947760431e-01 1.2323858510e+00 3.6548240259e-02 7.1634550908e-02 9.0784305340e-01 1.0511121552e+00
4.8664394816e+04 4.1081289000e+00 9.8222685852e-01 1.2353270867e+00 3.6619367027e-02 7.1773959373e-02 9.1045289915e-01 1.0540008179e+00
4.8666693789e+04 5.4109181000e+00 9.8611508613e-01 1.2417313213e+00 3.6793048576e-02 7.2114375209e-02 9.1400071092e-01 1.0582294613e+00
4.8668119740e+04 5.5371106000e+00 9.9010718746e-01 1.2484770900e+00 3.6976700159e-02 7.2474332312e-02 9.1763285514e-01 1.0625815198e+00
4.8668230593e+04 4.3318290000e+00 9.9303595329e-01 1.2518411684e+00 3.7060084702e-02 7.2637766016e-02 9.2039818727e-01 1.0656737193e+00
4.8669652727e+04 3.8609943000e+00 9.9554730035e-01 1.2541646594e+00 3.7112610771e-02 7.2740717112e-02 9.2280658324e-01 1.0682880175e+00
4.8669862856e+04 2.4292205000e+00 9.9680160761e-01 1.2543318303e+00 3.7101317153e-02 7.2718581620e-02 9.2408302599e-01 1.0695201892e+00
4.8670696094e+04 2.0998185000e+00 9.9776578322e-01 1.2542066836e+00 3.7081397957e-02 7.2679539995e-02 9.2508624322e-01 1.0704453232e+00
4.8672324207e+04 2.7908259000e+00 9.9933177459e-01 1.2547768086e+00 3.7082050406e-02 7.2680818797e-02 9.2665095579e-01 1.0720125934e+00
4.8673367010e+04 2.8770082000e+00 1.0009702357e+00 1.2554535341e+00 3.7085858312e-02 7.2688282291e-02 9.2828195340e-01 1.0736585180e+00
4.8673420672e+04 2.0186173000e+00 1.0018574607e+00 1.2552650358e+00 3.7064122551e-02 7.2645680200e-02 9.2921178048e-01 1.0745031409e+00
4.8674216347e+04 2.0073785000e+00 1.0027333501e+00 1.2550683324e+00 3.7042170606e-02 7.2602654388e-02 9.3013069570e-01 1.0753360045e+00
4.8674537602e+04 1.4363143000e+00 1.0031107051e+00 1.2545867320e+00 3.7011839990e-02 7.2543206380e-02 9.3056749875e-01 1.0756539115e+00
4.8675331455e+04 1.5428796000e+00 1.0035800694e+00 1.2541415868e+00 3.6982617770e-02 7.2485930829e-02 9.3109413856e-01 1.0760660002e+00
4.8676133480e+04 1.7123190000e+00 1.0041958287e+00 1.2537700902e+00 3.6955598773e-02 7.2432973595e-02 9.3176285508e-01 1.0766288023e+00
4.8676781158e+04 1.5339824000e+00 1.0046557128e+00 1.2533224452e+00 3.6926366668e-02 7.2375678670e-02 9.3228003418e-01 1.0770313915e+00
4.8677432809e+04 1.5052217000e+00 1.0050898551e+00 1.2528650061e+00 3.6896878443e-02 7.2317881747e-02 9.3277197333e-01 1.0774077368e+00
4.8677818691e+04 1.1145048000e+00 1.0051846687e+00 1.2523257200e+00 3.6865013367e-02 7.2255426199e-02 9.3292924252e-01 1.0774400949e+00
4.8678726821e+04 1.3459318000e+00 1.0054796879e+00 1.2518231183e+00 3.6834262231e-02 7.2195153974e-02 9.3328453390e-01 1.0776748419e+00
4.8679504098e+04 1.2271141000e+00 1.0056714131e+00 1.2512980512e+00 3.6802883859e-02 7.2133652363e-02 9.3353776079e-01 1.0778050655e+00
4.8680159039e+04 1.1904682000e+00 1.0058311338e+00 1.2507685042e+00 3.6771407796e-02 7.2071959280e-02 9.3375917451e-01 1.0779030931e+00
4.8680937689e+04 1.2207466000e+00 1.0060167257e+00 1.2502438029e+00 3.6740108190e-02 7.2010612053e-02 9.3400611368e-01 1.0780273378e+00
4.8681958937e+04 1.4883135000e+00 1.0064328575e+00 1.2497840842e+00 3.6710751224e-02 7.1953072399e-02 9.3447978515e-01 1.0783859299e+00
4.8682400888e+04 1.1563224000e+00 1.0065620727e+00 1.2492525482e+00 3.6679317778e-02 7.1891462845e-02 9.3467060983e-01 1.0784535355e+00
4.8682949094e+04 1.0632621000e+00 1.0066109099e+00 1.2487150689e+00 3.6647743806e-02 7.1829577861e-02 9.3478133204e-01 1.0784404878e+00
4.8683469817e+04 9.3537340000e-01 1.0065496040e+00 1.2481789254e+00 3.6616242996e-02 7.1767836272e-02 9.3478176769e-01 1.0783174402e+00
4.8683946774e+04 7.4007070000e-01 1.0063204733e+00 1.2476661759e+00 3.6585462046e-02 7.1707505610e-02 9.3461296773e-01 1.0780279790e+00
4.8684474910e+04 6.5703090000e-01 1.0060203964e+00 1.2471716458e+00 3.6555248332e-02 7.1648286730e-02 9.3437210966e-01 1.0776686831e+00
4.8690948871e+04 6.5335336000e+00 1.0107650429e+00 1.2571015920e+00 3.6830482951e-02 7.2187746584e-02 9.3857729633e-01 1.0829527895e+00
4.8693234131e+04 8.1353958000e+00 1.0168753609e+00 1.2737520762e+00 3.7302301645e-02 7.3112511225e-02 9.4376284967e-01 1.0899878721e+00
4.8693599244e+04 7.6924971000e+00 1.0225956880e+00 1.2881020564e+00 3.7706380484e-02 7.3904505748e-02 9.4869118226e-01 1.0965001938e+00
4.8693638078e+04 6.8360934000e+00 1.0275729977e+00 1.2987285865e+00 3.8001170916e-02 7.4482294995e-02 9.5309070269e-01 1.1020552927e+00
4.8693822997e+04 6.1876641000e+00 1.0319871047e+00 1.3069083987e+00 3.8224154986e-02 7.4919343772e-02 9.5706776093e-01 1.1069064485e+00
4.8694318988e+04 6.0207286000e+00 1.0362509863e+00 1.3144587095e+00 3.8428551740e-02 7.5319961410e-02 9.6093102491e-01 1.1115709477e+00
4.8694451765e+04 5.2560592000e+00 1.0398545800e+00 1.3196660311e+00 3.8564312225e-02 7.5586051961e-02 9.6426852806e-01 1.1154406320e+00
4.8695554564e+04 5.0259546000e+00 1.0432556892e+00 1.3242268769e+00 3.8681080091e-02 7.5814916978e-02 9.6744077227e-01 1.1190706062e+00
4.8695602995e+04 3.5998692000e+00 1.0454352404e+00 1.3257632199e+00 3.8709446399e-02 7.5870514942e-02 9.6956472547e-01 1.1213057554e+00
4.8695801344e+04 3.0199171000e+00 1.0471170819e+00 1.3264492567e+00 3.8712979026e-02 7.5877438891e-02 9.7123964297e-01 1.1229945207e+00
4.8696478932e+04 2.9673729000e+00 1.0487513421e+00 1.3270661110e+00 3.8714497400e-02 7.5880414903e-02 9.7287092722e-01 1.1246317570e+00
4.8696766056e+04 2.5447994000e+00 1.0500234918e+00 1.3272178530e+00 3.8702458541e-02 7.5856818740e-02 9.7416667310e-01 1.1258803106e+00
4.8700676790e+04 5.3724317000e+00 1.0536958862e+00 1.3326175184e+00 3.8843404437e-02 7.6133072696e-02 9.7756281354e-01 1.1298289589e+00
4.8701900230e+04 5.7198121000e+00 1.0576569357e+00 1.3389651479e+00 3.9011857359e-02 7.6463240425e-02 9.8119369523e-01 1.1341201761e+00
4.8701955916e+04 4.6541930000e+00 1.0607074327e+00 1.3424856273e+00 3.9097837952e-02 7.6631762387e-02 9.8407567035e-01 1.1373391951e+00
4.8704046141e+04 3.7255964000e+00 1.0629658132e+00 1.3441548465e+00 3.9129860412e-02 7.6694526407e-02 9.8627128681e-01 1.1396603396e+00
4.8705242212e+04 3.6871759000e+00 1.0651878370e+00 1.3457515467e+00 3.9159752548e-02 7.6753114993e-02 9.8843472201e-01 1.1419409520e+00
4.8706503105e+04 3.8638056000e+00 1.0675555339e+00 1.3476403125e+00 3.9198121564e-02 7.6828318266e-02 9.9072721566e-01 1.1443838522e+00
4.8709337356e+04 5.4525818000e+00 1.0712622341e+00 1.3530846821e+00 3.9339841447e-02 7.7106089235e-02 9.9415614483e-01 1.1483683233e+00
4.8712284572e+04 7.4682708000e+00 1.0766651129e+00 1.3652192516e+00 3.9675878592e-02 7.7764722041e-02 9.9890039088e-01 1.1544298350e+00
4.8713187884e+04 7.0754511000e+00 1.0817273796e+00 1.3757148169e+00 3.9964026624e-02 7.8329492182e-02 1.0033978874e+00 1.1600568718e+00
4.8714251277e+04 6.1195896000e+00 1.0859751555e+00 1.3828867633e+00 4.0155429473e-02 7.8704641766e-02 1.0072705137e+00 1.1646797972e+00
4.8715288063e+04 6.3063013000e+00 1.0903730714e+00 1.3905763392e+00 4.0361702418e-02 7.9108936739e-02 1.0112641346e+00 1.1694820081e+00
4.8716513246e+04 6.6169577000e+00 1.0950250786e+00 1.3992003283e+00 4.0594918895e-02 7.9566041034e-02 1.0154590376e+00 1.1745911197e+00
4.8716565752e+04 5.6515586000e+00 1.0988573188e+00 1.4048347433e+00 4.0741246470e-02 7.9852843082e-02 1.0190044757e+00 1.1787101618e+00
4.8716774075e+04 4.6591734000e+00 1.1018491810e+00 1.4080283487e+00 4.0816702699e-02 8.0000737289e-02 1.0218484437e+00 1.1818499183e+00
4.8717715038e+04 4.7024475000e+00 1.1048723534e+00 1.4112951206e+00 4.0894222846e-02 8.0152676779e-02 1.0247196766e+00 1.1850250302e+00
4.8718422367e+04 4.3275876000e+00 1.1075759736e+00 1.4137847320e+00 4.0949175287e-02 8.0260383563e-02 1.0273155900e+00 1.1878363571e+00
4.8718483193e+04 3.6498553000e+00 1.1097069705e+00 1.4151054666e+00 4.0970247436e-02 8.0301684974e-02 1.0294052855e+00 1.1900086555e+00
4.8719095642e+04 2.9057161000e+00 1.1112111657e+00 1.4154660739e+00 4.0963523079e-02 8.0288505235e-02 1.0309226605e+00 1.1914996710e+00
4.8719223613e+04 1.8042644000e+00 1.1117911266e+00 1.4150151248e+00 4.0933334959e-02 8.0229336520e-02 1.0315617901e+00 1.1920204631e+00
4.8720231145e+04 2.0007144000e+00 1.1125343735e+00 1.4146562843e+00 4.0905842640e-02 8.0175451574e-02 1.0323589219e+00 1.1927098251e+00
4.8721186454e+04 2.1534515000e+00 1.1134039784e+00 1.4143845111e+00 4.0880897010e-02 8.0126558139e-02 1.0332774203e+00 1.1935305366e+00
4.8721843230e+04 1.8038254000e+00 1.1139802902e+00 1.4139341792e+00 4.0850820497e-02 8.0067608173e-02 1.0339126820e+00 1.1940478983e+00
4.8722839893e+04 1.8603303000e+00 1.1146027672e+00 1.4135081436e+00 4.0821477854e-02 8.0010096594e-02 1.0345926706e+00 1.1946128638e+00
4.8724188045e+04 2.4216136000e+00 1.1156919429e+00 1.4134218256e+00 4.0801973574e-02 7.9971868205e-02 1.0357200747e+00 1.1956638111e+00
4.8726056429e+04 3.4201554000e+00 1.1176107301e+00 1.4143954713e+00 4.0813078398e-02 7.9993633659e-02 1.0376170965e+00 1.1976043638e+00
4.8727362800e+04 3.7062370000e+00 1.1197643294e+00 1.4157750766e+00 4.0835890338e-02 8.0038345062e-02 1.0397259843e+00 1.1998026744e+00
4.8727738745e+04 3.2225003000e+00 1.1215122396e+00 1.4164829106e+00 4.0839322200e-02 8.0045071512e-02 1.0414671681e+00 1.2015573111e+00
4.8728502628e+04 2.9385371000e+00 1.1230213964e+00 1.4168612789e+00 4.0833263220e-02 8.0033195911e-02 1.0429882005e+00 1.2030545923e+00
4.8728816168e+04 1.9919817000e+00 1.1237425253e+00 1.4164937842e+00 4.0805729814e-02 7.9979230435e-02 1.0437632949e+00 1.2037217557e+00
4.8729497525e+04 1.7843583000e+00 1.1242902996e+00 1.4160335806e+00 4.0775556661e-02 7.9920091057e-02 1.0443702085e+00 1.2042103906e+00
4.8730141710e+04 1.7365732000e+00 1.1247975762e+00 1.4155560020e+00 4.0744915408e-02 7.9860034200e-02 1.0449375420e+00 1.2046576104e+00
4.8730536226e+04 1.4463570000e+00 1.1250637678e+00 1.4149997075e+00 4.0712041723e-02 7.9795601778e-02 1.0452681660e+00 1.2048593696e+00
4.8730930469e+04 1.1388507000e+00 1.1250751714e+00 1.4144139631e+00 4.0678355237e-02 7.9729576265e-02 1.0453455951e+00 1.2048047476e+00
4.8731634556e+04 1.1544665000e+00 1.1250994617e+00 1.4138291424e+00 4.0644730111e-02 7.9663671017e-02 1.0454357907e+00 1.2047631328e+00
4.8732181319e+04 9.9439979999e-01 1.1249915347e+00 1.4132497812e+00 4.0611296587e-02 7.9598141310e-02 1.0453933934e+00 1.2045896760e+00
4.8733207549e+04 1.3175753000e+00 1.1251504322e+00 1.4126769774e+00 4.0578085935e-02 7.9533048433e-02 1.0456173837e+00 1.2046834806e+00
4.8734053930e+04 1.4619029000e+00 1.1254280517e+00 1.4121271449e+00 4.0545569138e-02 7.9469315511e-02 1.0459587362e+00 1.2048973672e+00
4.8734705929e+04 1.0609812000e+00 1.1253749653e+00 1.4115461553e+00 4.0512191798e-02 7.9403895923e-02 1.0459710694e+00 1.2047788612e+00
4.8737240749e+04 2.9247186000e+00 1.1268559066e+00 1.4119078724e+00 4.0505893896e-02 7.9391552037e-02 1.0474643545e+00 1.2062474586e+00
4.8738857849e+04 3.7055582000e+00 1.1289765499e+00 1.4132611660e+00 4.0528043443e-02 7.9434965149e-02 1.0495415848e+00 1.2084115151e+00
4.8739604369e+04 3.4537259000e+00 1.1308867795e+00 1.4142495384e+00 4.0539721099e-02 7.9457853353e-02 1.0514289261e+00 1.2103446328e+00
4.8740786489e+04 2.4039409000e+00 1.1319319799e+00 1.4141385336e+00 4.0519895093e-02 7.9418994382e-02 1.0525129855e+00 1.2113509743e+00
4.8742201600e+04 2.6812380000e+00 1.1332029446e+00 1.4142536647e+00 4.0506569093e-02 7.9392875422e-02 1.0538100692e+00 1.2125958200e+00
4.8742304449e+04 1.8347774000e+00 1.1337780057e+00 1.4138160289e+00 4.0477435158e-02 7.9335772910e-02 1.0544422327e+00 1.2131137786e+00
4.8742855740e+04 1.5730326000e+00 1.1341377555e+00 1.4132923382e+00 4.0445869156e-02 7.9273903546e-02 1.0548638520e+00 1.2134116591e+00
4.8743139514e+04 1.0689530000e+00 1.1340844128e+00 1.4127147055e+00 4.0412792686e-02 7.9209073665e-02 1.0548753392e+00 1.2132934865e+00
4.8743769976e+04 1.0152117000e+00 1.1339872152e+00 1.4121406410e+00 4.0379852067e-02 7.9144510052e-02 1.0548427052e+00 1.2131317253e+00
4.8744389097e+04 8.8214920000e-01 1.1337814652e+00 1.4115815353e+00 4.0347372687e-02 7.9080850466e-02 1.0547006147e+00 1.2128623157e+00
4.8745153115e+04 1.0070094000e+00 1.1336779778e+00 1.4110094362e+00 4.0314555319e-02 7.9016528426e-02 1.0546614494e+00 1.2126945062e+00
4.8746816192e+04 2.0267334000e+00 1.1344064080e+00 1.4106638025e+00 4.0288239245e-02 7.8964948921e-02 1.0554414591e+00 1.2133713569e+00
4.8747573528e+04 1.8220601000e+00 1.1349668430e+00 1.4102249084e+00 4.0259288919e-02 7.8908206281e-02 1.0560586367e+00 1.2138750492e+00
4.8747697299e+04 1.0663316000e+00 1.1349109511e+00 1.4096514871e+00 4.0226529919e-02 7.8843998642e-02 1.0560669524e+00 1.2137549497e+00
4.8750095893e+04 2.5748218000e+00 1.1360825628e+00 1.4096754184e+00 4.0210843673e-02 7.8813253599e-02 1.0572693092e+00 1.2148958164e+00
4.8751097876e+04 2.7523529000e+00 1.1373966037e+00 1.4098545996e+00 4.0199603524e-02 7.8791222907e-02 1.0586053808e+00 1.2161878266e+00
4.8751590763e+04 1.5911033000e+00 1.1377651713e+00 1.4093406506e+00 4.0168623754e-02 7.8730502558e-02 1.0590346688e+00 1.2164956739e+00
4.8752300148e+04 1.5948536000e+00 1.1381361847e+00 1.4088282363e+00 4.0137719486e-02 7.8669930192e-02 1.0594662545e+00 1.2168061149e+00
4.8752646929e+04 1.1929690000e+00 1.1381806557e+00 1.4082572206e+00 4.0105178015e-02 7.8606148910e-02 1.0595745068e+00 1.2167868046e+00
4.8753070517e+04 8.4852320000e-01 1.1379459252e+00 1.4077101656e+00 4.0073351610e-02 7.8543769156e-02 1.0594021560e+00 1.2164896944e+00
4.8753852759e+04 9.9389329999e-01 1.1378292834e+00 1.4071456307e+00 4.0041060159e-02 7.8480477913e-02 1.0593488055e+00 1.2163097613e+00
4.8754273742e+04 7.2363330000e-01 1.1374941734e+00 1.4066251200e+00 4.0010053635e-02 7.8419705124e-02 1.0590744683e+00 1.2159138785e+00
4.8755181591e+04 9.7623910000e-01 1.1373638136e+00 1.4060634510e+00 3.9977908492e-02 7.8356700645e-02 1.0590071129e+00 1.2157205142e+00
4.8756860224e+04 1.9241540000e+00 1.1379993468e+00 1.4056727295e+00 3.9950654360e-02 7.8303282546e-02 1.0596960643e+00 1.2163026294e+00
4.8757184809e+04 1.5591654000e+00 1.1383392710e+00 1.4051557980e+00 3.9919843178e-02 7.8242892630e-02 1.0600963784e+00 1.2165821637e+00
4.8757670715e+04 1.1254730000e+00 1.1383288950e+00 1.4045886786e+00 3.9887638113e-02 7.8179770702e-02 1.0601491243e+00 1.2165086657e+00
4.8758489631e+04 1.0583132000e+00 1.1382644182e+00 1.4040240338e+00 3.9855535736e-02 7.8116850042e-02 1.0601475682e+00 1.2163812683e+00
4.8759890193e+04 1.5358592000e+00 1.1385845428e+00 1.4035035451e+00 3.9824718623e-02 7.8056448502e-02 1.0605280943e+00 1.2166409913e+00
4.8760307167e+04 1.1346287000e+00 1.1385813603e+00 1.4029384183e+00 3.9792666658e-02 7.7993626649e-02 1.0605877337e+00 1.2165749870e+00
4.8760822598e+04 9.8784250000e-01 1.1384601876e+00 1.4023804761e+00 3.9760850608e-02 7.7931267191e-02 1.0605289204e+00 1.2163914548e+00
4.8761738778e+04 1.2571174000e+00 1.1385554946e+00 1.4018207355e+00 3.9729015571e-02 7.7868870519e-02 1.0606866241e+00 1.2164243651e+00
4.8762750321e+04 1.5362140000e+00 1.1388746427e+00 1.4013028901e+00 3.9698399378e-02 7.7808862781e-02 1.0610657799e+00 1.2166835055e+00
4.8763198373e+04 9.8041600000e-01 1.1387475708e+00 1.4007476384e+00 3.9666754853e-02 7.7746839512e-02 1.0610007313e+00 1.2164944103e+00
4.8765479812e+04 2.5792413000e+00 1.1399018126e+00 1.4007790121e+00 3.9651747633e-02 7.7717425360e-02 1.0621843872e+00 1.2176192379e+00
4.8768763465e+04 4.4142499000e+00 1.1425233883e+00 1.4032771139e+00 3.9706556326e-02 7.7824850399e-02 1.0646985379e+00 1.2203482387e+00
4.8771918962e+04 5.4328762000e+00 1.1459556706e+00 1.4079502722e+00 3.9822847403e-02 7.8052780909e-02 1.0679028897e+00 1.2240084515e+00
4.8772951482e+04 4.7238681000e+00 1.1488157125e+00 1.4110148509e+00 3.9893572539e-02 7.8191402177e-02 1.0706243103e+00 1.2270071146e+00
4.8773006414e+04 3.3174437000e+00 1.1505478435e+00 1.4117807053e+00 3.9899281743e-02 7.8202592216e-02 1.0723452512e+00 1.2287504357e+00
4.8774632415e+04 3.3462850000e+00 1.1523002275e+00 1.4125783203e+00 3.9905890000e-02 7.8215544400e-02 1.0740846831e+00 1.2305157719e+00
4.8774668019e+04 2.0201929000e+00 1.1529923269e+00 1.4122270426e+00 3.9880055613e-02 7.8164909002e-02 1.0748274179e+00 1.2311572359e+00
4.8776058868e+04 2.4847475000e+00 1.1540534864e+00 1.4121638997e+00 3.9862381589e-02 7.8130267914e-02 1.0759232185e+00 1.2321837543e+00
4.8776762290e+04 2.2064608000e+00 1.1548913903e+00 1.4119132354e+00 3.9839436744e-02 7.8085296018e-02 1.0768060943e+00 1.2329766863e+00
4.8777971371e+04 2.5343414000e+00 1.1559888048e+00 1.4118868325e+00 3.9822841854e-02 7.8052770033e-02 1.0779360347e+00 1.2340415748e+00
4.8778405029e+04 1.7316159000e+00 1.1564463780e+00 1.4114183473e+00 3.9793802307e-02 7.7995852522e-02 1.0784505255e+00 1.2344422305e+00
4.8778948199e+04 1.0350575000e+00 1.1563499611e+00 1.4108614032e+00 3.9762299081e-02 7.7934106199e-02 1.0784158549e+00 1.2342840673e+00
4.8780023448e+04 1.4880426000e+00 1.1566132092e+00 1.4103319137e+00 3.9731600582e-02 7.7873937141e-02 1.0787392721e+00 1.2344871463e+00
4.8780773812e+04 1.5723890000e+00 1.1569429283e+00 1.4098207288e+00 3.9701448160e-02 7.7814838393e-02 1.0791280899e+00 1.2347577667e+00
4.8781738565e+04 1.8140573000e+00 1.1574636212e+00 1.4093829025e+00 3.9673390887e-02 7.7759846139e-02 1.0797037750e+00 1.2352234673e+00
4.8782214161e+04 1.5320650000e+00 1.1577602177e+00 1.4088637995e+00 3.9643075070e-02 7.7700427138e-02 1.0800597905e+00 1.2354606448e+00
4.8782733466e+04 1.1605275000e+00 1.1577624070e+00 1.4083059462e+00 3.9611699522e-02 7.7638931064e-02 1.0801234759e+00 1.2354013380e+00
4.8783495891e+04 1.1424460000e+00 1.1577502991e+00 1.4077488188e+00 3.9580375389e-02 7.7577535763e-02 1.0801727634e+00 1.2353278349e+00
4.8784323680e+04 1.2646657000e+00 1.1578347505e+00 1.4071954920e+00 3.9549189008e-02 7.7516410456e-02 1.0803183400e+00 1.2353511609e+00
4.8784932230e+04 1.0681901000e+00 1.1577639970e+00 1.4066418705e+00 3.9518025139e-02 7.7455329273e-02 1.0803086677e+00 1.2352193263e+00
4.8786183472e+04 1.6702047000e+00 1.1581681300e+00 1.4061602357e+00 3.9488913595e-02 7.7398270647e-02 1.0807698594e+00 1.2355664007e+00
4.8786908481e+04 1.5866713000e+00 1.1585058000e+00 1.4056570751e+00 3.9459226872e-02 7.7340084670e-02 1.0811657153e+00 1.2358458847e+00
4.8788097831e+04 2.0338560000e+00 1.1591950521e+00 1.4053176311e+00 3.9434163654e-02 7.7290960763e-02 1.0819040914e+00 1.2364860129e+00
4.8789341256e+04 2.6250098000e+00 1.1603483289e+00 1.4053653443e+00 3.9419985894e-02 7.7263172353e-02 1.0830851565e+00 1.2376115012e+00
4.8792460043e+04 4.5544902000e+00 1.1630166794e+00 1.4080296360e+00 3.9479190600e-02 7.7379213575e-02 1.0856374658e+00 1.2403958930e+00
4.8794144351e+04 5.3325031000e+00 1.1662920026e+00 1.4123153108e+00 3.9583798343e-02 7.7584244751e-02 1.0887077578e+00 1.2438762473e+00
4.8794357702e+04 4.7226995000e+00 1.1690835312e+00 1.4152694729e+00 3.9651025600e-02 7.7716010175e-02 1.0913675211e+00 1.2467995414e+00
4.8794774278e+04 3.0270999000e+00 1.1705407990e+00 1.4156697993e+00 3.9646684511e-02 7.7707501641e-02 1.0928332973e+00 1.2482483006e+00
4.8795495733e+04 2.1254181000e+00 1.1712891354e+00 1.4153667830e+00 3.9622663104e-02 7.7660419684e-02 1.0936287157e+00 1.2489495551e+00
4.8797062736e+04 2.7894825000e+00 1.1725563190e+00 1.4155359824e+00 3.9611880918e-02 7.7639286600e-02 1.0949170324e+00 1.2501956056e+00
4.8798948044e+04 4.0288250000e+00 1.1747912710e+00 1.4172338003e+00 3.9643872852e-02 7.7701990789e-02 1.0970892802e+00 1.2524932618e+00
4.8804264683e+04 7.8069821000e+00 1.1799767212e+00 1.4287561074e+00 3.9950555979e-02 7.8303089718e-02 1.1016736315e+00 1.2582798109e+00
4.8804321278e+04 6.3331825000e+00 1.1840026632e+00 1.4354366120e+00 4.0121673022e-02 7.8638479124e-02 1.1053641841e+00 1.2626411423e+00
4.8804973261e+04 6.3877779000e+00 1.1880649390e+00 1.4422174546e+00 4.0295465991e-02 7.8979113343e-02 1.1090858256e+00 1.2670440523e+00
4.8806365797e+04 7.1013652000e+00 1.1926774977e+00 1.4510760251e+00 4.0527158423e-02 7.9433230510e-02 1.1132442671e+00 1.2721107282e+00
4.8806984184e+04 6.9001917000e+00 1.1971260668e+00 1.4592291327e+00 4.0738981141e-02 7.9848403036e-02 1.1172776638e+00 1.2769744698e+00
4.8807014279e+04 6.1547627000e+00 1.2009871545e+00 1.4652020199e+00 4.0889800988e-02 8.0144009937e-02 1.1208431446e+00 1.2811311645e+00
4.8807058165e+04 5.1863813000e+00 1.2040886286e+00 1.4688417071e+00 4.0975421699e-02 8.0311826529e-02 1.1237768020e+00 1.2844004551e+00
4.8807142705e+04 4.4897477000e+00 1.2066435734e+00 1.4711237628e+00 4.1023123675e-02 8.0405322403e-02 1.1262382510e+00 1.2870488958e+00
4.8810273827e+04 6.9217820000e+00 1.2110842404e+00 1.4791489228e+00 4.1230882277e-02 8.0812529263e-02 1.1302717111e+00 1.2918967697e+00
4.8810615135e+04 6.5155843000e+00 1.2152026411e+00 1.4859376318e+00 4.1404033372e-02 8.1151905409e-02 1.1340507357e+00 1.2963545465e+00
4.8811517285e+04 6.7338693000e+00 1.2194839961e+00 1.4932867752e+00 4.1592666158e-02 8.1521625670e-02 1.1379623705e+00 1.3010056218e+00
4.8811736741e+04 6.2322890000e+00 1.2233698915e+00 1.4992129864e+00 4.1741541208e-02 8.1813420768e-02 1.1415564707e+00 1.3051833122e+00
4.8812382950e+04 5.4842854000e+00 1.2266703682e+00 1.5033128024e+00 4.1839475815e-02 8.2005372597e-02 1.1446649956e+00 1.3086757408e+00
4.8812688595e+04 3.4689950000e+00 1.2284059136e+00 1.5040237645e+00 4.1843060427e-02 8.2012398438e-02 1.1463935152e+00 1.3104183121e+00
4.8813987075e+04 2.6022729000e+00 1.2294684558e+00 1.5039266288e+00 4.1824175347e-02 8.1975383679e-02 1.1474930721e+00 1.3114438394e+00
4.8814022811e+04 1.8232966000e+00 1.2299273647e+00 1.5034355143e+00 4.1794358805e-02 8.1916943258e-02 1.1480104214e+00 1.3118443079e+00
4.8814377225e+04 1.5043574000e+00 1.2301392798e+00 1.5028738098e+00 4.1762609945e-02 8.1854715492e-02 1.1482845643e+00 1.3119939953e+00
4.8815130481e+04 1.3001495000e+00 1.2301933000e+00 1.5022946954e+00 4.1730408205e-02 8.1791600081e-02 1.1484016999e+00 1.3119849001e+00
4.8816541319e+04 1.9105036000e+00 1.2307178261e+00 1.5018337092e+00 4.1701517587e-02 8.1734974471e-02 1.1489828516e+00 1.3124528005e+00
4.8817043710e+04 1.3114415000e+00 1.2307800169e+00 1.5012563039e+00 4.1669424058e-02 8.1672071154e-02 1.1491079457e+00 1.3124520880e+00
4.8817911364e+04 1.5173434000e+00 1.2310006199e+00 1.5006989429e+00 4.1637917569e-02 8.1610318435e-02 1.1493903015e+00 1.3126109384e+00
4.8818855396e+04 1.8519098000e+00 1.2314782424e+00 1.5002199615e+00 4.1608615352e-02 8.1552886090e-02 1.1499253563e+00 1.3130311285e+00
4.8819707899e+04 1.9524667000e+00 1.2320324226e+00 1.4997759521e+00 4.1580311393e-02 8.1497410331e-02 1.1505350123e+00 1.3135298329e+00
4.8820910727e+04 2.2836019000e+00 1.2328400796e+00 1.4994824572e+00 4.1556206635e-02 8.1450165004e-02 1.1513899146e+00 1.3142902447e+00
4.8822748979e+04 3.4478706000e+00 1.2345400263e+00 1.5001610797e+00 4.1559057139e-02 8.1455751993e-02 1.1530842743e+00 1.3159957783e+00
4.8826495840e+04 6.1420064000e+00 1.2383034208e+00 1.5057259639e+00 4.1697224077e-02 8.1726559192e-02 1.1565768616e+00 1.3200299800e+00
4.8826546848e+04 5.0465401000e+00 1.2412216098e+00 1.5088328796e+00 4.1767250169e-02 8.1863810331e-02 1.1593577995e+00 1.3230854201e+00
4.8829225840e+04 6.8494761000e+00 1.2455158322e+00 1.5162113333e+00 4.1955427447e-02 8.2232637796e-02 1.1632831944e+00 1.3277484700e+00
4.8830122906e+04 6.8040621000e+00 1.2497687368e+00 1.5234035674e+00 4.2138315885e-02 8.2591099135e-02 1.1671776377e+00 1.3323598359e+00
4.8830839593e+04 6.5662781000e+00 1.2538333464e+00 1.5298940504e+00 4.2301667152e-02 8.2911267618e-02 1.1709220788e+00 1.3367446140e+00
4.8831010234e+04 5.0369156000e+00 1.2567234016e+00 1.5328768177e+00 4.2367948254e-02 8.3041178578e-02 1.1736822230e+00 1.3397645802e+00
4.8831906324e+04 4.0641850000e+00 1.2588665021e+00 1.5342517312e+00 4.2389761607e-02 8.3083932750e-02 1.1757825693e+00 1.3419504348e+00
4.8832150946e+04 3.0631676000e+00 1.2602427805e+00 1.5344747666e+00 4.2379751450e-02 8.3064312841e-02 1.1771784677e+00 1.3433070934e+00
4.8832175787e+04 2.2505677000e+00 1.2609976014e+00 1.5341328868e+00 4.2354158972e-02 8.3014151585e-02 1.1779834498e+00 1.3440117530e+00
4.8832910373e+04 2.1511653000e+00 1.2616755661e+00 1.5337447252e+00 4.2327314890e-02 8.2961537184e-02 1.1787140289e+00 1.3446371033e+00
4.8832953475e+04 1.1228679000e+00 1.2615699286e+00 1.5331653312e+00 4.2295221876e-02 8.2898634877e-02 1.1786712937e+00 1.3444685635e+00
4.8834003639e+04 1.5137924000e+00 1.2617617328e+00 1.5325975947e+00 4.2263480873e-02 8.2836422512e-02 1.1789253103e+00 1.3445981553e+00
4.8835112363e+04 1.9852132000e+00 1.2623114679e+00 1.5321444417e+00 4.2234928699e-02 8.2780460250e-02 1.1795310077e+00 1.3450919282e+00
4.8836790650e+04 2.8919335000e+00 1.2635488423e+00 1.5322198675e+00 4.2220969524e-02 8.2753100266e-02 1.1807957420e+00 1.3463019426e+00
4.8837602694e+04 2.7915176000e+00 1.2647081509e+00 1.5322157666e+00 4.2204836466e-02 8.2721479473e-02 1.1819866714e+00 1.3474296304e+00
4.8837618397e+04 1.7625408000e+00 1.2650855828e+00 1.5316956821e+00 4.2174514352e-02 8.2662048130e-02 1.1824235347e+00 1.3477476309e+00
4.8838213454e+04 1.5550203000e+00 1.2653052303e+00 1.5311357249e+00 4.2143123816e-02 8.2600522680e-02 1.1827047076e+00 1.3479057530e+00
4.8840920364e+04 3.5141908000e+00 1.2670076418e+00 1.5318048817e+00 4.2145580538e-02 8.2605337855e-02 1.1844023039e+00 1.3496129796e+00
4.8843595600e+04 5.4762683000e+00 1.2701916514e+00 1.5355917863e+00 4.2233789683e-02 8.2778227778e-02 1.1874134236e+00 1.3529698791e+00
4.8844879175e+04 5.3246950000e+00 1.2732562797e+00 1.5390499002e+00 4.2312898769e-02 8.2933281587e-02 1.1903229982e+00 1.3561895613e+00
4.8847890315e+04 4.8843186000e+00 1.2759836682e+00 1.5416632398e+00 4.2368737627e-02 8.3042725749e-02 1.1929409425e+00 1.3590263940e+00
4.8849669072e+04 5.1993399000e+00 1.2789446918e+00 1.5448426514e+00 4.2440091561e-02 8.3182579460e-02 1.1957621123e+00 1.3621272712e+00
4.8851347376e+04 3.7615086000e+00 1.2808169119e+00 1.5457626134e+00 4.2449349261e-02 8.3200724552e-02 1.1976161874e+00 1.3640176365e+00
4.8852087829e+04 3.0897103000e+00 1.2821800569e+00 1.5459767254e+00 4.2439229442e-02 8.3180889706e-02 1.1989991672e+00 1.3653609466e+00
4.8852873475e+04 2.8497473000e+00 1.2833604539e+00 1.5459922075e+00 4.2423672653e-02 8.3150398399e-02 1.2002100555e+00 1.3665108523e+00
4.8853172814e+04 2.0385857000e+00 1.2839287197e+00 1.5455487645e+00 4.2395544930e-02 8.3095268062e-02 1.2008334517e+00 1.3670239878e+00
4.8855045827e+04 3.0653329000e+00 1.2852681214e+00 1.5457386011e+00 4.2384809158e-02 8.3074225950e-02 1.2021938954e+00 1.3683423473e+00
4.8855399086e+04 2.7012837000e+00 1.2863319948e+00 1.5456444224e+00 4.2366302549e-02 8.3037952996e-02 1.2032940418e+00 1.3693699478e+00
4.8857092954e+04 3.4058540000e+00 1.2879232276e+00 1.5461539049e+00 4.2364356031e-02 8.3034137821e-02 1.2048890897e+00 1.3709573654e+00
4.8858262592e+04 3.6111076000e+00 1.2896660515e+00 1.5468817095e+00 4.2368396684e-02 8.3042057500e-02 1.2066239940e+00 1.3727081090e+00
4.8859644558e+04 3.6250461000e+00 1.2914167112e+00 1.5476218314e+00 4.2372777506e-02 8.3050643912e-02 1.2083660673e+00 1.3744673552e+00
4.8859819484e+04 2.8091830000e+00 1.2925536148e+00 1.5475988311e+00 4.2356275084e-02 8.3018299165e-02 1.2095353157e+00 1.3755719140e+00
4.8860704852e+04 2.8844778000e+00 1.2937451749e+00 1.5476315910e+00 4.2341316488e-02 8.2988980316e-02 1.2107561945e+00 1.3767341552e+00
4.8861394295e+04 2.2053853000e+00 1.2944270298e+00 1.5472530161e+00 4.2315125602e-02 8.2937646180e-02 1.2114893837e+00 1.3773646760e+00
4.8863172329e+04 2.9615734000e+00 1.2956730286e+00 1.5473451573e+00 4.2301828806e-02 8.2911584459e-02 1.2127614442e+00 1.3785846131e+00
4.8864879079e+04 3.7804240000e+00 1.2975287052e+00 1.5482554834e+00 4.2310907300e-02 8.2929378309e-02 1.2145993269e+00 1.3804580835e+00
4.8864996120e+04 2.8483358000e+00 1.2986860240e+00 1.5482565251e+00 4.2295145161e-02 8.2898484515e-02 1.2157875394e+00 1.3815845085e+00
4.8867213183e+04 4.2378087000e+00 1.3008777635e+00 1.5497568764e+00 4.2320343405e-02 8.2947873074e-02 1.2179298904e+00 1.3838256365e+00
4.8867286555e+04 3.5364202000e+00 1.3025435924e+00 1.5503795086e+00 4.2321569165e-02 8.2950275563e-02 1.2195933168e+00 1.3854938680e+00
4.8869154268e+04 4.4694209000e+00 1.3049016544e+00 1.5522073438e+00 4.2355686727e-02 8.3017145986e-02 1.2218845084e+00 1.3879188004e+00
4.8869199890e+04 3.6061167000e+00 1.3066138680e+00 1.5528975735e+00 4.2358754031e-02 8.3023157901e-02 1.2235907101e+00 1.3896370259e+00
4.8870286412e+04 3.2682308000e+00 1.3080723193e+00 1.5532402922e+00 4.2352349298e-02 8.3010604623e-02 1.2250617146e+00 1.3910829239e+00
4.8870523217e+04 2.6235236000e+00 1.3090496233e+00 1.5530764066e+00 4.2332146679e-02 8.2971007490e-02 1.2260786158e+00 1.3920206308e+00
4.8872082772e+04 3.1492011000e+00 1.3104157343e+00 1.5533081790e+00 4.2322745336e-02 8.2952580859e-02 1.2274631534e+00 1.3933683152e+00
4.8872923205e+04 3.1274523000e+00 1.3117636843e+00 1.5535194050e+00 4.2312797182e-02 8.2933082476e-02 1.2288306018e+00 1.3946967667e+00
4.8873214529e+04 2.3329004000e+00 1.3125206425e+00 1.5531917311e+00 4.2288189794e-02 8.2884851996e-02 1.2296357906e+00 1.3954054945e+00
4.8873819271e+04 1.8311957000e+00 1.3129048463e+00 1.5526800675e+00 4.2258598879e-02 8.2826853803e-02 1.2300779925e+00 1.3957317001e+00
4.8876167266e+04 3.3802739000e+00 1.3144350973e+00 1.5531229361e+00 4.2255005131e-02 8.2819810057e-02 1.2316152872e+00 1.3972549073e+00
4.8877022649e+04 3.5023832000e+00 1.3160534021e+00 1.5536870718e+00 4.2254717859e-02 8.2819247004e-02 1.2332341551e+00 1.3988726491e+00
4.8877853832e+04 3.5264044000e+00 1.3176870687e+00 1.5542735808e+00 4.2255044822e-02 8.2819887851e-02 1.2348671809e+00 1.4005069566e+00
4.8878892729e+04 3.1710614000e+00 1.3190558829e+00 1.5545146916e+00 4.2245990662e-02 8.2802141698e-02 1.2362537412e+00 1.4018580246e+00
4.8878957064e+04 2.2047455000e+00 1.3197095283e+00 1.5541266687e+00 4.2219857716e-02 8.2750921123e-02 1.2369586072e+00 1.4024604495e+00
4.8880231734e+04 2.4588984000e+00 1.3205496381e+00 1.5538608445e+00 4.2197068255e-02 8.2706253779e-02 1.2378433843e+00 1.4032558919e+00
4.8880436298e+04 1.8162662000e+00 1.3209149414e+00 1.5533460287e+00 4.2167542139e-02 8.2648382593e-02 1.2382665588e+00 1.4035633240e+00
4.8882141839e+04 2.8062731000e+00 1.3220087250e+00 1.5532962523e+00 4.2150662929e-02 8.2615299341e-02 1.2393934257e+00 1.4046240244e+00
4.8882294428e+04 2.1856759000e+00 1.3226442417e+00 1.5529008468e+00 4.2124426224e-02 8.2563875399e-02 1.2400803663e+00 1.4052081171e+00
4.8883490142e+04 2.4134186000e+00 1.3234462817e+00 1.5526109538e+00 4.2101075629e-02 8.2518108233e-02 1.2409281735e+00 1.4059643899e+00
4.8884231619e+04 2.3629208000e+00 1.3242100396e+00 1.5522955894e+00 4.2077057447e-02 8.2471032596e-02 1.2417390070e+00 1.4066810722e+00
4.8886049853e+04 2.8988790000e+00 1.3253661842e+00 1.5523112853e+00 4.2062033122e-02 8.2441584920e-02 1.2429245993e+00 1.4078077691e+00
4.8886078757e+04 2.2267011000e+00 1.3260274718e+00 1.5519332190e+00 4.2036359870e-02 8.2391265346e-02 1.2436362064e+00 1.4084187371e+00
4.8887140978e+04 2.5588401000e+00 1.3269312933e+00 1.5517226190e+00 4.2015245509e-02 8.2349881197e-02 1.2445814121e+00 1.4092811745e+00
4.8888070532e+04 2.3732758000e+00 1.3276978461e+00 1.5514120330e+00 4.1991445982e-02 8.2303234126e-02 1.2453946120e+00 1.4100010802e+00
4.8888558445e+04 1.7049606000e+00 1.3279740267e+00 1.5508772134e+00 4.1961602499e-02 8.2244740897e-02 1.2457292858e+00 1.4102187676e+00
4.8889018209e+04 1.4234694000e+00 1.3280438843e+00 1.5503115884e+00 4.1930953287e-02 8.2184668443e-02 1.2458592159e+00 1.4102285528e+00
4.8889683002e+04 1.2276326000e+00 1.3279704843e+00 1.5497468120e+00 4.1900355038e-02 8.2124695874e-02 1.2458457884e+00 1.4100951802e+00
4.8891151013e+04 1.9662417000e+00 1.3284367160e+00 1.5492762524e+00 4.1872331147e-02 8.2069769047e-02 1.2463669469e+00 1.4105064850e+00
4.8891965169e+04 1.8697334000e+00 1.3288318231e+00 1.5487793026e+00 4.1843620311e-02 8.2013495810e-02 1.2468183273e+00 1.4108453189e+00
4.8892768737e+04 1.7195187000e+00 1.3291167880e+00 1.5482498799e+00 4.1814058990e-02 8.1955555620e-02 1.2471612323e+00 1.4110723436e+00
4.8893713810e+04 1.8220212000e+00 1.3294760477e+00 1.5477422998e+00 4.1785114479e-02 8.1898824379e-02 1.2475772234e+00 1.4113748721e+00
4.8894444322e+04 1.7686067000e+00 1.3297958807e+00 1.5472235058e+00 4.1755893967e-02 8.1841552176e-02 1.2479543285e+00 1.4116374329e+00
4.8895608195e+04 2.0505856000e+00 1.3303204729e+00 1.5467821010e+00 4.1728788054e-02 8.1788424585e-02 1.2485320483e+00 1.4121088975e+00
4.8897278168e+04 2.9623689000e+00 1.3315074172e+00 1.5468449560e+00 4.1715306263e-02 8.1762000275e-02 1.2497454170e+00 1.4132694175e+00
4.8898839981e+04 3.4964100000e+00 1.3330807476e+00 1.5473825586e+00 4.1714638125e-02 8.1760690725e-02 1.2513200569e+00 1.4148414383e+00
4.8899809180e+04 3.2681852000e+00 1.3344860522e+00 1.5476983259e+00 4.1707997871e-02 8.1747675827e-02 1.2527383764e+00 1.4162337280e+00
4.8902070429e+04 4.1141124000e+00 1.3365031976e+00 1.5489458972e+00 4.1726469451e-02 8.1783880125e-02 1.2547193175e+00 1.4182870777e+00
4.8904083331e+04 4.4152480000e+00 1.3387357899e+00 1.5506001715e+00 4.1755885168e-02 8.1841534929e-02 1.2568942550e+00 1.4205773248e+00
4.8904256163e+04 3.7984199000e+00 1.3405181697e+00 1.5514503705e+00 4.1763640071e-02 8.1856734540e-02 1.2586614352e+00 1.4223749042e+00
4.8906670162e+04 4.7973323000e+00 1.3430212936e+00 1.5536732665e+00 4.1808333216e-02 8.1944333103e-02 1.2610769605e+00 1.4249656267e+00
4.8906752941e+04 3.8825820000e+00 1.3448588918e+00 1.5546112047e+00 4.1818434625e-02 8.1964131864e-02 1.2628947600e+00 1.4268230237e+00
4.8909929800e+04 5.2199476000e+00 1.3476608359e+00 1.5575356007e+00 4.1881949816e-02 8.2088621640e-02 1.2655722143e+00 1.4297494576e+00
4.8910060283e+04 6.1638130000e+00 1.3511407147e+00 1.5623413729e+00 4.1995996278e-02 8.2312152706e-02 1.2688285620e+00 1.4334528674e+00
4.8911410044e+04 5.3435086000e+00 1.3540232908e+00 1.5654542142e+00 4.2064476011e-02 8.2446372982e-02 1.2715769178e+00 1.4364696637e+00
4.8911945074e+04 4.0418193000e+00 1.3559625375e+00 1.5665522703e+00 4.2078793126e-02 8.2474434527e-02 1.2734881030e+00 1.4384369720e+00
4.8912568040e+04 3.2901283000e+00 1.3573570334e+00 1.5668473545e+00 4.2071544725e-02 8.2460227661e-02 1.2748968057e+00 1.4398172610e+00
4.8912906189e+04 2.1627645000e+00 1.3579372981e+00 1.5664314956e+00 4.2045224300e-02 8.2408639628e-02 1.2755286585e+00 1.4403459378e+00
4.8913300200e+04 1.6324450000e+00 1.3581349279e+00 1.5658844278e+00 4.2015407724e-02 8.2350199138e-02 1.2757847287e+00 1.4404851270e+00
4.8914062103e+04 1.6197375000e+00 1.3583231312e+00 1.5653363683e+00 4.1985591446e-02 8.2291759235e-02 1.2760313719e+00 1.4406148904e+00
4.8914668488e+04 1.5126234000e+00 1.3584340587e+00 1.5647786616e+00 4.1955543380e-02 8.2232865024e-02 1.2762011937e+00 1.4406669238e+00
4.8915607683e+04 1.6907643000e+00 1.3586728017e+00 1.5642414381e+00 4.1926071333e-02 8.2175099813e-02 1.2764977019e+00 1.4408479015e+00
4.8917076621e+04 2.4656714000e+00 1.3594674884e+00 1.5639605388e+00 4.1903493600e-02 8.2130847456e-02 1.2773366410e+00 1.4415983359e+00
4.8918675772e+04 3.1911081000e+00 1.3607814344e+00 1.5641680262e+00 4.1894018213e-02 8.2112275698e-02 1.2786691587e+00 1.4428937101e+00
4.8918964797e+04 2.2354738000e+00 1.3614084540e+00 1.5637821337e+00 4.1868667866e-02 8.2062589017e-02 1.2793458650e+00 1.4434710430e+00
4.8920142383e+04 2.5240836000e+00 1.3622413158e+00 1.5635310136e+00 4.1846948162e-02 8.2020018398e-02 1.2802212974e+00 1.4442613342e+00
4.8920425072e+04 1.8810470000e+00 1.3626126871e+00 1.5630324997e+00 4.1818630405e-02 8.1964515594e-02 1.2806481715e+00 1.4445772027e+00
4.8922437833e+04 3.2047381000e+00 1.3639303734e+00 1.5632489898e+00 4.1809461218e-02 8.1946543988e-02 1.2819838294e+00 1.4458769174e+00
4.8922586323e+04 2.5755750000e+00 1.3647964525e+00 1.5630252727e+00 4.1788534695e-02 8.1905528002e-02 1.2828909245e+00 1.4467019805e+00
4.8923249325e+04 2.4872635000e+00 1.3655982146e+00 1.5627543090e+00 4.1766365743e-02 8.1862076855e-02 1.2837361378e+00 1.4474602915e+00
4.8924251371e+04 2.1307459000e+00 1.3661443586e+00 1.5623297294e+00 4.1740113854e-02 8.1810623154e-02 1.2843337354e+00 1.4479549818e+00
4.8925624687e+04 2.5952793000e+00 1.3670210597e+00 1.5621167568e+00 4.1719537408e-02 8.1770293319e-02 1.2852507664e+00 1.4487913530e+00
4.8926629029e+04 1.9022746000e+00 1.3674025661e+00 1.5616248906e+00 4.1691535170e-02 8.1715408933e-02 1.2856871572e+00 1.4491179751e+00
4.8926708466e+04 2.8336288000e+00 1.3684468868e+00 1.5615582713e+00 4.1674907174e-02 8.1682818061e-02 1.2867640688e+00 1.4501297049e+00
4.8928468105e+04 2.9891324000e+00 1.3696003996e+00 1.5616003291e+00 4.1661195645e-02 8.1655943465e-02 1.2879444562e+00 1.4512563431e+00
4.8929425288e+04 3.1820263000e+00 1.3708894650e+00 1.5617921137e+00 4.1651492217e-02 8.1636924746e-02 1.2892525403e+00 1.4525263898e+00
4.8929456621e+04 2.2143235000e+00 1.3714889206e+00 1.5613984121e+00 4.1626192152e-02 8.1587336618e-02 1.2899015840e+00 1.4530762572e+00
4.8931066204e+04 2.8427380000e+00 1.3725338418e+00 1.5613354890e+00 4.1609730589e-02 8.1555071955e-02 1.2909787699e+00 1.4540889138e+00
4.8931268114e+04 2.2732149000e+00 1.3731730761e+00 1.5609652389e+00 4.1585098577e-02 8.1506793211e-02 1.2916662829e+00 1.4546798693e+00
4.8931978530e+04 1.8030041000e+00 1.3734779208e+00 1.5604531699e+00 4.1556712470e-02 8.1451156440e-02 1.2920267643e+00 1.4549290772e+00
4.8932499370e+04 1.5532990000e+00 1.3736053631e+00 1.5599070599e+00 4.1527445481e-02 8.1393793144e-02 1.2922115699e+00 1.4549991562e+00
4.8933309654e+04 1.5940191000e+00 1.3737614635e+00 1.5593652199e+00 4.1498318075e-02 8.1336703427e-02 1.2924247600e+00 1.4550981669e+00
4.8933937770e+04 1.5127932000e+00 1.3738598582e+00 1.5588173238e+00 4.1469055380e-02 8.1279348545e-02 1.2925805096e+00 1.4551392067e+00
4.8934914163e+04 1.7389766000e+00 1.3741180737e+00 1.5582958572e+00 4.1440521432e-02 8.1223422006e-02 1.2928946517e+00 1.4553414957e+00
4.8936991668e+04 3.1010394000e+00 1.3753385128e+00 1.5584206026e+00 4.1429191792e-02 8.1201215913e-02 1.2941372969e+00 1.4565397287e+00
4.8938663187e+04 3.8765589000e+00 1.3771049114e+00 1.5592861920e+00 4.1437563036e-02 8.1217623551e-02 1.2958872878e+00 1.4583225349e+00
4.8938971847e+04 3.1630642000e+00 1.3783652920e+00 1.5594568788e+00 4.1427473223e-02 8.1197847517e-02 1.2971674444e+00 1.4595631395e+00
4.8939308066e+04 2.5529281000e+00 1.3791936155e+00 1.5592183148e+00 4.1406527640e-02 8.1156794174e-02 1.2980368213e+00 1.4603504097e+00
4.8940117927e+04 2.4289396000e+00 1.3799333942e+00 1.5589173439e+00 4.1383945279e-02 8.1112532746e-02 1.2988208615e+00 1.4610459270e+00
4.8940137535e+04 1.6449317000e+00 1.3801200127e+00 1.5583838016e+00 4.1355212157e-02 8.1056215827e-02 1.2990637969e+00 1.4611762286e+00
4.8941070809e+04 1.8261975000e+00 1.3804339308e+00 1.5578798903e+00 4.1327290439e-02 8.1001489260e-02 1.2994324415e+00 1.4614354200e+00
4.8941439482e+04 1.4471219000e+00 1.3804808281e+00 1.5573326340e+00 4.1298244029e-02 8.0944558298e-02 1.2995362698e+00 1.4614253864e+00
4.8942162417e+04 1.5153945000e+00 1.3805756374e+00 1.5567890577e+00 4.1269320696e-02 8.0887868565e-02 1.2996877688e+00 1.4614635060e+00
4.8942961569e+04 1.6003392000e+00 1.3807299657e+00 1.5562528410e+00 4.1240617806e-02 8.0831610900e-02 1.2998983548e+00 1.4615615766e+00
4.8943535634e+04 1.4264914000e+00 1.3807620790e+00 1.5557067799e+00 4.1211679363e-02 8.0774891551e-02 1.2999871875e+00 1.4615369706e+00
4.8943905119e+04 1.0499737000e+00 1.3805301096e+00 1.5551854750e+00 4.1183421868e-02 8.0719506862e-02 1.2998106027e+00 1.4612496165e+00
4.8945147158e+04 1.6394323000e+00 1.3807115407e+00 1.5546551796e+00 4.1154951248e-02 8.0663704445e-02 1.3000478363e+00 1.4613752452e+00
4.8947432258e+04 3.2315473000e+00 1.3820076442e+00 1.5548814077e+00 4.1146525359e-02 8.0647189704e-02 1.3013604545e+00 1.4626548339e+00
4.8949031621e+04 3.9963123000e+00 1.3838371086e+00 1.5558735765e+00 4.1158372256e-02 8.0670409621e-02 1.3031666990e+00 1.4645075182e+00
4.8949075410e+04 2.8180846000e+00 1.3848400789e+00 1.5557911415e+00 4.1141798765e-02 8.0637925580e-02 1.3042021533e+00 1.4654780045e+00
4.8949788847e+04 2.6079691000e+00 1.3856948161e+00 1.5555828978e+00 4.1121916126e-02 8.0598955608e-02 1.3050958605e+00 1.4662937718e+00
4.8949960036e+04 1.8511522000e+00 1.3860198562e+00 1.5550878838e+00 4.1094474259e-02 8.0545169547e-02 1.3054746867e+00 1.4665650258e+00
4.8951204747e+04 2.3103994000e+00 1.3866649222e+00 1.5547364537e+00 4.1070849550e-02 8.0498865117e-02 1.3061660571e+00 1.4671637873e+00
4.8952336480e+04 2.5840923000e+00 1.3874999483e+00 1.5545152979e+00 4.1050686527e-02 8.0459345593e-02 1.3070406027e+00 1.4679592938e+00
4.8954642807e+04 3.6380168000e+00 1.3890682527e+00 1.5551076132e+00 4.1052016706e-02 8.0461952745e-02 1.3086062999e+00 1.4695302054e+00
4.8957195161e+04 5.0376476000e+00 1.3916090461e+00 1.5575423754e+00 4.1101971258e-02 8.0559863665e-02 1.3110491824e+00 1.4721689098e+00
4.8957392926e+04 3.8896889000e+00 1.3933474454e+00 1.5583929278e+00 4.1110104865e-02 8.0575805536e-02 1.3127716399e+00 1.4739232510e+00
4.8958454077e+04 4.1131714000e+00 1.3952388390e+00 1.5594996496e+00 4.1124993137e-02 8.0604986548e-02 1.3146338525e+00 1.4758438256e+00
4.8959999472e+04 4.7131449000e+00 1.3975445416e+00 1.5614072756e+00 4.1160989043e-02 8.0675538525e-02 1.3168690031e+00 1.4782200802e+00
4.8960807415e+04 4.2339772000e+00 1.3995142865e+00 1.5626521117e+00 4.1179498862e-02 8.0711817770e-02 1.3188024688e+00 1.4802261043e+00
4.8960889154e+04 2.9687162000e+00 1.4006032539e+00 1.5626559106e+00 4.1165307942e-02 8.0684003566e-02 1.3199192503e+00 1.4812872574e+00
4.8961572457e+04 1.6927250000e+00 1.4008058348e+00 1.5621325326e+00 4.1137249130e-02 8.0629008295e-02 1.3201768265e+00 1.4814348431e+00
4.8962310655e+04 1.6093043000e+00 1.4009503244e+00 1.5616004230e+00 4.1108984853e-02 8.0573610312e-02 1.3203767141e+00 1.4815239347e+00
4.8963303262e+04 1.8775253000e+00 1.4012803625e+00 1.5611095771e+00 4.1081830975e-02 8.0520388711e-02 1.3207599738e+00 1.4818007512e+00
4.8963937194e+04 1.7732660000e+00 1.4015377920e+00 1.5605995926e+00 4.1054197351e-02 8.0466226807e-02 1.3210715652e+00 1.4820040188e+00
4.8964696660e+04 1.6529117000e+00 1.4017116328e+00 1.5600734951e+00 4.1026164022e-02 8.0411281483e-02 1.3213003514e+00 1.4821229143e+00
4.8965505054e+04 1.7411085000e+00 1.4019461849e+00 1.5595594620e+00 4.0998472129e-02 8.0357005373e-02 1.3215891796e+00 1.4823031903e+00
4.8966576156e+04 2.0786231000e+00 1.4024135032e+00 1.5591218188e+00 4.0972811745e-02 8.0306711021e-02 1.3221067922e+00 1.4827202143e+00
4.8967441550e+04 2.0151742000e+00 1.4028363885e+00 1.5586664246e+00 4.0946707635e-02 8.0255546965e-02 1.3225808415e+00 1.4830919354e+00
4.8969033149e+04 2.7043417000e+00 1.4037339783e+00 1.5585030647e+00 4.0928295604e-02 8.0219459384e-02 1.3235145190e+00 1.4839534377e+00
4.8969474678e+04 2.2509532000e+00 1.4043178648e+00 1.5581241979e+00 4.0904243595e-02 8.0172317446e-02 1.3241455473e+00 1.4844901822e+00
4.8970327405e+04 2.3898186000e+00 1.4049965843e+00 1.5578017450e+00 4.0881693493e-02 8.0128119245e-02 1.3248684651e+00 1.4851247035e+00
4.8970795506e+04 1.5361702000e+00 1.4050868621e+00 1.5572690191e+00 4.0853647424e-02 8.0073148951e-02 1.3250137131e+00 1.4851600110e+00
4.8971523506e+04 1.4860962000e+00 1.4051425769e+00 1.5567344949e+00 4.0825578327e-02 8.0018133521e-02 1.3251244434e+00 1.4851607104e+00
4.8972195125e+04 1.4514590000e+00 1.4051744095e+00 1.5561995480e+00 4.0797522272e-02 7.9963143652e-02 1.3252112658e+00 1.4851375531e+00
4.8972868898e+04 1.4239863000e+00 1.4051873297e+00 1.5556647577e+00 4.0769494412e-02 7.9908209048e-02 1.3252791207e+00 1.4850955388e+00
4.8973827669e+04 1.7261447000e+00 1.4054076162e+00 1.5551531566e+00 4.0742098119e-02 7.9854512312e-02 1.3255531039e+00 1.4852621285e+00
4.8974481846e+04 1.6965148000e+00 1.4056072782e+00 1.5546380625e+00 4.0714633935e-02 7.9800682513e-02 1.3258065957e+00 1.4854079607e+00
4.8975270844e+04 1.6920842000e+00 1.4058036297e+00 1.5541229152e+00 4.0687191979e-02 7.9746896279e-02 1.3260567335e+00 1.4855505260e+00
4.8976484859e+04 2.1899496000e+00 1.4063407160e+00 1.5537256687e+00 4.0662859206e-02 7.9699204043e-02 1.3266415120e+00 1.4860399201e+00
4.8977546427e+04 2.5002346000e+00 1.4070894456e+00 1.5534569371e+00 4.0641910100e-02 7.9658143795e-02 1.3274313018e+00 1.4867475894e+00
4.8978898753e+04 2.8567253000e+00 1.4080809886e+00 1.5533876154e+00 4.0626195310e-02 7.9627342807e-02 1.3284536458e+00 1.4877083314e+00
4.8978939065e+04 1.9283225000e+00 1.4084365877e+00 1.5529157952e+00 4.0599972953e-02 7.9575946987e-02 1.3288606407e+00 1.4880125347e+00
4.8979595767e+04 1.7066369000e+00 1.4086402764e+00 1.5524045245e+00 4.0572742200e-02 7.9522574711e-02 1.3291177017e+00 1.4881628511e+00
4.8980365792e+04 1.6968922000e+00 1.4088370354e+00 1.5518925020e+00 4.0545515129e-02 7.9469209652e-02 1.3293678258e+00 1.4883062451e+00
4.8981149594e+04 1.6270118000e+00 1.4089858586e+00 1.5513732131e+00 4.0518121577e-02 7.9415518291e-02 1.3295703403e+00 1.4884013769e+00
4.8982173659e+04 2.0092687000e+00 1.4093950494e+00 1.5509231415e+00 4.0492558590e-02 7.9365414836e-02 1.3300296345e+00 1.4887604642e+00
4.8982445894e+04 1.5913638000e+00 1.4095190063e+00 1.5504017171e+00 4.0465155431e-02 7.9311704645e-02 1.3302073016e+00 1.4888307109e+00
4.8983228235e+04 1.5739444000e+00 1.4096309364e+00 1.5498794944e+00 4.0437754798e-02 7.9257999404e-02 1.3303729370e+00 1.4888889358e+00
4.8983944614e+04 1.6150623000e+00 1.4097706856e+00 1.5493611343e+00 4.0410478238e-02 7.9204537346e-02 1.3305661483e+00 1.4889752230e+00
4.8985174397e+04 2.1938980000e+00 1.4103037430e+00 1.5489688888e+00 4.0386513106e-02 7.9157565687e-02 1.3311461773e+00 1.4894613087e+00
4.8986105412e+04 2.3071679000e+00 1.4109130257e+00 1.5486186169e+00 4.0363662938e-02 7.9112779358e-02 1.3318002463e+00 1.4900258050e+00
4.8987438208e+04 2.7230986000e+00 1.4118038509e+00 1.5484697381e+00 4.0346080331e-02 7.9078317449e-02 1.3327255335e+00 1.4908821684e+00
4.8987690961e+04 2.0223599000e+00 1.4122180680e+00 1.5480256635e+00 4.0320825454e-02 7.9028817889e-02 1.3331892502e+00 1.4912468859e+00
4.8988287570e+04 1.6861792000e+00 1.4124038044e+00 1.5475168936e+00 4.0293907819e-02 7.8976059326e-02 1.3334277451e+00 1.4913798637e+00
4.8989155645e+04 1.7811044000e+00 1.4126536016e+00 1.5470219697e+00 4.0267373456e-02 7.8924051974e-02 1.3337295496e+00 1.4915776535e+00
4.8989698873e+04 1.5300089000e+00 1.4127330567e+00 1.5465008347e+00 4.0240179663e-02 7.8870752140e-02 1.3338623046e+00 1.4916038089e+00
4.8990500413e+04 1.6182915000e+00 1.4128721355e+00 1.5459864582e+00 4.0213184686e-02 7.8817841985e-02 1.3340542935e+00 1.4916899775e+00
4.8991386944e+04 1.8111247000e+00 1.4131414070e+00 1.5454980409e+00 4.0186887571e-02 7.8766299639e-02 1.3343751074e+00 1.4919077067e+00
4.8992295872e+04 1.9269218000e+00 1.4134885559e+00 1.5450331538e+00 4.0161224460e-02 7.8715999942e-02 1.3347725560e+00 1.4922045559e+00
4.8992932653e+04 1.7299053000e+00 1.4137022067e+00 1.5445329648e+00 4.0134665948e-02 7.8663945258e-02 1.3350382614e+00 1.4923661519e+00
4.8993563151e+04 1.6174001000e+00 1.4138396547e+00 1.5440204878e+00 4.0107810740e-02 7.8611309051e-02 1.3352283456e+00 1.4924509637e+00
4.8994369035e+04 1.6594654000e+00 1.4140052823e+00 1.5435126450e+00 4.0081098548e-02 7.8558953154e-02 1.3354463291e+00 1.4925642354e+00
4.8995352884e+04 1.8705816000e+00 1.4143129482e+00 1.5430376435e+00 4.0055261433e-02 7.8508312409e-02 1.3358046358e+00 1.4928212607e+00
4.8996301545e+04 1.9800491000e+00 1.4146939154e+00 1.5425874779e+00 4.0030090761e-02 7.8458977892e-02 1.3362349375e+00 1.4931528932e+00
4.8997393267e+04 2.3358424000e+00 1.4153137999e+00 1.5422530079e+00 4.0007942855e-02 7.8415567995e-02 1.3368982319e+00 1.4937293679e+00
4.8998062768e+04 2.0923520000e+00 1.4157691047e+00 1.5418338939e+00 3.9983619345e-02 7.8367893916e-02 1.3374012108e+00 1.4941369986e+00
4.8998803822e+04 1.8411849000e+00 1.4160550024e+00 1.5413547970e+00 3.9957761722e-02 7.8317212975e-02 1.3377377894e+00 1.4943722154e+00
4.8999644533e+04 1.8147609000e+00 1.4163227700e+00 1.5408714016e+00 3.9931814586e-02 7.8266356588e-02 1.3380564134e+00 1.4945891266e+00
4.9000250555e+04 1.6463193000e+00 1.4164771301e+00 1.5403654128e+00 3.9905304056e-02 7.8214395951e-02 1.3382627341e+00 1.4946915260e+00
4.9000927201e+04 1.5979217000e+00 1.4165988233e+00 1.5398555898e+00 3.9878716509e-02 7.8162284357e-02 1.3384365389e+00 1.4947611076e+00
4.9001673213e+04 1.4817359000e+00 1.4166424808e+00 1.5393400427e+00 3.9852003080e-02 7.8109926038e-02 1.3385325548e+00 1.4947524069e+00
4.9002490574e+04 1.6162568000e+00 1.4167761810e+00 1.5388327575e+00 3.9825525844e-02 7.8058030654e-02 1.3387181503e+00 1.4948342116e+00
4.9003120330e+04 1.5351945000e+00 1.4168554436e+00 1.5383203707e+00 3.9798938814e-02 7.8005920075e-02 1.3388495235e+00 1.4948613636e+00
4.9003818845e+04 1.4247668000e+00 1.4168607355e+00 1.5378054653e+00 3.9772308893e-02 7.7953725429e-02 1.3389070100e+00 1.4948144609e+00
4.9004699868e+04 1.6407096000e+00 1.4170103670e+00 1.5373019499e+00 3.9745995704e-02 7.7902151581e-02 1.3391082155e+00 1.4949125186e+00
4.9005582006e+04 1.8206455000e+00 1.4172799964e+00 1.5368234447e+00 3.9720350946e-02 7.7851887855e-02 1.3394281085e+00 1.4951318842e+00
4.9007604636e+04 3.0614358000e+00 1.4183775637e+00 1.5368968608e+00 3.9708987801e-02 7.7829616089e-02 1.3405479476e+00 1.4962071798e+00
4.9008582817e+04 3.1526645000e+00 1.4195345263e+00 1.5370362142e+00 3.9699339719e-02 7.7810705850e-02 1.3417238204e+00 1.4973452321e+00
4.9009029374e+04 2.6058717000e+00 1.4203254177e+00 1.5368285280e+00 3.9680741966e-02 7.7774254254e-02 1.3425511635e+00 1.4980996720e+00
4.9009234796e+04 1.9323018000e+00 1.4206665079e+00 1.5363729616e+00 3.9655762906e-02 7.7725295295e-02 1.3429412126e+00 1.4983918032e+00
4.9009845324e+04 1.6311279000e+00 1.4208066287e+00 1.5358706872e+00 3.9629599691e-02 7.7674015394e-02 1.3431326133e+00 1.4984806441e+00
4.9010704456e+04 1.7899850000e+00 1.4210522564e+00 1.5353888376e+00 3.9603985118e-02 7.7623810831e-02 1.3434284455e+00 1.4986760672e+00
4.9011364109e+04 1.6674657000e+00 1.4212160951e+00 1.5348911207e+00 3.9577982814e-02 7.7572846316e-02 1.3436432488e+00 1.4987889414e+00
4.9012260801e+04 1.6501178000e+00 1.4213681892e+00 1.5343921034e+00 3.9551968649e-02 7.7521858551e-02 1.3438463307e+00 1.4988900478e+00
4.9012935254e+04 1.6535522000e+00 1.4215223619e+00 1.5338939147e+00 3.9525997476e-02 7.7470955052e-02 1.3440514068e+00 1.4989933169e+00
4.9013727626e+04 1.6680776000e+00 1.4216859685e+00 1.5333977137e+00 3.9500099102e-02 7.7420194239e-02 1.3442657743e+00 1.4991061628e+00
4.9014642088e+04 1.8163080000e+00 1.4219476542e+00 1.5329225320e+00 3.9474763528e-02 7.7370536514e-02 1.3445771177e+00 1.4993181908e+00
4.9015126600e+04 1.6288946000e+00 1.4220847960e+00 1.5324234383e+00 3.9448833528e-02 7.7319713715e-02 1.3447650823e+00 1.4994045097e+00
4.9016630873e+04 2.4464399000e+00 1.4227631769e+00 1.5321422344e+00 3.9428532266e-02 7.7279923241e-02 1.3454832536e+00 1.5000431001e+00
4.9018188548e+04 3.2783433000e+00 1.4239912246e+00 1.5323780376e+00 3.9421549152e-02 7.7266236338e-02 1.3467249883e+00 1.5012574610e+00
4.9018904410e+04 3.0016032000e+00 1.4250346188e+00 1.5324077049e+00 3.9409273730e-02 7.7242176511e-02 1.3477924423e+00 1.5022767953e+00
4.9018960811e+04 1.7814530000e+00 1.4252701894e+00 1.5319282586e+00 3.9383922070e-02 7.7192487257e-02 1.3480777022e+00 1.5024626767e+00
4.9019853039e+04 1.9331688000e+00 1.4256056575e+00 1.5314775112e+00 3.9359329029e-02 7.7144284898e-02 1.3484613726e+00 1.5027499424e+00
4.9020260094e+04 1.5174961000e+00 1.4256663112e+00 1.5309734748e+00 3.9333387429e-02 7.7093439361e-02 1.3485728719e+00 1.5027597506e+00
4.9020926654e+04 1.4972445000e+00 1.4257135264e+00 1.5304692230e+00 3.9307461698e-02 7.7042624928e-02 1.3486709015e+00 1.5027561513e+00
4.9021279426e+04 1.1698531000e+00 1.4255448643e+00 1.5299784611e+00 3.9281903689e-02 7.6992531230e-02 1.3485523330e+00 1.5025373955e+00
4.9021957351e+04 1.1839957000e+00 1.4253857410e+00 1.5294866571e+00 3.9256340040e-02 7.6942426479e-02 1.3484433145e+00 1.5023281675e+00
4.9022666317e+04 1.2359552000e+00 1.4252610336e+00 1.5289905107e+00 3.9230686067e-02 7.6892144692e-02 1.3483688889e+00 1.5021531783e+00
4.9023533827e+04 1.3385863000e+00 1.4252040107e+00 1.5284887550e+00 3.9204909352e-02 7.6841622330e-02 1.3483623884e+00 1.5020456331e+00
4.9024588657e+04 1.6825301000e+00 1.4253731929e+00 1.5280001164e+00 3.9179490164e-02 7.6791800722e-02 1.3485813922e+00 1.5021649936e+00
4.9025395301e+04 1.5757101000e+00 1.4254719688e+00 1.5275025902e+00 3.9153864105e-02 7.6741573646e-02 1.3487303951e+00 1.5022135424e+00
4.9026537819e+04 2.0179468000e+00 1.4258609871e+00 1.5270761181e+00 3.9130079802e-02 7.6694956412e-02 1.3491660307e+00 1.5025559435e+00
4.9027445867e+04 2.1862908000e+00 1.4263599568e+00 1.5266988864e+00 3.9107576660e-02 7.6650850254e-02 1.3497091065e+00 1.5030108070e+00
4.9028263576e+04 2.0561195000e+00 1.4267729138e+00 1.5262830603e+00 3.9084104187e-02 7.6604844207e-02 1.3501680696e+00 1.5033777580e+00
4.9028605855e+04 1.5173745000e+00 1.4268322858e+00 1.5257843192e+00 3.9058528760e-02 7.6554716369e-02 1.3502775694e+00 1.5033870021e+00
4.9029312932e+04 1.5192478000e+00 1.4268928067e+00 1.5252861402e+00 3.9032988663e-02 7.6504657779e-02 1.3503881490e+00 1.5033974645e+00
4.9030000928e+04 1.4766037000e+00 1.4269253401e+00 1.5247871495e+00 3.9007448707e-02 7.6454599465e-02 1.3504707406e+00 1.5033799395e+00
4.9030864442e+04 1.6344342000e+00 1.4270610555e+00 1.5242973509e+00 3.8982164711e-02 7.6405042833e-02 1.3506560126e+00 1.5034660983e+00
4.9031245127e+04 1.3416635000e+00 1.4270052401e+00 1.5238003702e+00 3.8956717799e-02 7.6355166885e-02 1.3506500732e+00 1.5033604070e+00
4.9031892308e+04 1.1852297000e+00 1.4268473201e+00 1.5233148390e+00 3.8931584288e-02 7.6305905205e-02 1.3505414148e+00 1.5031532253e+00
4.9032530921e+04 1.0695844000e+00 1.4266141197e+00 1.5228446046e+00 3.8906862157e-02 7.6257449828e-02 1.3503566699e+00 1.5028715695e+00
4.9033331091e+04 1.1735782000e+00 1.4264490604e+00 1.5223612202e+00 3.8881824440e-02 7.6208375903e-02 1.3502406845e+00 1.5026574363e+00
4.9034435601e+04 1.5448194000e+00 1.4265262249e+00 1.5218676081e+00 3.8856546052e-02 7.6158830262e-02 1.3503673946e+00 1.5026850552e+00
4.9035107336e+04 1.4589330000e+00 1.4265473368e+00 1.5213717064e+00 3.8831229826e-02 7.6109210458e-02 1.3504381263e+00 1.5026565473e+00
4.9036020305e+04 1.6672438000e+00 1.4267040402e+00 1.5208884568e+00 3.8806257029e-02 7.6060263777e-02 1.3506437765e+00 1.5027643040e+00
4.9037047737e+04 1.9980819000e+00 1.4270757890e+00 1.5204631016e+00 3.8782781321e-02 7.6014251390e-02 1.3510615376e+00 1.5030900404e+00
4.9037462861e+04 1.5999907000e+00 1.4271882174e+00 1.5199747916e+00 3.8757719706e-02 7.5965130624e-02 1.3512230868e+00 1.5031533480e+00
4.9038835566e+04 2.1622708000e+00 1.4276658539e+00 1.5195960254e+00 3.8735470816e-02 7.5921522800e-02 1.3517443311e+00 1.5035873767e+00
4.9041890276e+04 4.4735306000e+00 1.4296436882e+00 1.5210824920e+00 3.8760770999e-02 7.5971111158e-02 1.3536725770e+00 1.5056147993e+00
4.9049976710e+04 1.1422952100e+01 1.4361286385e+00 1.5417372032e+00 3.9274352434e-02 7.6977730771e-02 1.3591509077e+00 1.5131063693e+00
4.9052279053e+04 1.2887344200e+01 1.4435548483e+00 1.5685646656e+00 3.9944799055e-02 7.8291806147e-02 1.3652630422e+00 1.5218466545e+00
4.9053595973e+04 1.3379035900e+01 1.4512900920e+00 1.5972049161e+00 4.0660964415e-02 7.9695490253e-02 1.3715946018e+00 1.5309855823e+00
4.9058123937e+04 1.7163065900e+01 1.4614661126e+00 1.6459617349e+00 4.1888623240e-02 8.2101701551e-02 1.3793644111e+00 1.5435678142e+00
4.9058379210e+04 1.6749263800e+01 1.4713611273e+00 1.6907425727e+00 4.3014338298e-02 8.4308103064e-02 1.3870530242e+00 1.5556692304e+00
4.9058973010e+04 1.6653141400e+01 1.4811811663e+00 1.7337097378e+00 4.4093202585e-02 8.6422677067e-02 1.3947584892e+00 1.5676038434e+00
4.9059233742e+04 1.6168955700e+01 1.4906755261e+00 1.7728976612e+00 4.5075287999e-02 8.8347564478e-02 1.4023279616e+00 1.5790230905e+00
4.9059832752e+04 1.6078799100e+01 1.5000993785e+00 1.8106688958e+00 4.6020736326e-02 9.0200643200e-02 1.4098987353e+00 1.5903000217e+00
4.9060194701e+04 1.5732278200e+01 1.5092873571e+00 1.8458289404e+00 4.6899233197e-02 9.1922497066e-02 1.4173648600e+00 1.6012098541e+00
4.9060289889e+04 1.4973244600e+01 1.5179737811e+00 1.8766361200e+00 4.7666605115e-02 9.3426546026e-02 1.4245472351e+00 1.6114003271e+00
4.9060326409e+04 1.4006619800e+01 1.5260257772e+00 1.9026257427e+00 4.8311160458e-02 9.4689874498e-02 1.4313359027e+00 1.6207156517e+00
4.9060345909e+04 1.2582180300e+01 1.5331495881e+00 1.9225925086e+00 4.8802423267e-02 9.5652749603e-02 1.4374968385e+00 1.6288023377e+00
4.9060574574e+04 1.2081216600e+01 1.5399416467e+00 1.9405095297e+00 4.9241361447e-02 9.6513068437e-02 1.4434285783e+00 1.6364547152e+00
4.9060879867e+04 1.1689537100e+01 1.5464729180e+00 1.9568851847e+00 4.9640921865e-02 9.7296206854e-02 1.4491767111e+00 1.6437691248e+00
4.9061682190e+04 1.1802091900e+01 1.5530681713e+00 1.9734564381e+00 5.0045190595e-02 9.8088573566e-02 1.4549795978e+00 1.6511567449e+00
4.9062019593e+04 1.1471357000e+01 1.5594423929e+00 1.9887701054e+00 5.0417323529e-02 9.8817954116e-02 1.4606244388e+00 1.6582603470e+00
4.9062574362e+04 1.0697149400e+01 1.5653111836e+00 2.0015637568e+00 5.0725358159e-02 9.9421701993e-02 1.4658894816e+00 1.6647328856e+00
4.9063031730e+04 1.0422057700e+01 1.5709958732e+00 2.0134547301e+00 5.1010331143e-02 9.9980249040e-02 1.4710156242e+00 1.6709761223e+00
4.9063044053e+04 9.7514942000e+00 1.5762431461e+00 2.0234365987e+00 5.1246775389e-02 1.0044367976e-01 1.4757994663e+00 1.6766868258e+00
4.9063325144e+04 9.3170590000e+00 1.5812052075e+00 2.0322537289e+00 5.1453583880e-02 1.0084902441e-01 1.4803561831e+00 1.6820542319e+00
4.9063357921e+04 8.5513820000e+00 1.5856704072e+00 2.0392427617e+00 5.1613995298e-02 1.0116343078e-01 1.4845069765e+00 1.6868338380e+00
4.9063426934e+04 7.9047341000e+00 1.5897159026e+00 2.0448458165e+00 5.1739240892e-02 1.0140891215e-01 1.4883069904e+00 1.6911248147e+00
4.9063492638e+04 7.2272451000e+00 1.5933227671e+00 2.0491554989e+00 5.1831696842e-02 1.0159012581e-01 1.4917326412e+00 1.6949128929e+00
4.9063530701e+04 6.2975342000e+00 1.5963305749e+00 2.0519483548e+00 5.1885744355e-02 1.0169605894e-01 1.4946345159e+00 1.6980266338e+00
4.9063567370e+04 5.5568694000e+00 1.5988612706e+00 2.0537323181e+00 5.1914259828e-02 1.0175194926e-01 1.4971093213e+00 1.7006132199e+00
4.9063970600e+04 5.2206441000e+00 1.6011740310e+00 2.0551136979e+00 5.1932589124e-02 1.0178787468e-01 1.4993861564e+00 1.7029619057e+00
4.9064597324e+04 5.1019694000e+00 1.6034081059e+00 2.0563587638e+00 5.1947468468e-02 1.0181703820e-01 1.5015910677e+00 1.7052251441e+00
4.9065019666e+04 4.8823444000e+00 1.6054992643e+00 2.0573685202e+00 5.1956401145e-02 1.0183454624e-01 1.5036647180e+00 1.7073338105e+00
4.9066527746e+04 5.7518821000e+00 1.6081419557e+00 2.0593728140e+00 5.1990441264e-02 1.0190126488e-01 1.5062406908e+00 1.7100432206e+00
4.9067301426e+04 5.7205351000e+00 1.6107613144e+00 2.0613292684e+00 5.2023257616e-02 1.0196558493e-01 1.5087957295e+00 1.7127268993e+00
4.9067350643e+04 5.0390344000e+00 1.6129435379e+00 2.0624859828e+00 5.2035881155e-02 1.0199032706e-01 1.5109532108e+00 1.7149338649e+00
4.9067409132e+04 4.4148945000e+00 1.6147259494e+00 2.0630394444e+00 5.2033286892e-02 1.0198524231e-01 1.5127407071e+00 1.7167111917e+00
4.9068079769e+04 4.2983321000e+00 1.6164319928e+00 2.0634921187e+00 5.2028158325e-02 1.0197519032e-01 1.5144568024e+00 1.7184071831e+00
4.9069109877e+04 4.5866544000e+00 1.6183190464e+00 2.0641933540e+00 5.2029303411e-02 1.0197743469e-01 1.5163416117e+00 1.7202964811e+00
4.9069540791e+04 4.1617077000e+00 1.6199338963e+00 2.0645318446e+00 5.2021312712e-02 1.0196177291e-01 1.5179721234e+00 1.7218956692e+00
4.9070075034e+04 3.0152278000e+00 1.6208192351e+00 2.0641753909e+00 5.1995826930e-02 1.0191182078e-01 1.5189074143e+00 1.7227310559e+00
4.9071196516e+04 3.2736980000e+00 1.6218673510e+00 2.0639398704e+00 5.1973407842e-02 1.0186787937e-01 1.5199994716e+00 1.7237352304e+00
4.9071959852e+04 3.2541104000e+00 1.6229017255e+00 2.0636942201e+00 5.1950753187e-02 1.0182347625e-01 1.5210782493e+00 1.7247252018e+00
4.9072310726e+04 2.4483603000e+00 1.6234244985e+00 2.0631447374e+00 5.1920471944e-02 1.0176412501e-01 1.5216603735e+00 1.7251886236e+00
4.9072675747e+04 1.8966936000e+00 1.6235974537e+00 2.0625027771e+00 5.1887888550e-02 1.0170026156e-01 1.5218971921e+00 1.7252977152e+00
4.9073511747e+04 1.6788435000e+00 1.6236323974e+00 2.0618504509e+00 5.1855070266e-02 1.0163593772e-01 1.5219964597e+00 1.7252683351e+00
4.9074248160e+04 1.6285056000e+00 1.6236354778e+00 2.0611982798e+00 5.1822281818e-02 1.0157167236e-01 1.5220638054e+00 1.7252071502e+00
4.9075741456e+04 2.3983803000e+00 1.6241248934e+00 2.0606386710e+00 5.1791845715e-02 1.0151201760e-01 1.5226128758e+00 1.7256369110e+00
4.9076771845e+04 2.6166803000e+00 1.6247515066e+00 2.0601385615e+00 5.1762928975e-02 1.0145534079e-01 1.5232961658e+00 1.7262068474e+00
4.9078623599e+04 3.2013251000e+00 1.6257461903e+00 2.0598686110e+00 5.1739816776e-02 1.0141004088e-01 1.5243361494e+00 1.7271562312e+00
4.9078846691e+04 2.5634951000e+00 1.6263374569e+00 2.0593532470e+00 5.1710561947e-02 1.0135270142e-01 1.5249847555e+00 1.7276901584e+00
4.9079460798e+04 2.3176181000e+00 1.6267730465e+00 2.0587770007e+00 5.1679802415e-02 1.0129241273e-01 1.5254806338e+00 1.7280654592e+00
4.9080477157e+04 2.2998212000e+00 1.6271968804e+00 2.0581975167e+00 5.1648986139e-02 1.0123201283e-01 1.5259648675e+00 1.7284288932e+00
4.9080836194e+04 1.6770578000e+00 1.6272282592e+00 2.0575497475e+00 5.1616481355e-02 1.0116830346e-01 1.5260599557e+00 1.7283965626e+00
4.9081697106e+04 1.7478421000e+00 1.6273041169e+00 2.0569044329e+00 5.1584063686e-02 1.0110476483e-01 1.5261993521e+00 1.7284088817e+00
4.9082561081e+04 1.8955308000e+00 1.6274727069e+00 2.0562684947e+00 5.1551906572e-02 1.0104173688e-01 1.5264309700e+00 1.7285144438e+00
4.9083093065e+04 1.7003667000e+00 1.6275184946e+00 2.0556229856e+00 5.1519534878e-02 1.0097828836e-01 1.5265402062e+00 1.7284967830e+00
4.9083909842e+04 1.6594609000e+00 1.6275385463e+00 2.0549774296e+00 5.1487187421e-02 1.0091488735e-01 1.5266236590e+00 1.7284534337e+00
4.9084762721e+04 1.7917068000e+00 1.6276415377e+00 2.0543364387e+00 5.1454979672e-02 1.0085176016e-01 1.5267897775e+00 1.7284932979e+00
4.9085662697e+04 1.9646550000e+00 1.6278528314e+00 2.0537092668e+00 5.1423143201e-02 1.0078936067e-01 1.5270634707e+00 1.7286421921e+00
4.9086660097e+04 2.0136303000e+00 1.6280945466e+00 2.0530880650e+00 5.1391481176e-02 1.0072730311e-01 1.5273672435e+00 1.7288218497e+00
4.9087537717e+04 2.1039002000e+00 1.6283924838e+00 2.0524792788e+00 5.1360154705e-02 1.0066590322e-01 1.5277265806e+00 1.7290583870e+00
4.9088517449e+04 2.0866653000e+00 1.6286792628e+00 2.0518685789e+00 5.1328805007e-02 1.0060445781e-01 1.5280748050e+00 1.7292837206e+00
4.9088825253e+04 1.5759500000e+00 1.6286462864e+00 2.0512268905e+00 5.1296704990e-02 1.0054154178e-01 1.5281047446e+00 1.7291878281e+00
4.9089763497e+04 1.8393323000e+00 1.6287779651e+00 2.0505921413e+00 5.1264803533e-02 1.0047901493e-01 1.5282989502e+00 1.7292569801e+00
4.9090488990e+04 1.7434698000e+00 1.6288496027e+00 2.0499532339e+00 5.1232823091e-02 1.0041633326e-01 1.5284332695e+00 1.7292659360e+00
4.9091244781e+04 1.7461525000e+00 1.6289228255e+00 2.0493150180e+00 5.1200884890e-02 1.0035373438e-01 1.5285690911e+00 1.7292765599e+00
4.9092294392e+04 1.9273312000e+00 1.6291089817e+00 2.0486888559e+00 5.1169272669e-02 1.0029177443e-01 1.5288172073e+00 1.7294007562e+00
4.9093643034e+04 2.4589086000e+00 1.6296263132e+00 2.0481544735e+00 5.1139976771e-02 1.0023435447e-01 1.5293919587e+00 1.7298606676e+00
4.9094000102e+04 2.1690072000e+00 1.6299623760e+00 2.0475601586e+00 5.1109208120e-02 1.0017404792e-01 1.5297883281e+00 1.7301364239e+00
4.9096099199e+04 3.4478037000e+00 1.6310942822e+00 2.0474244300e+00 5.1089906814e-02 1.0013621736e-01 1.5309580648e+00 1.7312304995e+00
4.9096498041e+04 3.0401868000e+00 1.6319711288e+00 2.0470885196e+00 5.1065628840e-02 1.0008863253e-01 1.5318824963e+00 1.7320597613e+00
4.9098397364e+04 3.9380643000e+00 1.6334052664e+00 2.0472588764e+00 5.1053996065e-02 1.0006583229e-01 1.5333394341e+00 1.7334710986e+00
4.9099324155e+04 3.3849339000e+00 1.6344938485e+00 2.0470876615e+00 5.1033860084e-02 1.0002636577e-01 1.5344674827e+00 1.7345202142e+00
4.9099817909e+04 3.0102615000e+00 1.6353483625e+00 2.0467384596e+00 5.1009305702e-02 9.9978239176e-02 1.5353701234e+00 1.7353266017e+00
4.9100268083e+04 2.1223275000e+00 1.6356506463e+00 2.0461386774e+00 5.0978528404e-02 9.9917915671e-02 1.5357327306e+00 1.7355685620e+00
4.9100801032e+04 1.7936845000e+00 1.6357486822e+00 2.0455073112e+00 5.0946988457e-02 9.9856097375e-02 1.5358925848e+00 1.7356047796e+00
4.9102480410e+04 2.7587267000e+00 1.6364448868e+00 2.0450637893e+00 5.0920150114e-02 9.9803494224e-02 1.5366413926e+00 1.7362483810e+00
4.9103597646e+04 2.9667778000e+00 1.6372691327e+00 2.0446977485e+00 5.0895261905e-02 9.9754713334e-02 1.5375144194e+00 1.7370238460e+00
4.9104073903e+04 2.7142677000e+00 1.6379360049e+00 2.0442397928e+00 5.0868106819e-02 9.9701489366e-02 1.5382345155e+00 1.7376374943e+00
4.9104679651e+04 2.4142175000e+00 1.6384163771e+00 2.0436979815e+00 5.0838887429e-02 9.9644219360e-02 1.5387721577e+00 1.7380605965e+00
4.9104837835e+04 1.7365390000e+00 1.6384770590e+00 2.0430670076e+00 5.0807473664e-02 9.9582648382e-02 1.5388944106e+00 1.7380597074e+00
4.9106024422e+04 2.1696677000e+00 1.6388053598e+00 2.0424778287e+00 5.0777123223e-02 9.9523161517e-02 1.5392821982e+00 1.7383285213e+00
4.9106815550e+04 2.2396269000e+00 1.6391764663e+00 2.0419011229e+00 5.0747106373e-02 9.9464328491e-02 1.5397121378e+00 1.7386407948e+00
4.9108694578e+04 3.1310748000e+00 1.6400973912e+00 2.0416067215e+00 5.0724126806e-02 9.9419288539e-02 1.5406781027e+00 1.7395166798e+00
4.9108906368e+04 2.4315903000e+00 1.6405856657e+00 2.0410711147e+00 5.0695175305e-02 9.9362543597e-02 1.5412231221e+00 1.7399482093e+00
4.9109675870e+04 2.3449144000e+00 1.6410199004e+00 2.0405163440e+00 5.0665770639e-02 9.9304910453e-02 1.5417149900e+00 1.7403248109e+00
4.9110729766e+04 2.2189563000e+00 1.6413759919e+00 2.0399376464e+00 5.0635794993e-02 9.9246158186e-02 1.5421298337e+00 1.7406221501e+00
4.9112317777e+04 2.8446590000e+00 1.6421169297e+00 2.0395275498e+00 5.0610026377e-02 9.9195651699e-02 1.5429212780e+00 1.7413125814e+00
4.9113201380e+04 2.8505115000e+00 1.6428605571e+00 2.0391197351e+00 5.0584335027e-02 9.9145296652e-02 1.5437152605e+00 1.7420058538e+00
4.9113410416e+04 2.2028526000e+00 1.6432049557e+00 2.0385394921e+00 5.0554388166e-02 9.9086600806e-02 1.5441183549e+00 1.7422915565e+00
4.9114357562e+04 2.2950050000e+00 1.6436055703e+00 2.0379765638e+00 5.0524893758e-02 9.9028791765e-02 1.5445767785e+00 1.7426343621e+00
4.9114723285e+04 1.6151910000e+00 1.6435881166e+00 2.0373502903e+00 5.0493852288e-02 9.8967950484e-02 1.5446201662e+00 1.7425560671e+00
4.9115900053e+04 2.0595620000e+00 1.6438434720e+00 2.0367505327e+00 5.0463491610e-02 9.8908443556e-02 1.5449350285e+00 1.7427519156e+00
4.9117326001e+04 2.7430419000e+00 1.6445178269e+00 2.0363071879e+00 5.0437028487e-02 9.8856575835e-02 1.5456612510e+00 1.7433744027e+00
4.9118247315e+04 2.6013923000e+00 1.6451045065e+00 2.0358202534e+00 5.0409507002e-02 9.8802633724e-02 1.5463018728e+00 1.7439071402e+00
4.9119402997e+04 2.6869661000e+00 1.6457429021e+00 2.0353593535e+00 5.0382651575e-02 9.8749997086e-02 1.5469929050e+00 1.7444928992e+00
4.9119427783e+04 1.7074340000e+00 1.6457806799e+00 2.0347362521e+00 5.0351803468e-02 9.8689534796e-02 1.5470911451e+00 1.7444702146e+00
4.9120334766e+04 1.8334362000e+00 1.6458955241e+00 2.0341184453e+00 5.0321109946e-02 9.8629375493e-02 1.5472661486e+00 1.7445248996e+00
4.9120746050e+04 1.3897618000e+00 1.6457388674e+00 2.0335057747e+00 5.0290566937e-02 9.8569511197e-02 1.5471693562e+00 1.7443083786e+00
4.9121400905e+04 1.2956465000e+00 1.6455248745e+00 2.0329022274e+00 5.0260272863e-02 9.8510134812e-02 1.5470147397e+00 1.7440350093e+00
4.9122724230e+04 1.6917810000e+00 1.6455531312e+00 2.0322811512e+00 5.0229568751e-02 9.8449954753e-02 1.5471031764e+00 1.7440030859e+00
4.9123743309e+04 1.9134632000e+00 1.6457166904e+00 2.0316711004e+00 5.0199160496e-02 9.8390354572e-02 1.5473263358e+00 1.7441070450e+00
4.9125932699e+04 3.2803009000e+00 1.6467139962e+00 2.0314518676e+00 5.0178428979e-02 9.8349720798e-02 1.5483642754e+00 1.7450637170e+00
4.9126591511e+04 3.0747491000e+00 1.6475847493e+00 2.0311379873e+00 5.0155377623e-02 9.8304540141e-02 1.5492802092e+00 1.7458892895e+00
4.9129934751e+04 5.5561303000e+00 1.6499665565e+00 2.0328083260e+00 5.0181326844e-02 9.8355400614e-02 1.5516111559e+00 1.7483219571e+00
4.9129989724e+04 4.5441591000e+00 1.6517291585e+00 2.0334428262e+00 5.0181702288e-02 9.8356136485e-02 1.5533730220e+00 1.7500852950e+00
4.9130680142e+04 4.2408044000e+00 1.6533049803e+00 2.0338261878e+00 5.0175886394e-02 9.8344737331e-02 1.5549602430e+00 1.7516497177e+00
4.9130876407e+04 3.3714220000e+00 1.6543500637e+00 2.0336484028e+00 5.0156239021e-02 9.8306228480e-02 1.5560438352e+00 1.7526562922e+00
4.9132971162e+04 3.2287822000e+00 1.6553071653e+00 2.0334001459e+00 5.0134870702e-02 9.8264346576e-02 1.5570428187e+00 1.7535715119e+00
4.9133438253e+04 2.8291062000e+00 1.6560202874e+00 2.0329877524e+00 5.0109474330e-02 9.8214569688e-02 1.5578057177e+00 1.7542348571e+00
4.9134784873e+04 2.9097305000e+00 1.6567814958e+00 2.0326047322e+00 5.0084821783e-02 9.8166250694e-02 1.5586152451e+00 1.7549477465e+00
4.9135003673e+04 2.0864725000e+00 1.6570422306e+00 2.0320151268e+00 5.0055099952e-02 9.8107995906e-02 1.5589342347e+00 1.7551502265e+00
4.9135951816e+04 2.1832615000e+00 1.6573613448e+00 2.0314398304e+00 5.0025753129e-02 9.8050476132e-02 1.5593108687e+00 1.7554118209e+00
4.9137555258e+04 2.9261323000e+00 1.6581302969e+00 2.0310638201e+00 5.0001334779e-02 9.8002616166e-02 1.5601276807e+00 1.7561329131e+00
4.9137767883e+04 2.1464504000e+00 1.6584260692e+00 2.0304837975e+00 4.9971914899e-02 9.7944953201e-02 1.5604811160e+00 1.7563710224e+00
4.9138438250e+04 1.9049756000e+00 1.6585753123e+00 2.0298778370e+00 4.9941879254e-02 9.7886083338e-02 1.5606892290e+00 1.7564613956e+00
4.9139239000e+04 1.8701813000e+00 1.6587033256e+00 2.0292700446e+00 4.9911821301e-02 9.7827169750e-02 1.5608761558e+00 1.7565304953e+00
4.9140104545e+04 1.9215899000e+00 1.6588622655e+00 2.0286664294e+00 4.9881888804e-02 9.7768502056e-02 1.5610937634e+00 1.7566307675e+00
4.9140855502e+04 1.8394381000e+00 1.6589713747e+00 2.0280579306e+00 4.9851858909e-02 9.7709643462e-02 1.5612617313e+00 1.7566810182e+00
4.9141676429e+04 1.8765813000e+00 1.6591027817e+00 2.0274521795e+00 4.9821919225e-02 9.7650961682e-02 1.5614518200e+00 1.7567537434e+00
4.9142016806e+04 1.2651984000e+00 1.6588650603e+00 2.0268630194e+00 4.9792409735e-02 9.7593123081e-02 1.5612719372e+00 1.7564581834e+00
4.9143053408e+04 1.5671599000e+00 1.6588097496e+00 2.0262525718e+00 4.9762399783e-02 9.7534303575e-02 1.5612754460e+00 1.7563440532e+00
4.9143765965e+04 1.5684365000e+00 1.6587552750e+00 2.0256426408e+00 4.9732425135e-02 9.7475553265e-02 1.5612797218e+00 1.7562308283e+00
4.9144474221e+04 1.5326470000e+00 1.6586793062e+00 2.0250344117e+00 4.9702514837e-02 9.7416929080e-02 1.5612623771e+00 1.7560962353e+00
4.9145483165e+04 1.7866221000e+00 1.6587563338e+00 2.0244268023e+00 4.9672642263e-02 9.7358378836e-02 1.5613979549e+00 1.7561147126e+00
4.9146337636e+04 1.9894298000e+00 1.6589552949e+00 2.0238335549e+00 4.9643144460e-02 9.7300563141e-02 1.5616547318e+00 1.7562558581e+00
4.9147764287e+04 2.7139556000e+00 1.6595896908e+00 2.0233899035e+00 4.9617337266e-02 9.7249981040e-02 1.5623397098e+00 1.7568396718e+00
4.9148419644e+04 2.6266003000e+00 1.6601708270e+00 2.0229202774e+00 4.9590913311e-02 9.7198190090e-02 1.5629726369e+00 1.7573690171e+00
4.9148797373e+04 2.1879097000e+00 1.6604877873e+00 2.0223536688e+00 4.9562132945e-02 9.7141780572e-02 1.5633460067e+00 1.7576295678e+00
4.9149185971e+04 1.6250525000e+00 1.6604665176e+00 2.0217464505e+00 4.9532379396e-02 9.7083463616e-02 1.5633830540e+00 1.7575499812e+00
4.9150040137e+04 1.7071201000e+00 1.6604945041e+00 2.0211399155e+00 4.9502664900e-02 9.7025223203e-02 1.5634692809e+00 1.7575197273e+00
4.9151074037e+04 2.0227366000e+00 1.6607116757e+00 2.0205530594e+00 4.9473454512e-02 9.6967970844e-02 1.5637437048e+00 1.7576796465e+00
4.9151441730e+04 1.6159942000e+00 1.6606848827e+00 2.0199475836e+00 4.9443810308e-02 9.6909868205e-02 1.5637750145e+00 1.7575947509e+00
4.9152194494e+04 1.5317559000e+00 1.6606076797e+00 2.0193448190e+00 4.9414254640e-02 9.6851939095e-02 1.5637557406e+00 1.7574596188e+00
4.9153045308e+04 1.6967511000e+00 1.6606293095e+00 2.0187403277e+00 4.9384678854e-02 9.6793970554e-02 1.5638353390e+00 1.7574232801e+00
4.9153819150e+04 1.7515262000e+00 1.6606836737e+00 2.0181374093e+00 4.9355163648e-02 9.6736120749e-02 1.5639475529e+00 1.7574197944e+00
4.9155918740e+04 3.1629370000e+00 1.6615816135e+00 2.0178678840e+00 4.9333821460e-02 9.6694290062e-02 1.5648873234e+00 1.7582759036e+00
4.9156332503e+04 2.7771796000e+00 1.6622480400e+00 2.0174488820e+00 4.9308843041e-02 9.6645332360e-02 1.5656027077e+00 1.7588933724e+00
4.9157849741e+04 3.6362807000e+00 1.6634265670e+00 2.0174225366e+00 4.9293478066e-02 9.6615217009e-02 1.5668113500e+00 1.7600417840e+00
4.9158101526e+04 2.3551519000e+00 1.6638392909e+00 2.0168909652e+00 4.9265785699e-02 9.6560939969e-02 1.5672783510e+00 1.7604002309e+00
4.9159817115e+04 2.9241516000e+00 1.6645908188e+00 2.0165239009e+00 4.9242131384e-02 9.6514577512e-02 1.5680762413e+00 1.7611053964e+00
4.9159997002e+04 2.2453161000e+00 1.6649369007e+00 2.0159723991e+00 4.9213993052e-02 9.6459426381e-02 1.5684774743e+00 1.7613963270e+00
4.9161107491e+04 2.3246977000e+00 1.6653298493e+00 2.0154358821e+00 4.9186241550e-02 9.6405033437e-02 1.5689248159e+00 1.7617348828e+00
4.9161540841e+04 1.8469161000e+00 1.6654379364e+00 2.0148404710e+00 4.9157074067e-02 9.6347865171e-02 1.5690900712e+00 1.7617858015e+00
4.9162274717e+04 1.6508944000e+00 1.6654292847e+00 2.0142407581e+00 4.9127823368e-02 9.6290533802e-02 1.5691387508e+00 1.7617198185e+00
4.9163380273e+04 1.9281630000e+00 1.6655854878e+00 2.0136517335e+00 4.9098855025e-02 9.6233755850e-02 1.5693517320e+00 1.7618192437e+00
4.9164269904e+04 2.1065797000e+00 1.6658475165e+00 2.0130817397e+00 4.9070372126e-02 9.6177929368e-02 1.5696695871e+00 1.7620254458e+00
4.9166186919e+04 3.2075857000e+00 1.6667630379e+00 2.0128340333e+00 4.9049764139e-02 9.6137537712e-02 1.5706255002e+00 1.7629005757e+00
4.9166220196e+04 2.3105569000e+00 1.6671451115e+00 2.0122973928e+00 4.9022133903e-02 9.6083382451e-02 1.5710617290e+00 1.7632284939e+00
4.9167114113e+04 2.2466039000e+00 1.6674887999e+00 2.0117496521e+00 4.8994254042e-02 9.6028737923e-02 1.5714600620e+00 1.7635175379e+00
4.9167761287e+04 1.9509388000e+00 1.6676568201e+00 2.0111647925e+00 4.8965491294e-02 9.5972362937e-02 1.5716844572e+00 1.7636291830e+00
4.9168565157e+04 1.7348644000e+00 1.6676966350e+00 2.0105692919e+00 4.8936490892e-02 9.5915522148e-02 1.5717811129e+00 1.7636121572e+00
4.9169264567e+04 1.6239567000e+00 1.6676707381e+00 2.0099739375e+00 4.8907515514e-02 9.5858730407e-02 1.5718120077e+00 1.7635294685e+00
4.9169880648e+04 1.5479975000e+00 1.6675999255e+00 2.0093809380e+00 4.8878618853e-02 9.5802092952e-02 1.5717978326e+00 1.7634020185e+00
4.9170622655e+04 1.5078848000e+00 1.6675054754e+00 2.0087901111e+00 4.8849796400e-02 9.5745600944e-02 1.5717598745e+00 1.7632510763e+00
4.9171503239e+04 1.6906131000e+00 1.6675191324e+00 2.0081961367e+00 4.8820918734e-02 9.5689000719e-02 1.5718301317e+00 1.7632081331e+00
4.9172180007e+04 1.6562841000e+00 1.6675124962e+00 2.0076026290e+00 4.8792073736e-02 9.5632464522e-02 1.5718800317e+00 1.7631449607e+00
4.9173659388e+04 2.3975145000e+00 1.6679434301e+00 2.0070879518e+00 4.8765165330e-02 9.5579724046e-02 1.5723637061e+00 1.7635231542e+00
4.9173735450e+04 1.7483070000e+00 1.6679908422e+00 2.0064964024e+00 4.8736409877e-02 9.5523363359e-02 1.5724674789e+00 1.7635142056e+00
4.9174578409e+04 1.9042737000e+00 1.6681301600e+00 2.0059126288e+00 4.8707864436e-02 9.5467414295e-02 1.5726627457e+00 1.7635975743e+00
4.9174906510e+04 1.4579847000e+00 1.6680063265e+00 2.0053276605e+00 4.8679311053e-02 9.5411449664e-02 1.5725948768e+00 1.7634177761e+00
4.9176001419e+04 1.8907542000e+00 1.6681375090e+00 2.0047440121e+00 4.8650810747e-02 9.5355589064e-02 1.5727819199e+00 1.7634930980e+00
4.9177465344e+04 2.6329720000e+00 1.6687053927e+00 2.0042902095e+00 4.8625481588e-02 9.5305943912e-02 1.5733994488e+00 1.7640113366e+00
4.9178753245e+04 3.0946432000e+00 1.6695441796e+00 2.0039985431e+00 4.8604103923e-02 9.5264043690e-02 1.5742801360e+00 1.7648082233e+00
4.9179339466e+04 2.6286971000e+00 1.6701080556e+00 2.0035439419e+00 4.8578792445e-02 9.5214433192e-02 1.5748936224e+00 1.7653224887e+00
4.9179587178e+04 2.1783864000e+00 1.6704066915e+00 2.0029927931e+00 4.8551159791e-02 9.5160273190e-02 1.5752464183e+00 1.7655669647e+00
4.9180126185e+04 1.5754470000e+00 1.6703509312e+00 2.0024056047e+00 4.8522674240e-02 9.5104441510e-02 1.5752464897e+00 1.7654553727e+00
4.9180914919e+04 1.6669478000e+00 1.6703489341e+00 2.0018176148e+00 4.8494190173e-02 9.5048612739e-02 1.5753003214e+00 1.7653975468e+00
4.9181994762e+04 1.9925582000e+00 1.6705379131e+00 2.0012453451e+00 4.8466107706e-02 9.4993571103e-02 1.5755443420e+00 1.7655314842e+00
4.9182508696e+04 1.7570340000e+00 1.6705886142e+00 2.0006594789e+00 4.8437716687e-02 9.4937924706e-02 1.5756506895e+00 1.7655265389e+00
4.9183445772e+04 1.6631237000e+00 1.6705842411e+00 2.0000730414e+00 4.8409332635e-02 9.4882291965e-02 1.5757019492e+00 1.7654665331e+00
4.9183918879e+04 1.4650606000e+00 1.6704639111e+00 1.9994932917e+00 4.8381131183e-02 9.4827017119e-02 1.5756368940e+00 1.7652909282e+00
4.9184685248e+04 1.5509061000e+00 1.6703939534e+00 1.9989099652e+00 4.8352863860e-02 9.4771613165e-02 1.5756223402e+00 1.7651655665e+00
4.9185563283e+04 1.7281926000e+00 1.6704277537e+00 1.9983255495e+00 4.8324590872e-02 9.4716198110e-02 1.5757115556e+00 1.7651439519e+00
4.9186692257e+04 2.1714386000e+00 1.6707205713e+00 1.9977778542e+00 4.8297226276e-02 9.4662563501e-02 1.5760580078e+00 1.7653831348e+00
4.9188120059e+04 2.8332289000e+00 1.6713996065e+00 1.9973914628e+00 4.8273780251e-02 9.4616609292e-02 1.5767829973e+00 1.7660162158e+00
4.9188407127e+04 2.1950377000e+00 1.6717052914e+00 1.9968480845e+00 4.8246559016e-02 9.4563255672e-02 1.5771420357e+00 1.7662685470e+00
4.9188909612e+04 1.7431818000e+00 1.6717469929e+00 1.9962658944e+00 4.8218420305e-02 9.4508103798e-02 1.5772388891e+00 1.7662550967e+00
4.9189748356e+04 1.7705740000e+00 1.6718046180e+00 1.9956848942e+00 4.8190330840e-02 9.4453048446e-02 1.5773515696e+00 1.7662576665e+00
4.9190303392e+04 1.6428762000e+00 1.6717877600e+00 1.9951030991e+00 4.8162242658e-02 9.4397995609e-02 1.5773897644e+00 1.7661857556e+00
4.9191036966e+04 1.6577159000e+00 1.6717795644e+00 1.9945217196e+00 4.8134184953e-02 9.4343002508e-02 1.5774365618e+00 1.7661225669e+00
4.9192053740e+04 1.9386037000e+00 1.6719348753e+00 1.9939512047e+00 4.8106409789e-02 9.4288563186e-02 1.5776463121e+00 1.7662234384e+00
4.9192351347e+04 1.4675751000e+00 1.6718159923e+00 1.9933768988e+00 4.8078563425e-02 9.4233984313e-02 1.5775820080e+00 1.7660499766e+00
4.9193087207e+04 1.4851206000e+00 1.6717074485e+00 1.9928020888e+00 4.8050725168e-02 9.4179421328e-02 1.5775280272e+00 1.7658868698e+00
4.9194019200e+04 1.7262616000e+00 1.6717391476e+00 1.9922231354e+00 4.8022807272e-02 9.4124702253e-02 1.5776144453e+00 1.7658638498e+00
4.9195204717e+04 2.1720265000e+00 1.6720296745e+00 1.9916807209e+00 4.7995790163e-02 9.4071748719e-02 1.5779579258e+00 1.7661014232e+00
4.9195936546e+04 2.1419908000e+00 1.6723024320e+00 1.9911345030e+00 4.7968701158e-02 9.4018654270e-02 1.5782837777e+00 1.7663210862e+00
4.9197093297e+04 2.4401438000e+00 1.6727478156e+00 1.9906424587e+00 4.7942936634e-02 9.3968155802e-02 1.5787796598e+00 1.7667159714e+00
4.9197879276e+04 2.2750305000e+00 1.6730969650e+00 1.9901178452e+00 4.7916406908e-02 9.3916157540e-02 1.5791808074e+00 1.7670131225e+00
4.9198903944e+04 2.0611994000e+00 1.6733218216e+00 1.9895628346e+00 4.7889164915e-02 9.3862763234e-02 1.5794590583e+00 1.7671845848e+00
4.9199493742e+04 1.7779597000e+00 1.6733824109e+00 1.9889879931e+00 4.7861465527e-02 9.3808472433e-02 1.5795739385e+00 1.7671908834e+00
4.9200180757e+04 1.7386645000e+00 1.6734201899e+00 1.9884126790e+00 4.7833774811e-02 9.3754198629e-02 1.5796659913e+00 1.7671743886e+00
4.9201139907e+04 1.7466801000e+00 1.6734625612e+00 1.9878380251e+00 4.7806119999e-02 9.3699995199e-02 1.5797625660e+00 1.7671625564e+00
4.9201397270e+04 1.3160191000e+00 1.6732559465e+00 1.9872816608e+00 4.7778924898e-02 9.3646692800e-02 1.5796092537e+00 1.7669026393e+00
4.9202604058e+04 1.7612634000e+00 1.6733067884e+00 1.9867083444e+00 4.7751342051e-02 9.3592630419e-02 1.5797141580e+00 1.7668994189e+00
4.9203038926e+04 1.3876447000e+00 1.6731418565e+00 1.9861462541e+00 4.7724048862e-02 9.3539135770e-02 1.5796027208e+00 1.7666809923e+00
4.9203834894e+04 1.3202532000e+00 1.6729382278e+00 1.9855908880e+00 4.7696936931e-02 9.3485996385e-02 1.5794522314e+00 1.7664242241e+00
4.9204517233e+04 1.3735669000e+00 1.6727655799e+00 1.9850309400e+00 4.7669734575e-02 9.3432679767e-02 1.5793329002e+00 1.7661982597e+00
4.9205185248e+04 1.3851626000e+00 1.6725998145e+00 1.9844704776e+00 4.7642539514e-02 9.3379377448e-02 1.5792204371e+00 1.7659791920e+00
4.9207087934e+04 2.6242203000e+00 1.6731479830e+00 1.9840298921e+00 4.7618241218e-02 9.3331752787e-02 1.5798162302e+00 1.7664797358e+00
4.9208568653e+04 3.4304107000e+00 1.6741596484e+00 1.9839062110e+00 4.7601564623e-02 9.3299066661e-02 1.5808605817e+00 1.7674587150e+00
4.9211490712e+04 5.5690506000e+00 1.6764006673e+00 1.9855330386e+00 4.7626890941e-02 9.3348706245e-02 1.5830519611e+00 1.7697493736e+00
4.9216532872e+04 9.6507576000e+00 1.6809862665e+00 1.9941462593e+00 4.7819740735e-02 9.3726691842e-02 1.5872595746e+00 1.7747129583e+00
4.9221916490e+04 1.4124445100e+01 1.6881376796e+00 2.0157553790e+00 4.8324036449e-02 9.4715111441e-02 1.5934225682e+00 1.7828527910e+00
4.9223316285e+04 1.4864541600e+01 1.6957059759e+00 2.0397549328e+00 4.8885336222e-02 9.5815258994e-02 1.5998907169e+00 1.7915212349e+00
4.9224294613e+04 1.5150408400e+01 1.7034296857e+00 2.0644783774e+00 4.9463661705e-02 9.6948776942e-02 1.6064809088e+00 1.8003784626e+00
4.9226085500e+04 1.6222807500e+01 1.7117597935e+00 2.0929650995e+00 5.0131799369e-02 9.8258326763e-02 1.6135014667e+00 1.8100181202e+00
4.9226116234e+04 1.5606288700e+01 1.7197268399e+00 2.1186374378e+00 5.0732165670e-02 9.9435044714e-02 1.6202917951e+00 1.8191618846e+00
4.9227143697e+04 1.5960875000e+01 1.7278879563e+00 2.1452757176e+00 5.1355315467e-02 1.0065641832e-01 1.6272315380e+00 1.8285443746e+00
4.9227795133e+04 1.5865528200e+01 1.7359851156e+00 2.1711701219e+00 5.1960310093e-02 1.0184220778e-01 1.6341429079e+00 1.8378273234e+00
4.9228552997e+04 1.5933144400e+01 1.7441117094e+00 2.1969497784e+00 5.2562217223e-02 1.0302194576e-01 1.6410897636e+00 1.8471336551e+00
4.9228801109e+04 1.5423876800e+01 1.7519376620e+00 2.2205453135e+00 5.3111543871e-02 1.0409862599e-01 1.6478390360e+00 1.8560362879e+00
4.9228920056e+04 1.4858827200e+01 1.7594315954e+00 2.2419113836e+00 5.3607251051e-02 1.0507021206e-01 1.6543613833e+00 1.8645018074e+00
4.9229532730e+04 1.4783427300e+01 1.7668738786e+00 2.2627783347e+00 5.4090748044e-02 1.0601786617e-01 1.6608560125e+00 1.8728917448e+00
4.9229570746e+04 1.3478101300e+01 1.7735621867e+00 2.2793691115e+00 5.4471782322e-02 1.0676469335e-01 1.6667974933e+00 1.8803268800e+00
4.9229621348e+04 1.2276573200e+01 1.7795570560e+00 2.2924843753e+00 5.4769570276e-02 1.0734835774e-01 1.6722086983e+00 1.8869054137e+00
4.9229653478e+04 1.1573362000e+01 1.7851439384e+00 2.3037296996e+00 5.5022530929e-02 1.0784416062e-01 1.6772997778e+00 1.8929880991e+00
4.9230159354e+04 1.1376350000e+01 1.7906121289e+00 2.3144242676e+00 5.5262201222e-02 1.0831391440e-01 1.6822982145e+00 1.8989260433e+00
4.9230268546e+04 1.0369958600e+01 1.7955006454e+00 2.3228048043e+00 5.5446502328e-02 1.0867514456e-01 1.6868255009e+00 1.9041757900e+00
4.9230317411e+04 9.5482880000e+00 1.7999156724e+00 2.3294971811e+00 5.5590417212e-02 1.0895721773e-01 1.6909584546e+00 1.9088728901e+00
4.9230528226e+04 9.0582630000e+00 1.8040467750e+00 2.3352590294e+00 5.5712055134e-02 1.0919562806e-01 1.6948511470e+00 1.9132424031e+00
4.9230770356e+04 8.6418078000e+00 1.8079362864e+00 2.3402801803e+00 5.5815962636e-02 1.0939928677e-01 1.6985369996e+00 1.9173355732e+00
4.9230805042e+04 7.8306853000e+00 1.8113602483e+00 2.3440148976e+00 5.5889142691e-02 1.0954271968e-01 1.7018175286e+00 1.9209029680e+00
4.9231078331e+04 7.2900009000e+00 1.8144731123e+00 2.3469824919e+00 5.5944000092e-02 1.0965024018e-01 1.7048228721e+00 1.9241233525e+00
4.9231724573e+04 7.1995848000e+00 1.8175310974e+00 2.3498202753e+00 5.5995737477e-02 1.0975164546e-01 1.7077794519e+00 1.9272827428e+00
4.9232336124e+04 6.4597419000e+00 1.8201657233e+00 2.3517532504e+00 5.6025894729e-02 1.0981075367e-01 1.7103549696e+00 1.9299764769e+00
4.9232408976e+04 5.4684219000e+00 1.8222350688e+00 2.3526898798e+00 5.6032310135e-02 1.0982332786e-01 1.7124117409e+00 1.9320583967e+00
4.9233093915e+04 4.6502200000e+00 1.8238382349e+00 2.3529855949e+00 5.6023466546e-02 1.0980599443e-01 1.7140322404e+00 1.9336442293e+00
4.9233114544e+04 5.3971669000e+00 1.8258627837e+00 2.3538548937e+00 5.6028285353e-02 1.0981543929e-01 1.7160473444e+00 1.9356782230e+00
4.9233133265e+04 3.9676570000e+00 1.8270755777e+00 2.3537395303e+00 5.6009674866e-02 1.0977896274e-01 1.7172966150e+00 1.9368545404e+00
4.9233439605e+04 3.4899612000e+00 1.8280166561e+00 2.3534053439e+00 5.5985873758e-02 1.0973231257e-01 1.7182843436e+00 1.9377489687e+00
4.9233800515e+04 3.0999431000e+00 1.8287360715e+00 2.3529336626e+00 5.5958820614e-02 1.0967928840e-01 1.7190567831e+00 1.9384153600e+00
4.9234234725e+04 2.8358522000e+00 1.8293053854e+00 2.3523899490e+00 5.5930074611e-02 1.0962294624e-01 1.7196824391e+00 1.9389283316e+00
4.9234563981e+04 2.4100731000e+00 1.8296335027e+00 2.3517654541e+00 5.5899429220e-02 1.0956288127e-01 1.7200706214e+00 1.9391963840e+00
4.9234603655e+04 1.6071524000e+00 1.8295078781e+00 2.3511069602e+00 5.5867997697e-02 1.0950127549e-01 1.7200066027e+00 1.9390091536e+00
4.9235620467e+04 1.8911508000e+00 1.8295426653e+00 2.3504435429e+00 5.5836471411e-02 1.0943948397e-01 1.7201031814e+00 1.9389821493e+00
4.9236564486e+04 2.1544137000e+00 1.8297258977e+00 2.3497928909e+00 5.5805270519e-02 1.0937833022e-01 1.7203475675e+00 1.9391042280e+00
4.9238136023e+04 2.9378436000e+00 1.8303505413e+00 2.3492773762e+00 5.5777300131e-02 1.0932350826e-01 1.7210270331e+00 1.9396740496e+00
4.9238442974e+04 2.4470338000e+00 1.8306979685e+00 2.3486607279e+00 5.5746949464e-02 1.0926402095e-01 1.7214339476e+00 1.9399619895e+00
4.9239643913e+04 2.4255644000e+00 1.8310329158e+00 2.3480414454e+00 5.5716557806e-02 1.0920445330e-01 1.7218284625e+00 1.9402373691e+00
4.9239843035e+04 1.7892028000e+00 1.8310093761e+00 2.3473805142e+00 5.5685199670e-02 1.0914299135e-01 1.7218663847e+00 1.9401523674e+00
4.9240385666e+04 1.5925684000e+00 1.8308752698e+00 2.3467267407e+00 5.5654033331e-02 1.0908190533e-01 1.7217933645e+00 1.9399571751e+00
4.9241309971e+04 1.7777182000e+00 1.8308453895e+00 2.3460670518e+00 5.5622748669e-02 1.0902058739e-01 1.7218248021e+00 1.9398659769e+00
4.9242369311e+04 2.1297089000e+00 1.8310132903e+00 2.3454182724e+00 5.5591744560e-02 1.0895981934e-01 1.7220534710e+00 1.9399731097e+00
4.9242809434e+04 1.6158461000e+00 1.8308924778e+00 2.3447648946e+00 5.5560653287e-02 1.0889888044e-01 1.7219935973e+00 1.9397913582e+00
4.9243578328e+04 1.6562581000e+00 1.8307944787e+00 2.3441101785e+00 5.5529552142e-02 1.0883792220e-01 1.7219565565e+00 1.9396324009e+00
4.9244350759e+04 1.6812924000e+00 1.8307106301e+00 2.3434550404e+00 5.5498462821e-02 1.0877698713e-01 1.7219336429e+00 1.9394876172e+00
4.9246719541e+04 3.2512885000e+00 1.8315069181e+00 2.3430390526e+00 5.5473057342e-02 1.0872719239e-01 1.7227797257e+00 1.9402341105e+00
4.9247599150e+04 3.3525757000e+00 1.8323590575e+00 2.3426587841e+00 5.5448515897e-02 1.0867909116e-01 1.7236799663e+00 1.9410381486e+00
4.9247905275e+04 2.4890657000e+00 1.8327267544e+00 2.3420540076e+00 5.5418680143e-02 1.0862061308e-01 1.7241061413e+00 1.9413473674e+00
4.9249558835e+04 3.0976092000e+00 1.8334345789e+00 2.3415893231e+00 5.5392179423e-02 1.0856867167e-01 1.7248659072e+00 1.9420032506e+00
4.9249580177e+04 2.1766971000e+00 1.8336265602e+00 2.3409481258e+00 5.5361523477e-02 1.0850858602e-01 1.7251179742e+00 1.9421351462e+00
4.9250287438e+04 1.7919860000e+00 1.8336032843e+00 2.3402936136e+00 5.5330574203e-02 1.0844792544e-01 1.7251553589e+00 1.9420512097e+00
4.9251173383e+04 1.7541826000e+00 1.8335589152e+00 2.3396401962e+00 5.5299672418e-02 1.0838735794e-01 1.7251715573e+00 1.9419462731e+00
4.9252065251e+04 1.8555206000e+00 1.8335711774e+00 2.3389866316e+00 5.5268788731e-02 1.0832682591e-01 1.7252443515e+00 1.9418980034e+00
4.9252781487e+04 1.8373990000e+00 1.8335733135e+00 2.3383335588e+00 5.5237938204e-02 1.0826635888e-01 1.7253069546e+00 1.9418396724e+00
4.9253587717e+04 1.6887621000e+00 1.8334925487e+00 2.3376835311e+00 5.5207181101e-02 1.0820607496e-01 1.7252864738e+00 1.9416986237e+00
4.9254350783e+04 1.6912450000e+00 1.8334132580e+00 2.3370339602e+00 5.5176456226e-02 1.0814585420e-01 1.7252674038e+00 1.9415591122e+00
4.9255166599e+04 1.7620632000e+00 1.8333735087e+00 2.3363831288e+00 5.5145723004e-02 1.0808561709e-01 1.7252878916e+00 1.9414591258e+00
4.9257393256e+04 3.1587381000e+00 1.8341114622e+00 2.3359414775e+00 5.5119947089e-02 1.0803509629e-01 1.7260763660e+00 1.9421465585e+00
4.9258613545e+04 3.6314854000e+00 1.8351116703e+00 2.3356757321e+00 5.5098339391e-02 1.0799274521e-01 1.7271189251e+00 1.9431044155e+00
4.9258629679e+04 2.7153279000e+00 1.8356012233e+00 2.3351179780e+00 5.5069861442e-02 1.0793692843e-01 1.7276642949e+00 1.9435381517e+00
4.9260039031e+04 2.7953312000e+00 1.8361347030e+00 2.3345781190e+00 5.5041825491e-02 1.0788197796e-01 1.7282527250e+00 1.9440166810e+00
4.9260087830e+04 1.9940572000e+00 1.8362224377e+00 2.3339321409e+00 5.5011308123e-02 1.0782216392e-01 1.7284002738e+00 1.9440446016e+00
4.9261012966e+04 2.1232814000e+00 1.8363818264e+00 2.3332935356e+00 5.4980985674e-02 1.0776273192e-01 1.7286190945e+00 1.9441445583e+00
4.9261331106e+04 1.6423366000e+00 1.8362741431e+00 2.3326501448e+00 5.4950571564e-02 1.0770312027e-01 1.7285710229e+00 1.9439772634e+00
4.9262120916e+04 1.6770766000e+00 1.8361858472e+00 2.3320058279e+00 5.4920156746e-02 1.0764350722e-01 1.7285423400e+00 1.9438293544e+00
4.9262806525e+04 1.5856459000e+00 1.8360469670e+00 2.3313664949e+00 5.4889880355e-02 1.0758416550e-01 1.7284628015e+00 1.9436311325e+00
4.9263679812e+04 1.7173752000e+00 1.8359812208e+00 2.3307219123e+00 5.4859501396e-02 1.0752462274e-01 1.7284565981e+00 1.9435058436e+00
4.9264309406e+04 1.5563425000e+00 1.8358263821e+00 2.3300854797e+00 5.4829335247e-02 1.0746549708e-01 1.7283608850e+00 1.9432918792e+00
4.9264958742e+04 1.5372616000e+00 1.8356611553e+00 2.3294508774e+00 5.4799233057e-02 1.0740649679e-01 1.7282546585e+00 1.9430676521e+00
4.9266128899e+04 2.0140398000e+00 1.8357598161e+00 2.3288100016e+00 5.4769004175e-02 1.0734724818e-01 1.7284125679e+00 1.9431070643e+00
4.9267375027e+04 2.4903246000e+00 1.8361216540e+00 2.3282167200e+00 5.4739915206e-02 1.0729023380e-01 1.7288314202e+00 1.9434118878e+00
4.9268680014e+04 2.7810403000e+00 1.8366437085e+00 2.3276790293e+00 5.4712153160e-02 1.0723582019e-01 1.7294078883e+00 1.9438795287e+00
4.9268750872e+04 1.8671552000e+00 1.8366605564e+00 2.3270360456e+00 5.4681936391e-02 1.0717659533e-01 1.7294839611e+00 1.9438371517e+00
4.9269287865e+04 1.5518053000e+00 1.8365033515e+00 2.3264031033e+00 5.4651976364e-02 1.0711787367e-01 1.7293854778e+00 1.9436212252e+00
4.9270130771e+04 1.6252119000e+00 1.8363868090e+00 2.3257663622e+00 5.4621947807e-02 1.0705901770e-01 1.7293277913e+00 1.9434458267e+00
4.9270895319e+04 1.6744393000e+00 1.8362975326e+00 2.3251279673e+00 5.4591901134e-02 1.0700012622e-01 1.7292974064e+00 1.9432976588e+00
4.9271740017e+04 1.6721229000e+00 1.8362070782e+00 2.3244901873e+00 5.4561889599e-02 1.0694130361e-01 1.7292657746e+00 1.9431483819e+00
4.9272644766e+04 1.8314786000e+00 1.8362044744e+00 2.3238497463e+00 5.4531836291e-02 1.0688239913e-01 1.7293220753e+00 1.9430868736e+00
4.9274049008e+04 2.4038210000e+00 1.8365168666e+00 2.3232479729e+00 5.4502710790e-02 1.0682531315e-01 1.7296915534e+00 1.9433421797e+00
4.9274200743e+04 1.8249084000e+00 1.8365104813e+00 2.3226085921e+00 5.4472723426e-02 1.0676653791e-01 1.7297439434e+00 1.9432770192e+00
4.9274796052e+04 1.6185411000e+00 1.8363906521e+00 2.3219753442e+00 5.4442900468e-02 1.0670808492e-01 1.7296825671e+00 1.9430987370e+00
4.9275746889e+04 1.8333269000e+00 1.8363889687e+00 2.3213370016e+00 5.4412978590e-02 1.0664943804e-01 1.7297395306e+00 1.9430384067e+00
4.9277663016e+04 3.0265511000e+00 1.8370425448e+00 2.3208666780e+00 5.4387014599e-02 1.0659854861e-01 1.7304439962e+00 1.9436410934e+00
4.9278134130e+04 2.8664899000e+00 1.8376075543e+00 2.3203546104e+00 5.4360091004e-02 1.0654577837e-01 1.7310617760e+00 1.9441533327e+00
4.9279191044e+04 2.8053474000e+00 1.8381384045e+00 2.3198284294e+00 5.4332855723e-02 1.0649239722e-01 1.7316460073e+00 1.9446308017e+00
4.9279265431e+04 1.9876792000e+00 1.8382203896e+00 2.3191947171e+00 5.4303121658e-02 1.0643411845e-01 1.7317862711e+00 1.9446545080e+00
4.9280666459e+04 2.6192883000e+00 1.8386483720e+00 2.3186309338e+00 5.4275044882e-02 1.0637908797e-01 1.7322692840e+00 1.9450274600e+00
4.9280940839e+04 2.1961466000e+00 1.8388441542e+00 2.3180106945e+00 5.4245666389e-02 1.0632150612e-01 1.7325226480e+00 1.9451656603e+00
4.9281854836e+04 2.4506959000e+00 1.8391790484e+00 2.3174200700e+00 5.4217000896e-02 1.0626532176e-01 1.7329137266e+00 1.9454443701e+00
4.9282983681e+04 2.6062476000e+00 1.8395986701e+00 2.3168551963e+00 5.4188957431e-02 1.0621035656e-01 1.7333883136e+00 1.9458090267e+00
4.9283249691e+04 1.8425019000e+00 1.8396002575e+00 2.3162213974e+00 5.4159321708e-02 1.0615227055e-01 1.7334479869e+00 1.9457525280e+00
4.9283980545e+04 1.8581754000e+00 1.8396104078e+00 2.3155881582e+00 5.4129719311e-02 1.0609424985e-01 1.7335161580e+00 1.9457046577e+00
4.9284617175e+04 1.8066317000e+00 1.8395923965e+00 2.3149555256e+00 5.4100151303e-02 1.0603629655e-01 1.7335560999e+00 1.9456286931e+00
4.9285070388e+04 1.3468798000e+00 1.8393234486e+00 2.3143518965e+00 5.4071281095e-02 1.0597971095e-01 1.7333437376e+00 1.9453031595e+00
4.9286836286e+04 2.3045997000e+00 1.8395772818e+00 2.3137456722e+00 5.4042370051e-02 1.0592304530e-01 1.7336542365e+00 1.9455003271e+00
4.9288414770e+04 3.1645035000e+00 1.8402997061e+00 2.3133212260e+00 5.4017723447e-02 1.0587473796e-01 1.7344249682e+00 1.9461744441e+00
4.9289650997e+04 3.4012843000e+00 1.8411503789e+00 2.3129773764e+00 5.3994975767e-02 1.0583015250e-01 1.7353202264e+00 1.9469805314e+00
4.9289873585e+04 1.9999150000e+00 1.8412368520e+00 2.3123500184e+00 5.3965627968e-02 1.0577263082e-01 1.7354642212e+00 1.9470094828e+00
4.9290477199e+04 1.6958613000e+00 1.8411577145e+00 2.3117226947e+00 5.3936300950e-02 1.0571514986e-01 1.7354425647e+00 1.9468728644e+00
4.9291816365e+04 2.2951719000e+00 1.8414047299e+00 2.3111176474e+00 5.3907513492e-02 1.0565872644e-01 1.7357460034e+00 1.9470634563e+00
4.9291861116e+04 1.6422496000e+00 1.8412964345e+00 2.3104935221e+00 5.3878300802e-02 1.0560146957e-01 1.7356949650e+00 1.9468979041e+00
4.9292602290e+04 1.6650631000e+00 1.8412006555e+00 2.3098688956e+00 5.3849096289e-02 1.0554422873e-01 1.7356564268e+00 1.9467448843e+00
4.9293391556e+04 1.7287733000e+00 1.8411395869e+00 2.3092426143e+00 5.3819873052e-02 1.0548695118e-01 1.7356526357e+00 1.9466265381e+00
4.9294719318e+04 2.3051525000e+00 1.8413914940e+00 2.3086406601e+00 5.3791236474e-02 1.0543082349e-01 1.7359606705e+00 1.9468223175e+00
4.9294812230e+04 1.6901101000e+00 1.8413094097e+00 2.3080165969e+00 5.3762104401e-02 1.0537372463e-01 1.7359356851e+00 1.9466831343e+00
4.9295974633e+04 2.0924810000e+00 1.8414456199e+00 2.3073977640e+00 5.3733113886e-02 1.0531690322e-01 1.7361287167e+00 1.9467625231e+00
4.9297578113e+04 2.9333948000e+00 1.8420374623e+00 2.3069120281e+00 5.3707241670e-02 1.0526619367e-01 1.7367712686e+00 1.9473036559e+00
4.9297966013e+04 2.3623578000e+00 1.8423193259e+00 2.3063185421e+00 5.3678879565e-02 1.0521060395e-01 1.7371087220e+00 1.9475299299e+00
4.9298767119e+04 2.1613236000e+00 1.8424920408e+00 2.3057057189e+00 5.3650086813e-02 1.0515417015e-01 1.7373378706e+00 1.9476462109e+00
4.9300046012e+04 2.5647025000e+00 1.8428828473e+00 2.3051426468e+00 5.3622470890e-02 1.0510004294e-01 1.7377828043e+00 1.9479828902e+00
4.9300098401e+04 1.7662960000e+00 1.8428414266e+00 2.3045195646e+00 5.3593478246e-02 1.0504321736e-01 1.7377982092e+00 1.9478846440e+00
4.9300838404e+04 1.7336949000e+00 1.8427824285e+00 2.3038976971e+00 5.3564533438e-02 1.0498648554e-01 1.7377959429e+00 1.9477689140e+00
4.9301650899e+04 1.7477454000e+00 1.8427310849e+00 2.3032759965e+00 5.3535612065e-02 1.0492979965e-01 1.7378012852e+00 1.9476608845e+00
4.9302303058e+04 1.5595709000e+00 1.8425781906e+00 2.3026631375e+00 5.3506915666e-02 1.0487355471e-01 1.7377046359e+00 1.9474517453e+00
4.9302995143e+04 1.4784327000e+00 1.8423816739e+00 2.3020569186e+00 5.3478392915e-02 1.0481765011e-01 1.7375640238e+00 1.9471993240e+00
4.9303797361e+04 1.5909463000e+00 1.8422460561e+00 2.3014430688e+00 5.3449712218e-02 1.0476143595e-01 1.7374846201e+00 1.9470074920e+00
4.9304866733e+04 1.9445301000e+00 1.8423011957e+00 2.3008235404e+00 5.3420919028e-02 1.0470500129e-01 1.7375961944e+00 1.9470061970e+00
4.9306345608e+04 2.6165903000e+00 1.8427183774e+00 2.3002734652e+00 5.3393757377e-02 1.0465176446e-01 1.7380666129e+00 1.9473701418e+00
4.9307228640e+04 2.7728021000e+00 1.8432192302e+00 2.2997549229e+00 5.3367345974e-02 1.0459999811e-01 1.7386192321e+00 1.9478192283e+00
4.9307630685e+04 2.3861546000e+00 1.8435114452e+00 2.2991701112e+00 5.3339415245e-02 1.0454525388e-01 1.7389661913e+00 1.9480566990e+00
4.9308825530e+04 2.6909835000e+00 1.8439673204e+00 2.2986352996e+00 5.3312663068e-02 1.0449281961e-01 1.7394745008e+00 1.9484601400e+00
4.9309013408e+04 1.8972462000e+00 1.8439959649e+00 2.2980173033e+00 5.3284000333e-02 1.0443664065e-01 1.7395593243e+00 1.9484326056e+00
4.9309572645e+04 1.5937907000e+00 1.8438615183e+00 2.2974067908e+00 5.3255530336e-02 1.0438083946e-01 1.7394806788e+00 1.9482423577e+00
4.9310545788e+04 1.8269863000e+00 1.8438524553e+00 2.2967894906e+00 5.3226922171e-02 1.0432476745e-01 1.7395276879e+00 1.9481772228e+00
4.9311860361e+04 2.3572506000e+00 1.8441280313e+00 2.2962034455e+00 5.3199057332e-02 1.0427015237e-01 1.7398578790e+00 1.9483981837e+00
4.9312009949e+04 1.7236496000e+00 1.8440633970e+00 2.2955887929e+00 5.3170548669e-02 1.0421427539e-01 1.7398491216e+00 1.9482776724e+00
4.9313094255e+04 1.9798094000e+00 1.8441361831e+00 2.2949750922e+00 5.3142081163e-02 1.0415847908e-01 1.7399777040e+00 1.9482946621e+00
4.9313538791e+04 1.7525069000e+00 1.8440870784e+00 2.2943607149e+00 5.3113617072e-02 1.0410268946e-01 1.7399843889e+00 1.9481897679e+00
4.9314435975e+04 1.9015019000e+00 1.8441178309e+00 2.2937462367e+00 5.3085169708e-02 1.0404693263e-01 1.7400708982e+00 1.9481647635e+00
4.9315427286e+04 1.9994906000e+00 1.8442010069e+00 2.2931346842e+00 5.3056809074e-02 1.0399134579e-01 1.7402096611e+00 1.9481923526e+00
4.9316098514e+04 1.9516787000e+00 1.8442585123e+00 2.2925221552e+00 5.3028444834e-02 1.0393575187e-01 1.7403227604e+00 1.9481942642e+00
4.9317146123e+04 2.1830683000e+00 1.8444396940e+00 2.2919221560e+00 5.3000389310e-02 1.0388076305e-01 1.7405589310e+00 1.9483204571e+00
4.9318032452e+04 2.1637866000e+00 1.8446103765e+00 2.2913211486e+00 5.2972329262e-02 1.0382576535e-01 1.7407846111e+00 1.9484361418e+00
4.9319886697e+04 3.0382746000e+00 1.8452480176e+00 2.2908747807e+00 5.2947862100e-02 1.0377780972e-01 1.7414702079e+00 1.9490258273e+00
4.9320200394e+04 2.5202147000e+00 1.8456083842e+00 2.2903158932e+00 5.2920811862e-02 1.0372479125e-01 1.7418835930e+00 1.9493331755e+00
4.9320687072e+04 2.0161692000e+00 1.8456993986e+00 2.2897077965e+00 5.2892643093e-02 1.0366958046e-01 1.7420298181e+00 1.9493689790e+00
4.9321427052e+04 1.6816994000e+00 1.8456119319e+00 2.2890999320e+00 5.2864498477e-02 1.0361441702e-01 1.7419975149e+00 1.9492263489e+00
4.9322353452e+04 1.8346746000e+00 1.8456061018e+00 2.2884894378e+00 5.2836311914e-02 1.0355917135e-01 1.7420469304e+00 1.9491652731e+00
4.9322997402e+04 1.7397640000e+00 1.8455497128e+00 2.2878807216e+00 5.2808185161e-02 1.0350404292e-01 1.7420456699e+00 1.9490537557e+00
4.9323840557e+04 1.8462583000e+00 1.8455500901e+00 2.2872711890e+00 5.2780058298e-02 1.0344891426e-01 1.7421011758e+00 1.9489990044e+00
4.9324384375e+04 1.5544870000e+00 1.8453951869e+00 2.2866719967e+00 5.2752188690e-02 1.0339428983e-01 1.7420008971e+00 1.9487894767e+00
4.9325167725e+04 1.5869545000e+00 1.8452577185e+00 2.2860712009e+00 5.2724300664e-02 1.0333962930e-01 1.7419180892e+00 1.9485973478e+00
4.9326302515e+04 2.0200271000e+00 1.8453506315e+00 2.2854666730e+00 5.2696345146e-02 1.0328483649e-01 1.7420657950e+00 1.9486354680e+00
4.9327098862e+04 2.0543263000e+00 1.8454616706e+00 2.2848641536e+00 5.2668454508e-02 1.0323017083e-01 1.7422314998e+00 1.9486918415e+00
4.9328391524e+04 2.5571003000e+00 1.8458395987e+00 2.2843158801e+00 5.2641832489e-02 1.0317799168e-01 1.7426616070e+00 1.9490175904e+00
4.9328777447e+04 2.0882521000e+00 1.8459682678e+00 2.2837160620e+00 5.2614040794e-02 1.0312351996e-01 1.7428447478e+00 1.9490917877e+00
4.9329285163e+04 1.6964015000e+00 1.8458889220e+00 2.2831124974e+00 5.2586181258e-02 1.0306891527e-01 1.7428200068e+00 1.9489578373e+00
4.9329888728e+04 1.5808653000e+00 1.8457484005e+00 2.2825149706e+00 5.2558479227e-02 1.0301461928e-01 1.7427337812e+00 1.9487630198e+00
4.9330617494e+04 1.6022164000e+00 1.8456193427e+00 2.2819166528e+00 5.2530777363e-02 1.0296032363e-01 1.7426590191e+00 1.9485796663e+00
4.9331591481e+04 1.8753225000e+00 1.8456350753e+00 2.2813120336e+00 5.2502948842e-02 1.0290577973e-01 1.7427292956e+00 1.9485408550e+00
4.9332071391e+04 1.6087451000e+00 1.8455096704e+00 2.2807143018e+00 5.2475297204e-02 1.0285158252e-01 1.7426580878e+00 1.9483612529e+00
4.9332815244e+04 1.6447358000e+00 1.8454034408e+00 2.2801152135e+00 5.2447632672e-02 1.0279736004e-01 1.7426060808e+00 1.9482008008e+00
4.9333467290e+04 1.5032275000e+00 1.8452224911e+00 2.2795255025e+00 5.2420202085e-02 1.0274359609e-01 1.7424788950e+00 1.9479660872e+00
4.9334312608e+04 1.5922263000e+00 1.8450887721e+00 2.2789301111e+00 5.2392659074e-02 1.0268961178e-01 1.7423991604e+00 1.9477783839e+00
4.9335082540e+04 1.6944659000e+00 1.8450092038e+00 2.2783304060e+00 5.2365035127e-02 1.0263546885e-01 1.7423737350e+00 1.9476446727e+00
4.9336834166e+04 2.7217110000e+00 1.8454720875e+00 2.2778175824e+00 5.2339425775e-02 1.0258527452e-01 1.7428868130e+00 1.9480573621e+00
4.9336978852e+04 2.0658766000e+00 1.8455883960e+00 2.2772218040e+00 5.2311927964e-02 1.0253137881e-01 1.7430570172e+00 1.9481197748e+00
4.9338467328e+04 2.6535224000e+00 1.8460145215e+00 2.2766964459e+00 5.2286065555e-02 1.0248068849e-01 1.7435338330e+00 1.9484952100e+00
4.9338747709e+04 2.0141388000e+00 1.8461031479e+00 2.2760992435e+00 5.2258570897e-02 1.0242679896e-01 1.7436763490e+00 1.9485299469e+00
4.9339955865e+04 2.3982795000e+00 1.8463940733e+00 2.2755345231e+00 5.2231839936e-02 1.0237440627e-01 1.7440196670e+00 1.9487684796e+00
4.9340314788e+04 1.9355762000e+00 1.8464410360e+00 2.2749359082e+00 5.2204348884e-02 1.0232052381e-01 1.7441205122e+00 1.9487615598e+00
4.9342161479e+04 3.0707056000e+00 1.8470853857e+00 2.2745101741e+00 5.2180842078e-02 1.0227445047e-01 1.7448109353e+00 1.9493598362e+00
4.9342215256e+04 2.3465301000e+00 1.8473481131e+00 2.2739403775e+00 5.2154047105e-02 1.0222193233e-01 1.7451261808e+00 1.9495700454e+00
4.9342890790e+04 1.7402279000e+00 1.8472917933e+00 2.2733435345e+00 5.2126649667e-02 1.0216823335e-01 1.7451235600e+00 1.9494600267e+00
4.9343648578e+04 1.5955912000e+00 1.8471595282e+00 2.2727531568e+00 5.2099418441e-02 1.0211486014e-01 1.7450446680e+00 1.9492743883e+00
4.9344433369e+04 1.6079842000e+00 1.8470339109e+00 2.2721625363e+00 5.2072199550e-02 1.0206151112e-01 1.7449723998e+00 1.9490954220e+00
4.9345223044e+04 1.6498588000e+00 1.8469304069e+00 2.2715702663e+00 5.2044960751e-02 1.0200812307e-01 1.7449222838e+00 1.9489385299e+00
4.9346622997e+04 2.2827029000e+00 1.8471590388e+00 2.2709958996e+00 5.2018149913e-02 1.0195557383e-01 1.7452034650e+00 1.9491146127e+00
4.9347986410e+04 2.8808780000e+00 1.8477011044e+00 2.2705234061e+00 5.1993689554e-02 1.0190763153e-01 1.7457934728e+00 1.9496087359e+00
4.9348616080e+04 2.5199121000e+00 1.8480534162e+00 2.2699801536e+00 5.1967625676e-02 1.0185654632e-01 1.7461968699e+00 1.9499099625e+00
4.9349517253e+04 2.5399284000e+00 1.8484158442e+00 2.2694404348e+00 5.1941659900e-02 1.0180565340e-01 1.7466101908e+00 1.9502214976e+00
4.9350409286e+04 2.6878531000e+00 1.8488553401e+00 2.2689272107e+00 5.1916317519e-02 1.0175598234e-01 1.7470993578e+00 1.9506113224e+00
4.9351148125e+04 2.6997116000e+00 1.8493005815e+00 2.2684166331e+00 5.1891052503e-02 1.0170646291e-01 1.7475941186e+00 1.9510070444e+00
4.9352264489e+04 2.9423243000e+00 1.8498722466e+00 2.2679607265e+00 5.1867054550e-02 1.0165942692e-01 1.7482128197e+00 1.9515316735e+00
4.9352301678e+04 2.0543935000e+00 1.8499791579e+00 2.2673723822e+00 5.1840044706e-02 1.0160648762e-01 1.7483726702e+00 1.9515856455e+00
4.9353538587e+04 2.5010946000e+00 1.8503193436e+00 2.2668285144e+00 5.1814069138e-02 1.0155557551e-01 1.7487637681e+00 1.9518749191e+00
4.9353705786e+04 1.7589358000e+00 1.8502716237e+00 2.2662372282e+00 5.1787027090e-02 1.0150257310e-01 1.7487690506e+00 1.9517741968e+00
4.9354224920e+04 1.5385809000e+00 1.8501089459e+00 2.2656566283e+00 5.1760246821e-02 1.0145008377e-01 1.7486588621e+00 1.9515590296e+00
4.9355225669e+04 1.7866436000e+00 1.8500758393e+00 2.2650657682e+00 5.1733249712e-02 1.0139716944e-01 1.7486786698e+00 1.9514730087e+00
4.9357193105e+04 3.0526665000e+00 1.8507028417e+00 2.2646413047e+00 5.1710069648e-02 1.0135173651e-01 1.7493511052e+00 1.9520545782e+00
4.9358831129e+04 3.8242030000e+00 1.8517312420e+00 2.2644987963e+00 5.1693341568e-02 1.0131894947e-01 1.7504122925e+00 1.9530501915e+00
4.9358857588e+04 2.7747826000e+00 1.8522119979e+00 2.2640066537e+00 5.1668646441e-02 1.0127054702e-01 1.7509414509e+00 1.9534825449e+00
4.9358950913e+04 1.9260020000e+00 1.8522504102e+00 2.2634176177e+00 5.1641756970e-02 1.0121784366e-01 1.7510325665e+00 1.9534682539e+00
4.9360372831e+04 2.5649339000e+00 1.8526212133e+00 2.2628867777e+00 5.1616212438e-02 1.0116777638e-01 1.7514534369e+00 1.9537889896e+00
4.9360394936e+04 1.6425553000e+00 1.8525119746e+00 2.2623030899e+00 5.1589479545e-02 1.0111537991e-01 1.7513965947e+00 1.9536273545e+00
4.9361281433e+04 1.7752548000e+00 1.8524718202e+00 2.2617154765e+00 5.1562674541e-02 1.0106284210e-01 1.7514089781e+00 1.9535346623e+00
4.9362188201e+04 1.8908841000e+00 1.8524917746e+00 2.2611278057e+00 5.1535885636e-02 1.0101033585e-01 1.7514814387e+00 1.9535021104e+00
4.9363102361e+04 1.9555985000e+00 1.8525453087e+00 2.2605416437e+00 5.1509148503e-02 1.0095793107e-01 1.7515873777e+00 1.9535032398e+00
4.9363367438e+04 1.4719952000e+00 1.8523478255e+00 2.2599713369e+00 5.1482789904e-02 1.0090626821e-01 1.7514415573e+00 1.9532540937e+00
4.9364331825e+04 1.7761409000e+00 1.8523082991e+00 2.2593855308e+00 5.1456095457e-02 1.0085394710e-01 1.7514543520e+00 1.9531622462e+00
4.9365980580e+04 2.6914942000e+00 1.8527433359e+00 2.2588802833e+00 5.1431252511e-02 1.0080525492e-01 1.7519380810e+00 1.9535485908e+00
4.9366171705e+04 2.1202831000e+00 1.8528819575e+00 2.2583029089e+00 5.1404784098e-02 1.0075337683e-01 1.7521285807e+00 1.9536353343e+00
4.9367035386e+04 2.1554715000e+00 1.8530386585e+00 2.2577282759e+00 5.1378395232e-02 1.0070165465e-01 1.7523370038e+00 1.9537403131e+00
4.9368047324e+04 2.1977189000e+00 1.8532170644e+00 2.2571572142e+00 5.1352104721e-02 1.0065012525e-01 1.7525669391e+00 1.9538671896e+00
4.9369212830e+04 2.3317366000e+00 1.8534646172e+00 2.2565992220e+00 5.1326128516e-02 1.0059921189e-01 1.7528654053e+00 1.9540638291e+00
4.9369320796e+04 1.5970988000e+00 1.8533320599e+00 2.2560229703e+00 5.1299753979e-02 1.0054751780e-01 1.7527845421e+00 1.9538795777e+00
4.9369923496e+04 1.4978374000e+00 1.8531483417e+00 2.2554541128e+00 5.1273564596e-02 1.0049618661e-01 1.7526521551e+00 1.9536445283e+00
4.9371031470e+04 1.8757095000e+00 1.8531599952e+00 2.2548712911e+00 5.1247074797e-02 1.0044426660e-01 1.7527157286e+00 1.9536042618e+00
4.9371826098e+04 1.9775323000e+00 1.8532242039e+00 2.2542906331e+00 5.1220651258e-02 1.0039247647e-01 1.7528317275e+00 1.9536166804e+00
4.9372617559e+04 1.7394774000e+00 1.8531655110e+00 2.2537101357e+00 5.1194248419e-02 1.0034072690e-01 1.7528247841e+00 1.9535062379e+00
4.9373419209e+04 1.6607187000e+00 1.8530662605e+00 2.2531328446e+00 5.1167935418e-02 1.0028915342e-01 1.7527771071e+00 1.9533554139e+00
4.9374183424e+04 1.6001330000e+00 1.8529358825e+00 2.2525590820e+00 5.1141719496e-02 1.0023777021e-01 1.7526981123e+00 1.9531736527e+00
4.9375094265e+04 1.7638415000e+00 1.8528899812e+00 2.2519793582e+00 5.1115385175e-02 1.0018615494e-01 1.7527038263e+00 1.9530761362e+00
4.9376217020e+04 2.1327282000e+00 1.8530340792e+00 2.2514081261e+00 5.1089260504e-02 1.0013495059e-01 1.7528991286e+00 1.9531690298e+00
4.9377499535e+04 2.5856693000e+00 1.8534111431e+00 2.2508897232e+00 5.1064351165e-02 1.0008612828e-01 1.7533250148e+00 1.9534972714e+00
4.9378223875e+04 2.2517544000e+00 1.8536160522e+00 2.2503285450e+00 5.1038487859e-02 1.0003543620e-01 1.7535806160e+00 1.9536514884e+00
4.9379373129e+04 2.2848256000e+00 1.8538377538e+00 2.2497709180e+00 5.1012721755e-02 9.9984934639e-02 1.7538528191e+00 1.9538226884e+00
4.9379717786e+04 1.7417709000e+00 1.8537801655e+00 2.2491939304e+00 5.0986533379e-02 9.9933605422e-02 1.7538465600e+00 1.9537137709e+00
4.9381684247e+04 2.7822645000e+00 1.8542570449e+00 2.2487143566e+00 5.0962569512e-02 9.9886636243e-02 1.7543704087e+00 1.9541436812e+00
4.9382519423e+04 2.9178082000e+00 1.8548030158e+00 2.2482658748e+00 5.0939325766e-02 9.9841078502e-02 1.7549619373e+00 1.9546440943e+00
4.9382651021e+04 2.1940124000e+00 1.8549770585e+00 2.2477018565e+00 5.0913480246e-02 9.9790421282e-02 1.7551866373e+00 1.9547674798e+00
4.9383235785e+04 1.6918363000e+00 1.8548933966e+00 2.2471281883e+00 5.0887432808e-02 9.9739368304e-02 1.7551540283e+00 1.9546327649e+00
4.9384123497e+04 1.6843425000e+00 1.8548059794e+00 2.2465552442e+00 5.0861418462e-02 9.9688380185e-02 1.7551175993e+00 1.9544943596e+00
4.9385158033e+04 1.9898151000e+00 1.8548751440e+00 2.2459815036e+00 5.0835402756e-02 9.9637389403e-02 1.7552377546e+00 1.9545125334e+00
4.9385779466e+04 1.9091120000e+00 1.8549029150e+00 2.2454064625e+00 5.0809374283e-02 9.9586373594e-02 1.7553165414e+00 1.9544892886e+00
4.9387177879e+04 2.5433681000e+00 1.8552552513e+00 2.2448855286e+00 5.0784586494e-02 9.9537789529e-02 1.7557174618e+00 1.9547930409e+00
4.9388691761e+04 3.1517807000e+00 1.8559184357e+00 2.2445024744e+00 5.0762933079e-02 9.9495348836e-02 1.7564230869e+00 1.9554137845e+00
4.9388954645e+04 2.3096076000e+00 1.8561503831e+00 2.2439517955e+00 5.0737503930e-02 9.9445507703e-02 1.7567048754e+00 1.9555958908e+00
4.9390215230e+04 2.5594213000e+00 1.8565097449e+00 2.2434344131e+00 5.0712843759e-02 9.9397173768e-02 1.7571125711e+00 1.9559069186e+00
4.9390434027e+04 1.8860662000e+00 1.8565248401e+00 2.2428612572e+00 5.0686939060e-02 9.9346400557e-02 1.7571784395e+00 1.9558712406e+00
4.9391030648e+04 1.7617920000e+00 1.8564764823e+00 2.2422894622e+00 5.0661081636e-02 9.9295720007e-02 1.7571807623e+00 1.9557722023e+00
4.9391922270e+04 1.8041204000e+00 1.8564497701e+00 2.2417173963e+00 5.0635234591e-02 9.9245059798e-02 1.7572047103e+00 1.9556948298e+00
4.9393235789e+04 2.3437917000e+00 1.8566982871e+00 2.2411724630e+00 5.0610016730e-02 9.9195632791e-02 1.7575026543e+00 1.9558939199e+00
4.9393270977e+04 1.6233037000e+00 1.8565793296e+00 2.2406071465e+00 5.0584354840e-02 9.9145335487e-02 1.7574339941e+00 1.9557246651e+00
4.9394114521e+04 1.7439459000e+00 1.8565219514e+00 2.2400375147e+00 5.0558611914e-02 9.9094879351e-02 1.7574270721e+00 1.9556168308e+00
4.9395022292e+04 1.8811111000e+00 1.8565344713e+00 2.2394669459e+00 5.0532864233e-02 9.9044413896e-02 1.7574900574e+00 1.9555788852e+00
4.9397792569e+04 3.8937176000e+00 1.8575712058e+00 2.2393681195e+00 5.0517774941e-02 9.9014838885e-02 1.7585563669e+00 1.9565860446e+00
4.9398848818e+04 4.1293730000e+00 1.8587267509e+00 2.2393841482e+00 5.0505286949e-02 9.8990362420e-02 1.7597363885e+00 1.9577171133e+00
4.9399097303e+04 3.0917749000e+00 1.8593536183e+00 2.2389870799e+00 5.0483494280e-02 9.8947648788e-02 1.7604059695e+00 1.9583012671e+00
4.9399841522e+04 2.4032295000e+00 1.8596299780e+00 2.2384514267e+00 5.0458592004e-02 9.8898840327e-02 1.7607311377e+00 1.9585288183e+00
4.9402531804e+04 3.9626598000e+00 1.8606980480e+00 2.2383841856e+00 5.0444261777e-02 9.8870753083e-02 1.7618272949e+00 1.9595688011e+00
4.9403221160e+04 3.6534061000e+00 1.8616080521e+00 2.2381799933e+00 5.0426856527e-02 9.8836638792e-02 1.7627714133e+00 1.9604446909e+00
4.9403407404e+04 2.5646678000e+00 1.8619647541e+00 2.2376678642e+00 5.0402527209e-02 9.8788953329e-02 1.7631758008e+00 1.9607537075e+00
4.9404037660e+04 1.7717605000e+00 1.8619190116e+00 2.2371010660e+00 5.0376982391e-02 9.8738885486e-02 1.7631801261e+00 1.9606578971e+00
4.9404782672e+04 1.6442529000e+00 1.8618086892e+00 2.2365391435e+00 5.0351563527e-02 9.8689064513e-02 1.7631196247e+00 1.9604977537e+00
4.9406897720e+04 3.0569340000e+00 1.8624141225e+00 2.2361339993e+00 5.0329689456e-02 9.8646191333e-02 1.7637679312e+00 1.9610603138e+00
4.9407906850e+04 3.2062055000e+00 1.8630945232e+00 2.2357719112e+00 5.0308798529e-02 9.8605245118e-02 1.7644892781e+00 1.9616997683e+00
4.9408506603e+04 2.8745626000e+00 1.8636063997e+00 2.2353215760e+00 5.0285936192e-02 9.8560434936e-02 1.7650459648e+00 1.9621668347e+00
4.9409307708e+04 2.5515875000e+00 1.8639543922e+00 2.2348094245e+00 5.0261698367e-02 9.8512928799e-02 1.7654414634e+00 1.9624673210e+00
4.9409457109e+04 1.8359302000e+00 1.8639402243e+00 2.2342442397e+00 5.0236283574e-02 9.8463115805e-02 1.7654771085e+00 1.9624033401e+00
4.9410114730e+04 1.7451310000e+00 1.8638801893e+00 2.2336809905e+00 5.0210928349e-02 9.8413419564e-02 1.7654667697e+00 1.9622936089e+00
4.9411447675e+04 2.3141559000e+00 1.8641076013e+00 2.2331394888e+00 5.0186077874e-02 9.8364712633e-02 1.7657428886e+00 1.9624723139e+00
4.9411598354e+04 1.6841225000e+00 1.8640167456e+00 2.2325791539e+00 5.0160820009e-02 9.8315207218e-02 1.7657015384e+00 1.9623319528e+00
4.9413705135e+04 3.0213993000e+00 1.8646006924e+00 2.2321669023e+00 5.0138904329e-02 9.8272252485e-02 1.7663284399e+00 1.9628729449e+00
4.9413953942e+04 2.5781679000e+00 1.8649605346e+00 2.2316612225e+00 5.0114904842e-02 9.8225213490e-02 1.7667353212e+00 1.9631857481e+00
4.9414426880e+04 1.6526134000e+00 1.8648535048e+00 2.2311035441e+00 5.0089753235e-02 9.8175916341e-02 1.7666775885e+00 1.9630294212e+00
4.9415358102e+04 1.7705222000e+00 1.8648059828e+00 2.2305422035e+00 5.0064535286e-02 9.8126489161e-02 1.7666794936e+00 1.9629324719e+00
4.9417408916e+04 3.1223992000e+00 1.8654392120e+00 2.2301587404e+00 5.0043324672e-02 9.8084916356e-02 1.7673542956e+00 1.9635241283e+00
4.9417797506e+04 2.7522613000e+00 1.8658855241e+00 2.2296859136e+00 5.0020123144e-02 9.8039441363e-02 1.7678460827e+00 1.9639249654e+00
4.9418547701e+04 2.3898461000e+00 1.8661490857e+00 2.2291557342e+00 4.9995650149e-02 9.7991474291e-02 1.7681576114e+00 1.9641405600e+00
4.9419656657e+04 2.4493063000e+00 1.8664422769e+00 2.2286333509e+00 4.9971367431e-02 9.7943880165e-02 1.7684983967e+00 1.9643861570e+00
4.9419859782e+04 1.7672851000e+00 1.8663924491e+00 2.2280741490e+00 4.9946274721e-02 9.7894698453e-02 1.7684977507e+00 1.9642871476e+00
4.9420423497e+04 1.6095837000e+00 1.8662634643e+00 2.2275216926e+00 4.9921348943e-02 9.7845843928e-02 1.7684176204e+00 1.9641093083e+00
4.9421389882e+04 1.8347031000e+00 1.8662476208e+00 2.2269623368e+00 4.9896284245e-02 9.7796717121e-02 1.7684509037e+00 1.9640443379e+00
4.9422788294e+04 2.4842933000e+00 1.8665577290e+00 2.2264463109e+00 4.9872205855e-02 9.7749523476e-02 1.7688082055e+00 1.9643072525e+00
4.9422937857e+04 1.8316234000e+00 1.8665402093e+00 2.2258878117e+00 4.9847191521e-02 9.7700495381e-02 1.7688397139e+00 1.9642407047e+00
4.9424408980e+04 2.4480693000e+00 1.8668317026e+00 2.2253676627e+00 4.9823051476e-02 9.7653180892e-02 1.7691785217e+00 1.9644848834e+00
4.9424453556e+04 1.7337327000e+00 1.8667650197e+00 2.2248118502e+00 4.9798128395e-02 9.7604331654e-02 1.7691606880e+00 1.9643693513e+00
4.9425404806e+04 1.9016700000e+00 1.8667824984e+00 2.2242545999e+00 4.9773188747e-02 9.7555449944e-02 1.7692270485e+00 1.9643379483e+00
4.9427915287e+04 3.5903730000e+00 1.8676451563e+00 2.2240317623e+00 4.9755746141e-02 9.7521262437e-02 1.7701238939e+00 1.9651664187e+00
4.9428462529e+04 3.3979655000e+00 1.8684106992e+00 2.2237384255e+00 4.9736738576e-02 9.7484007609e-02 1.7709266916e+00 1.9658947069e+00
4.9429235036e+04 2.8426017000e+00 1.8688977947e+00 2.2232888091e+00 4.9714249108e-02 9.7439928253e-02 1.7714578665e+00 1.9663377230e+00
4.9429621512e+04 2.2043086000e+00 1.8690654163e+00 2.2227455581e+00 4.9689680779e-02 9.7391774327e-02 1.7716736420e+00 1.9664571907e+00
4.9430000053e+04 1.6742725000e+00 1.8689681172e+00 2.2221943425e+00 4.9664949819e-02 9.7343301646e-02 1.7716248155e+00 1.9663114188e+00
4.9431681424e+04 2.5994049000e+00 1.8693327886e+00 2.2216991976e+00 4.9641487151e-02 9.7297314815e-02 1.7720354738e+00 1.9666301034e+00
4.9432458304e+04 2.6150771000e+00 1.8697049165e+00 2.2212069740e+00 4.9618104539e-02 9.7251484897e-02 1.7724534316e+00 1.9669564014e+00
4.9433195167e+04 1.8397553000e+00 1.8696899790e+00 2.2206528122e+00 4.9593353429e-02 9.7202972721e-02 1.7724870063e+00 1.9668929517e+00
4.9433971727e+04 1.6690412000e+00 1.8695899547e+00 2.2201034821e+00 4.9568725623e-02 9.7154702222e-02 1.7724352525e+00 1.9667446569e+00
4.9434776310e+04 1.7096896000e+00 1.8695102834e+00 2.2195529157e+00 4.9544085575e-02 9.7106407727e-02 1.7724038756e+00 1.9666166911e+00
4.9436447905e+04 2.6345966000e+00 1.8698913024e+00 2.2190655458e+00 4.9520871172e-02 9.7060907497e-02 1.7728303949e+00 1.9669522099e+00
4.9437611346e+04 3.0361175000e+00 1.8704718033e+00 2.2186654183e+00 4.9499617821e-02 9.7019250929e-02 1.7734525524e+00 1.9674910542e+00
4.9438457405e+04 3.1802447000e+00 1.8711234316e+00 2.2183054539e+00 4.9479273949e-02 9.6979376941e-02 1.7741440547e+00 1.9681028085e+00
4.9438741040e+04 2.5261204000e+00 1.8714491387e+00 2.2178016411e+00 4.9455735520e-02 9.6933241619e-02 1.7745158971e+00 1.9683823803e+00
4.9439385054e+04 2.0177191000e+00 1.8715218375e+00 2.2172525516e+00 4.9431202456e-02 9.6885156813e-02 1.7746366807e+00 1.9684069943e+00
4.9440436354e+04 2.0637661000e+00 1.8716173388e+00 2.2167056152e+00 4.9406732620e-02 9.6837195936e-02 1.7747801429e+00 1.9684545348e+00
4.9440911079e+04 1.7700129000e+00 1.8715668898e+00 2.2161561052e+00 4.9382220639e-02 9.6789152453e-02 1.7747777373e+00 1.9683560422e+00
4.9442067311e+04 2.0922551000e+00 1.8716764125e+00 2.2156113010e+00 4.9357828702e-02 9.6741344256e-02 1.7749350682e+00 1.9684177567e+00
4.9443684095e+04 2.9321112000e+00 1.8722024218e+00 2.2151872977e+00 4.9336142354e-02 9.6698839014e-02 1.7755035828e+00 1.9689012608e+00
4.9444383995e+04 2.6357123000e+00 1.8725809591e+00 2.2147030461e+00 4.9313128293e-02 9.6653731454e-02 1.7759272277e+00 1.9692346906e+00
4.9445323814e+04 2.7530344000e+00 1.8730172592e+00 2.2142406711e+00 4.9290615655e-02 9.6609606683e-02 1.7764076525e+00 1.9696268659e+00
4.9446350462e+04 2.8377237000e+00 1.8734950732e+00 2.2137960400e+00 4.9268512090e-02 9.6566283697e-02 1.7769287895e+00 1.9700613569e+00
4.9447460192e+04 3.1776190000e+00 1.8741406791e+00 2.2134378360e+00 4.9248345470e-02 9.6526757120e-02 1.7776139219e+00 1.9706674362e+00
4.9447770705e+04 2.6871658000e+00 1.8745429676e+00 2.2129637509e+00 4.9225614166e-02 9.6482203765e-02 1.7780607638e+00 1.9710251714e+00
4.9449159676e+04 3.0560548000e+00 1.8751272959e+00 2.2125721347e+00 4.9204731118e-02 9.6441272991e-02 1.7786860229e+00 1.9715685689e+00
4.9449406029e+04 2.1698578000e+00 1.8752729857e+00 2.2120346434e+00 4.9180618134e-02 9.6394011542e-02 1.7788789742e+00 1.9716669973e+00
4.9450079567e+04 1.7118473000e+00 1.8751922418e+00 2.2114908364e+00 4.9156379686e-02 9.6346504184e-02 1.7788457376e+00 1.9715387460e+00
4.9452543819e+04 3.4544629000e+00 1.8759721285e+00 2.2112228323e+00 4.9138285161e-02 9.6311038916e-02 1.7796610896e+00 1.9722831675e+00
4.9453465933e+04 3.6600582000e+00 1.8768527238e+00 2.2110319141e+00 4.9121915165e-02 9.6278953723e-02 1.7805737701e+00 1.9731316776e+00
4.9453521712e+04 2.3181664000e+00 1.8770704415e+00 2.2105079048e+00 4.9098157864e-02 9.6232389413e-02 1.7808380521e+00 1.9733028309e+00
4.9454638827e+04 2.2638094000e+00 1.8772611412e+00 2.2099792494e+00 4.9074312097e-02 9.6185651710e-02 1.7810754895e+00 1.9734467929e+00
4.9454906841e+04 1.7822704000e+00 1.8772143246e+00 2.2094353214e+00 4.9050142012e-02 9.6138278344e-02 1.7810760463e+00 1.9733526030e+00
4.9456451716e+04 2.5977490000e+00 1.8775692678e+00 2.2089486517e+00 4.9027257654e-02 9.6093425001e-02 1.7814758428e+00 1.9736626928e+00
4.9457544666e+04 2.9615098000e+00 1.8781029658e+00 2.2085354165e+00 4.9006017004e-02 9.6051793327e-02 1.7820511725e+00 1.9741547591e+00
4.9458784764e+04 3.3917386000e+00 1.8788478652e+00 2.2082468267e+00 4.8987554902e-02 9.6015607607e-02 1.7828322576e+00 1.9748634728e+00
4.9459027151e+04 2.6606808000e+00 1.8792324363e+00 2.2077714532e+00 4.8964962274e-02 9.5971326057e-02 1.7832611102e+00 1.9752037623e+00
4.9459574583e+04 2.2409294000e+00 1.8794102617e+00 2.2072429656e+00 4.8941206019e-02 9.5924763798e-02 1.7834854979e+00 1.9753350255e+00
4.9461027873e+04 2.3507131000e+00 1.8796418601e+00 2.2067250320e+00 4.8917698354e-02 9.5878688774e-02 1.7837631714e+00 1.9755205489e+00
4.9461211050e+04 1.8198867000e+00 1.8796125109e+00 2.2061831698e+00 4.8893674881e-02 9.5831602767e-02 1.7837809081e+00 1.9754441136e+00
4.9463102179e+04 2.9459546000e+00 1.8801359974e+00 2.2057677867e+00 4.8872468509e-02 9.5790038278e-02 1.7843459591e+00 1.9759260357e+00
4.9463328621e+04 2.4509254000e+00 1.8804160707e+00 2.2052625230e+00 4.8849284521e-02 9.5744597661e-02 1.7846714730e+00 1.9761606684e+00
4.9464338699e+04 2.3403467000e+00 1.8806416375e+00 2.2047449369e+00 4.8825841958e-02 9.5698650239e-02 1.7849429872e+00 1.9763402877e+00
4.9464673873e+04 1.7715105000e+00 1.8805881418e+00 2.2042055506e+00 4.8801931159e-02 9.5651785072e-02 1.7849363567e+00 1.9762399269e+00
4.9465632787e+04 1.8357134000e+00 1.8805661552e+00 2.2036654616e+00 4.8778019457e-02 9.5604918136e-02 1.7849612370e+00 1.9761710733e+00
4.9467774785e+04 3.1904985000e+00 1.8812076500e+00 2.2033161541e+00 4.8758344296e-02 9.5566354821e-02 1.7856412951e+00 1.9767740048e+00
4.9468402839e+04 3.0445077000e+00 1.8817770577e+00 2.2029268636e+00 4.8737797105e-02 9.5526082326e-02 1.7862509754e+00 1.9773031400e+00
4.9469466909e+04 2.9890611000e+00 1.8823187818e+00 2.2025237667e+00 4.8716957504e-02 9.5485236708e-02 1.7868335451e+00 1.9778040185e+00
4.9469507759e+04 1.9357392000e+00 1.8823449043e+00 2.2019852396e+00 4.8693136207e-02 9.5438546966e-02 1.7869063573e+00 1.9777834512e+00
4.9470750784e+04 2.4289723000e+00 1.8826120731e+00 2.2014799441e+00 4.8670064145e-02 9.5393325725e-02 1.7872187473e+00 1.9780053988e+00
4.9471024585e+04 2.0012842000e+00 1.8826700468e+00 2.2009434445e+00 4.8646316573e-02 9.5346780484e-02 1.7873232663e+00 1.9780168272e+00
4.9472440329e+04 2.5371703000e+00 1.8829896270e+00 2.2004532817e+00 4.8623607411e-02 9.5302270526e-02 1.7876873564e+00 1.9782918975e+00
4.9473064452e+04 2.4208306000e+00 1.8832521164e+00 2.1999480672e+00 4.8600579715e-02 9.5257136241e-02 1.7879949802e+00 1.9785092527e+00
4.9473733751e+04 2.3713577000e+00 1.8834902167e+00 2.1994375743e+00 4.8577449568e-02 9.5211801153e-02 1.7882784156e+00 1.9787020179e+00
4.9474018303e+04 1.8410326000e+00 1.8834695158e+00 2.1989012605e+00 4.8553763439e-02 9.5165376340e-02 1.7883041395e+00 1.9786348921e+00
4.9475024524e+04 2.0682143000e+00 1.8835595474e+00 2.1983689204e+00 4.8530179463e-02 9.5119151748e-02 1.7884403956e+00 1.9786786991e+00
4.9476439293e+04 2.7825244000e+00 1.8839974260e+00 2.1979226960e+00 4.8508510447e-02 9.5076680475e-02 1.7889207455e+00 1.9790741065e+00
4.9478319101e+04 3.6132403000e+00 1.8848393164e+00 2.1977184138e+00 4.8492193261e-02 9.5044698792e-02 1.7897946176e+00 1.9798840152e+00
4.9478930047e+04 3.0132079000e+00 1.8853884009e+00 2.1973242823e+00 4.8471698927e-02 9.5004529896e-02 1.7903838710e+00 1.9803929308e+00
4.9479703796e+04 2.8006362000e+00 1.8858335603e+00 2.1968822747e+00 4.8450161569e-02 9.4962316676e-02 1.7908712436e+00 1.9807958770e+00
4.9479927160e+04 2.0063426000e+00 1.8858921452e+00 2.1963495549e+00 4.8426637463e-02 9.4916209428e-02 1.7909759357e+00 1.9808083546e+00
4.9480499637e+04 1.6372726000e+00 1.8857713388e+00 2.1958224537e+00 4.8403251505e-02 9.4870372950e-02 1.7909009658e+00 1.9806417117e+00
4.9481301070e+04 1.6800188000e+00 1.8856714104e+00 2.1952935850e+00 4.8379840809e-02 9.4824487985e-02 1.7908469224e+00 1.9804958984e+00
4.9482853286e+04 2.4583199000e+00 1.8859493951e+00 2.1947966706e+00 4.8357148373e-02 9.4780010810e-02 1.7911693843e+00 1.9807294059e+00
4.9482925320e+04 1.8378156000e+00 1.8859260405e+00 2.1942641444e+00 4.8333685363e-02 9.4734023312e-02 1.7911920172e+00 1.9806600638e+00
4.9483769878e+04 1.8871222000e+00 1.8859266206e+00 2.1937317500e+00 4.8310239484e-02 9.4688069388e-02 1.7912385512e+00 1.9806146900e+00
4.9484329442e+04 1.6243635000e+00 1.8857998329e+00 2.1932072995e+00 4.8286982710e-02 9.4642486111e-02 1.7911573468e+00 1.9804423190e+00
4.9485540112e+04 2.0707639000e+00 1.8858894472e+00 2.1926794552e+00 4.8263665340e-02 9.4596784066e-02 1.7912926632e+00 1.9804862313e+00
4.9487899887e+04 3.6818567000e+00 1.8867591650e+00 2.1925042851e+00 4.8248123024e-02 9.4566321127e-02 1.7921928439e+00 1.9813254862e+00
4.9487963269e+04 2.9570195000e+00 1.8872772000e+00 2.1920997520e+00 4.8227544934e-02 9.4525988070e-02 1.7927512120e+00 1.9818031881e+00
4.9488949683e+04 3.0966803000e+00 1.8878623007e+00 2.1917305279e+00 4.8207756257e-02 9.4487202263e-02 1.7933750985e+00 1.9823495030e+00
4.9489211260e+04 2.3871242000e+00 1.8881037233e+00 2.1912277823e+00 4.8185043837e-02 9.4442685921e-02 1.7936610374e+00 1.9825464092e+00
4.9490049859e+04 2.2245920000e+00 1.8882663566e+00 2.1907104083e+00 4.8162023615e-02 9.4397566285e-02 1.7938687903e+00 1.9826639229e+00
4.9490525292e+04 1.7595670000e+00 1.8882041830e+00 2.1901827573e+00 4.8138791445e-02 9.4352031231e-02 1.7938521518e+00 1.9825562142e+00
4.9491363633e+04 1.8322281000e+00 1.8881771545e+00 2.1896540091e+00 4.8115549192e-02 9.4306476417e-02 1.7938706780e+00 1.9824836309e+00
4.9492803374e+04 2.5338901000e+00 1.8884887920e+00 2.1891712369e+00 4.8093331001e-02 9.4262928762e-02 1.7942258632e+00 1.9827517208e+00
4.9492937995e+04 1.7856220000e+00 1.8884391698e+00 2.1886440638e+00 4.8070151132e-02 9.4217496219e-02 1.7942216736e+00 1.9826566660e+00
4.9493936715e+04 1.9960251000e+00 1.8884910434e+00 2.1881173819e+00 4.8046996023e-02 9.4172112205e-02 1.7943189312e+00 1.9826631556e+00
4.9494524981e+04 1.8539170000e+00 1.8884743813e+00 2.1875899385e+00 4.8023838151e-02 9.4126722776e-02 1.7943476585e+00 1.9826011040e+00
4.9495084985e+04 1.5568180000e+00 1.8883146238e+00 2.1870748521e+00 4.8000965433e-02 9.4081892248e-02 1.7942327316e+00 1.9823965161e+00
4.9496299882e+04 2.0216882000e+00 1.8883788384e+00 2.1865499941e+00 4.7977892099e-02 9.4036668514e-02 1.7943421699e+00 1.9824155069e+00
4.9498014281e+04 2.9799935000e+00 1.8889041582e+00 2.1861546536e+00 4.7957673878e-02 9.3997040801e-02 1.7949071174e+00 1.9829011990e+00
4.9498406059e+04 2.5291842000e+00 1.8892121332e+00 2.1856736550e+00 4.7935589532e-02 9.3953755482e-02 1.7952583778e+00 1.9831658887e+00
4.9499243407e+04 2.4112377000e+00 1.8894631071e+00 2.1851779006e+00 4.7913195033e-02 9.3909862265e-02 1.7955532448e+00 1.9833729693e+00
4.9499518376e+04 1.8957241000e+00 1.8894661157e+00 2.1846525586e+00 4.7890165473e-02 9.3864724326e-02 1.7956013914e+00 1.9833308400e+00
4.9500831763e+04 2.4953546000e+00 1.8897571284e+00 2.1841679355e+00 4.7868042131e-02 9.3821362577e-02 1.7959357659e+00 1.9835784910e+00
4.9501024491e+04 1.9189234000e+00 1.8897711305e+00 2.1836434300e+00 4.7845058323e-02 9.3776314314e-02 1.7959948162e+00 1.9835474448e+00
4.9501989932e+04 2.1113068000e+00 1.8898774336e+00 2.1831245998e+00 4.7822212624e-02 9.3731536743e-02 1.7961458968e+00 1.9836089703e+00
4.9502428797e+04 1.7076930000e+00 1.8897900550e+00 2.1826043997e+00 4.7799350635e-02 9.3686727245e-02 1.7961033277e+00 1.9834767822e+00
4.9503470268e+04 2.0457605000e+00 1.8898648251e+00 2.1820836015e+00 4.7776489262e-02 9.3641918953e-02 1.7962229061e+00 1.9835067440e+00
4.9503971450e+04 1.7154060000e+00 1.8897812320e+00 2.1815638491e+00 4.7753664481e-02 9.3597182382e-02 1.7961840496e+00 1.9833784143e+00
4.9504880188e+04 1.7643786000e+00 1.8897211732e+00 2.1810428568e+00 4.7730826240e-02 9.3552419430e-02 1.7961687538e+00 1.9832735927e+00
4.9507085613e+04 3.1791566000e+00 1.8903384233e+00 2.1807029221e+00 4.7711963060e-02 9.3515447598e-02 1.7968229757e+00 1.9838538709e+00
4.9507495797e+04 2.8233486000e+00 1.8907848397e+00 2.1802763849e+00 4.7691217305e-02 9.3474785917e-02 1.7973100537e+00 1.9842596256e+00
4.9508855347e+04 2.8179381000e+00 1.8912282415e+00 2.1798489781e+00 4.7670465183e-02 9.3434111759e-02 1.7977941298e+00 1.9846623533e+00
4.9509802402e+04 2.8844252000e+00 1.8917030011e+00 2.1794357982e+00 4.7650036759e-02 9.3394072047e-02 1.7983089290e+00 1.9850970731e+00
4.9510145456e+04 2.4008303000e+00 1.8919462535e+00 2.1789432438e+00 4.7627885831e-02 9.3350656229e-02 1.7985955972e+00 1.9852969097e+00
4.9510626285e+04 2.0628820000e+00 1.8920278847e+00 2.1784258517e+00 4.7605205421e-02 9.3306202626e-02 1.7987216820e+00 1.9853340873e+00
4.9511574525e+04 1.9821842000e+00 1.8920709187e+00 2.1779065209e+00 4.7582496198e-02 9.3261692548e-02 1.7988092262e+00 1.9853326113e+00
4.9512906936e+04 2.4794418000e+00 1.8923511529e+00 2.1774244516e+00 4.7560614412e-02 9.3218804247e-02 1.7991323487e+00 1.9855699572e+00
4.9513146461e+04 1.9941156000e+00 1.8923996815e+00 2.1769060996e+00 4.7537953447e-02 9.3174388757e-02 1.7992252927e+00 1.9855740703e+00
4.9514201626e+04 2.1286176000e+00 1.8925122735e+00 2.1763930925e+00 4.7515422679e-02 9.3130228451e-02 1.7993820450e+00 1.9856425019e+00
4.9514568206e+04 1.7244449000e+00 1.8924322032e+00 2.1758774388e+00 4.7492847578e-02 9.3085981252e-02 1.7993462220e+00 1.9855181845e+00
4.9515393156e+04 1.7547030000e+00 1.8923666179e+00 2.1753611394e+00 4.7470271834e-02 9.3041732794e-02 1.7993248851e+00 1.9854083507e+00
4.9517227747e+04 2.8514831000e+00 1.8928231227e+00 2.1749437448e+00 4.7449867293e-02 9.3001739895e-02 1.7998213828e+00 1.9858248626e+00
4.9517636021e+04 2.4680558000e+00 1.8930967824e+00 2.1744622660e+00 4.7428077383e-02 9.2959031671e-02 1.8001377507e+00 1.9860558140e+00
4.9518985336e+04 2.8728633000e+00 1.8935626723e+00 2.1740499005e+00 4.7407807621e-02 9.2919302937e-02 1.8006433693e+00 1.9864819752e+00
4.9519727010e+04 2.6648990000e+00 1.8939292770e+00 2.1735979644e+00 4.7386687492e-02 9.2877907485e-02 1.8010513695e+00 1.9868071845e+00
4.9520074983e+04 2.2400804000e+00 1.8940937193e+00 2.1730944543e+00 4.7364455977e-02 9.2834333715e-02 1.8012593856e+00 1.9869280530e+00
4.9521074488e+04 2.3516436000e+00 1.8943109795e+00 2.1726010853e+00 4.7342458672e-02 9.2791218997e-02 1.8015197605e+00 1.9871021985e+00
4.9521338023e+04 1.8196992000e+00 1.8942755681e+00 2.1720858198e+00 4.7319997450e-02 9.2747195002e-02 1.8015283731e+00 1.9870227631e+00
4.9522545716e+04 2.2341576000e+00 1.8944368025e+00 2.1715829252e+00 4.7297818994e-02 9.2703725229e-02 1.8017330772e+00 1.9871405277e+00
4.9522904295e+04 1.8917315000e+00 1.8944355197e+00 2.1710677835e+00 4.7275387036e-02 9.2659758590e-02 1.8017757611e+00 1.9870952783e+00
4.9523640236e+04 1.8799782000e+00 1.8944286679e+00 2.1705530303e+00 4.7252976824e-02 9.2615834574e-02 1.8018128333e+00 1.9870445025e+00
4.9525161023e+04 2.6602102000e+00 1.8947914256e+00 2.1701025955e+00 4.7231979764e-02 9.2574680338e-02 1.8022167453e+00 1.9873661060e+00
4.9525334135e+04 2.0768701000e+00 1.8948776371e+00 2.1695921518e+00 4.7209689521e-02 9.2530991460e-02 1.8023466457e+00 1.9874086286e+00
4.9526179538e+04 1.9796186000e+00 1.8949177417e+00 2.1690792395e+00 4.7187358772e-02 9.2487223192e-02 1.8024305185e+00 1.9874049649e+00
4.9527845235e+04 2.7818675000e+00 1.8953373017e+00 2.1686516670e+00 4.7166897321e-02 9.2447118750e-02 1.8028901829e+00 1.9877844204e+00
4.9528160598e+04 2.3042983000e+00 1.8955306638e+00 2.1681569078e+00 4.7144987259e-02 9.2404175027e-02 1.8031264888e+00 1.9879348389e+00
4.9529296224e+04 2.4741090000e+00 1.8958040940e+00 2.1676807544e+00 4.7123494662e-02 9.2362049537e-02 1.8034420445e+00 1.9881661436e+00
4.9529568098e+04 1.8920785000e+00 1.8958023342e+00 2.1671684835e+00 4.7101229872e-02 9.2318410549e-02 1.8034839237e+00 1.9881207447e+00
4.9530163083e+04 1.7918297000e+00 1.8957532442e+00 2.1666577514e+00 4.7079011660e-02 9.2274862854e-02 1.8034783813e+00 1.9880281070e+00
4.9530970891e+04 1.8235792000e+00 1.8957191838e+00 2.1661467715e+00 4.7056801175e-02 9.2231330303e-02 1.8034878535e+00 1.9879505141e+00
4.9532193451e+04 2.3735193000e+00 1.8959445612e+00 2.1656604368e+00 4.7035139050e-02 9.2188872538e-02 1.8037556886e+00 1.9881334337e+00
4.9533287335e+04 2.7535189000e+00 1.8963488867e+00 2.1652296412e+00 4.7014695702e-02 9.2148803576e-02 1.8042000831e+00 1.9884976902e+00
4.9533363424e+04 2.0066679000e+00 1.8964008749e+00 2.1647204785e+00 4.6992563381e-02 9.2105424227e-02 1.8042954507e+00 1.9885062991e+00
4.9535117965e+04 2.9807048000e+00 1.8969116163e+00 2.1643382330e+00 4.6973198615e-02 9.2067469284e-02 1.8048441470e+00 1.9889790855e+00
4.9535529663e+04 2.6833533000e+00 1.8972818807e+00 2.1638956906e+00 4.6952537239e-02 9.2026972989e-02 1.8052549077e+00 1.9893088537e+00
4.9537209963e+04 3.6358983000e+00 1.8981000531e+00 2.1637148236e+00 4.6937564726e-02 9.1997626863e-02 1.8061024263e+00 1.9900976800e+00
4.9539403473e+04 4.7773436000e+00 1.8994543540e+00 2.1641063353e+00 4.6935015574e-02 9.1992630525e-02 1.8074617234e+00 1.9914469845e+00
4.9540220562e+04 4.4040557000e+00 1.9006318816e+00 2.1642784446e+00 4.6927712947e-02 9.1978317375e-02 1.8086535642e+00 1.9926101990e+00
4.9541070487e+04 3.9929314000e+00 1.9016151051e+00 2.1642447197e+00 4.6915954323e-02 9.1955270472e-02 1.8096598346e+00 1.9935703755e+00
4.9542081839e+04 4.1925151000e+00 1.9026911502e+00 2.1643054437e+00 4.6906250772e-02 9.1936251513e-02 1.8107548987e+00 1.9946274017e+00
4.9543290144e+04 4.0645956000e+00 1.9037061288e+00 2.1643038405e+00 4.6895203884e-02 9.1914599613e-02 1.8117915292e+00 1.9956207284e+00
4.9544157123e+04 4.0876195000e+00 1.9047309591e+00 2.1643126031e+00 4.6884389316e-02 9.1893403059e-02 1.8128375560e+00 1.9966243621e+00
4.9545233035e+04 4.3378967000e+00 1.9058722188e+00 2.1644459960e+00 4.6876281569e-02 9.1877511876e-02 1.8139947069e+00 1.9977497307e+00
4.9547296060e+04 5.3926084000e+00 1.9075068818e+00 2.1652542692e+00 4.6882792931e-02 9.1890274145e-02 1.8156166077e+00 1.9993971560e+00
4.9547451238e+04 4.4958695000e+00 1.9087197978e+00 2.1654713227e+00 4.6876505533e-02 9.1877950844e-02 1.8168418469e+00 2.0005977486e+00
4.9549309238e+04 5.4331167000e+00 1.9103705691e+00 2.1663065090e+00 4.6883601398e-02 9.1891858741e-02 1.8184787104e+00 2.0022624279e+00
4.9549355922e+04 4.2825488000e+00 1.9114811395e+00 2.1664069461e+00 4.6874798658e-02 9.1874605369e-02 1.8196065341e+00 2.0033557448e+00
4.9550251754e+04 3.6321360000e+00 1.9122863125e+00 2.1662194225e+00 4.6859773421e-02 9.1845155906e-02 1.8204411566e+00 2.0041314684e+00
4.9551128644e+04 2.9388263000e+00 1.9127664529e+00 2.1658262628e+00 4.6840310491e-02 9.1807008562e-02 1.8209594443e+00 2.0045734614e+00
4.9552054834e+04 3.0503852000e+00 1.9132982989e+00 2.1654593372e+00 4.6821426455e-02 9.1769995851e-02 1.8215283031e+00 2.0050682948e+00
4.9552425831e+04 2.3621383000e+00 1.9135080372e+00 2.1649748243e+00 4.6800011932e-02 9.1728023387e-02 1.8217800139e+00 2.0052360606e+00
4.9553214342e+04 2.3011200000e+00 1.9136890797e+00 2.1644851329e+00 4.6778498048e-02 9.1685856175e-02 1.8220032236e+00 2.0053749359e+00
4.9554775559e+04 2.9711474000e+00 1.9141827577e+00 2.1641001508e+00 4.6759259196e-02 9.1648148025e-02 1.8225346097e+00 2.0058309058e+00
4.9555636048e+04 2.8745709000e+00 1.9146309090e+00 2.1636943483e+00 4.6739582112e-02 9.1609580940e-02 1.8230213281e+00 2.0062404899e+00
4.9557193582e+04 3.6051317000e+00 1.9154193889e+00 2.1634973881e+00 4.6724427060e-02 9.1579877037e-02 1.8238395118e+00 2.0069992659e+00
4.9558373139e+04 3.8141231000e+00 1.9163045654e+00 2.1633810762e+00 4.6711022946e-02 9.1553604974e-02 1.8247509604e+00 2.0078581704e+00
4.9559362479e+04 3.9552134000e+00 1.9172546627e+00 2.1633242984e+00 4.6698912760e-02 9.1529869010e-02 1.8257247937e+00 2.0087845317e+00
4.9559396530e+04 2.8942829000e+00 1.9177097294e+00 2.1629229384e+00 4.6679374109e-02 9.1491573254e-02 1.8262181562e+00 2.0092013027e+00
4.9561170689e+04 3.0850926000e+00 1.9182532038e+00 2.1625657957e+00 4.6660801146e-02 9.1455170245e-02 1.8267980335e+00 2.0097083740e+00
4.9561466483e+04 2.5744994000e+00 1.9185585766e+00 2.1621086691e+00 4.6640082544e-02 9.1414561786e-02 1.8271440148e+00 2.0099731384e+00
4.9563272607e+04 3.4774641000e+00 1.9192836489e+00 2.1618668769e+00 4.6624020126e-02 9.1383079447e-02 1.8279005695e+00 2.0106667284e+00
4.9566002538e+04 5.0663677000e+00 1.9207467285e+00 2.1624284700e+00 4.6625289924e-02 9.1385568250e-02 1.8293611602e+00 2.0121322967e+00
4.9566386184e+04 4.6271883000e+00 1.9220043686e+00 2.1627124446e+00 4.6620577159e-02 9.1376331231e-02 1.8306280374e+00 2.0133806998e+00
4.9570313919e+04 7.6899305000e+00 1.9246833868e+00 2.1657785763e+00 4.6675828825e-02 9.1484624497e-02 1.8331987623e+00 2.0161680113e+00
4.9570361372e+04 6.2919394000e+00 1.9267108965e+00 2.1673183319e+00 4.6698169257e-02 9.1528411745e-02 1.8351824848e+00 2.0182393083e+00
4.9573158036e+04 7.8229424000e+00 1.9294469668e+00 2.1705328956e+00 4.6756579748e-02 9.1642896306e-02 1.8378040705e+00 2.0210898631e+00
4.9573453289e+04 5.4397888000e+00 1.9310751402e+00 2.1713451285e+00 4.6763227803e-02 9.1655926494e-02 1.8394192137e+00 2.0227310667e+00
4.9574181508e+04 4.0016744000e+00 1.9320350842e+00 2.1712990594e+00 4.6751394732e-02 9.1632733675e-02 1.8404023506e+00 2.0236678179e+00
4.9574868010e+04 3.2994041000e+00 1.9326687121e+00 2.1709951438e+00 4.6734019112e-02 9.1598677459e-02 1.8410700347e+00 2.0242673896e+00
4.9575297121e+04 2.2770580000e+00 1.9328282255e+00 2.1705047236e+00 4.6712640181e-02 9.1556774755e-02 1.8412714507e+00 2.0243850002e+00
4.9576390010e+04 2.5821376000e+00 1.9331288317e+00 2.1700469535e+00 4.6691976174e-02 9.1516273301e-02 1.8416125584e+00 2.0246451050e+00
4.9577240539e+04 2.7431884000e+00 1.9335036857e+00 2.1696145172e+00 4.6671869204e-02 9.1476863639e-02 1.8420268221e+00 2.0249805493e+00
4.9578001428e+04 2.7929593000e+00 1.9339012137e+00 2.1691911833e+00 4.6651969794e-02 9.1437860796e-02 1.8424633529e+00 2.0253390745e+00
4.9578171168e+04 2.1502037000e+00 1.9340012149e+00 2.1686944468e+00 4.6630503806e-02 9.1395787461e-02 1.8426054274e+00 2.0253970023e+00
4.9579668433e+04 2.5962527000e+00 1.9343072461e+00 2.1682397874e+00 4.6609954748e-02 9.1355511306e-02 1.8429517348e+00 2.0256627574e+00
4.9580371513e+04 2.4644435000e+00 1.9345521127e+00 2.1677686779e+00 4.6589064129e-02 9.1314565692e-02 1.8432375470e+00 2.0258666784e+00
4.9588510369e+04 9.6366746000e+00 1.9381080326e+00 2.1735744721e+00 4.6703055918e-02 9.1537989598e-02 1.8465700430e+00 2.0296460222e+00
4.9592547201e+04 1.2958181200e+01 1.9431934378e+00 2.1859232573e+00 4.6957552762e-02 9.2036803413e-02 1.8511566344e+00 2.0352302413e+00
4.9594757790e+04 1.4444127900e+01 1.9489595515e+00 2.2018410561e+00 4.7288585820e-02 9.2685628207e-02 1.8562739233e+00 2.0416451797e+00
4.9598597856e+04 1.7597615100e+01 1.9561742383e+00 2.2268174425e+00 4.7813973711e-02 9.3715388474e-02 1.8624588498e+00 2.0498896267e+00
4.9602533075e+04 2.0753334600e+01 1.9648365241e+00 2.2625607368e+00 4.8570254535e-02 9.5197698889e-02 1.8696388253e+00 2.0600342230e+00
4.9604948342e+04 2.2455041500e+01 1.9742746655e+00 2.3043702808e+00 4.9456383322e-02 9.6934511312e-02 1.8773401542e+00 2.0712091769e+00
4.9609240924e+04 2.6059727600e+01 1.9853637323e+00 2.3610672766e+00 5.0661547512e-02 9.9296633123e-02 1.8860670992e+00 2.0846603654e+00
4.9612693952e+04 2.8800800500e+01 1.9977040161e+00 2.4295740183e+00 5.2119503689e-02 1.0215422723e-01 1.8955497889e+00 2.0998582433e+00
4.9613552514e+04 2.8644085100e+01 2.0099608611e+00 2.4953083579e+00 5.3517331625e-02 1.0489396999e-01 1.9050668911e+00 2.1148548311e+00
4.9614085707e+04 2.8180226600e+01 2.0219931672e+00 2.5570380458e+00 5.4828650819e-02 1.0746415561e-01 1.9145290116e+00 2.1294573228e+00
4.9614254434e+04 2.7468457600e+01 2.0336873145e+00 2.6139769195e+00 5.6036667912e-02 1.0983186911e-01 1.9238554454e+00 2.1435191836e+00
4.9614520170e+04 2.6935987900e+01 2.0451261296e+00 2.6672939835e+00 5.7166508863e-02 1.1204635737e-01 1.9330797723e+00 2.1571724870e+00
4.9614777073e+04 2.6423339000e+01 2.0563190648e+00 2.7173383411e+00 5.8225708114e-02 1.1412238790e-01 1.9421966769e+00 2.1704414527e+00
4.9615072748e+04 2.5992024100e+01 2.0673037849e+00 2.7646597950e+00 5.9226092658e-02 1.1608314161e-01 1.9512206433e+00 2.1833869265e+00
4.9616446227e+04 2.6666917700e+01 2.0785880115e+00 2.8137690622e+00 6.0264312074e-02 1.1811805167e-01 1.9604699598e+00 2.1967060631e+00
4.9616463356e+04 2.5905576500e+01 2.0895128113e+00 2.8589946270e+00 6.1218897828e-02 1.1998903974e-01 1.9695237716e+00 2.2095018511e+00
4.9616620932e+04 2.5373909800e+01 2.1001839374e+00 2.9014581482e+00 6.2113919858e-02 1.2174328292e-01 1.9784406544e+00 2.2219272203e+00
4.9617471476e+04 2.5424089600e+01 2.1108682734e+00 2.9434142655e+00 6.2997675132e-02 1.2347544326e-01 1.9873928302e+00 2.2343437167e+00
4.9617831461e+04 2.5075602600e+01 2.1213832617e+00 2.9834681459e+00 6.3840324856e-02 1.2512703672e-01 1.9962562250e+00 2.2465102984e+00
4.9617894449e+04 2.4439263700e+01 2.1315973946e+00 3.0207383302e+00 6.4623040218e-02 1.2666115883e-01 2.0049362358e+00 2.2582585534e+00
4.9617950276e+04 2.3573413000e+01 2.1414060934e+00 3.0546528482e+00 6.5333629048e-02 1.2805391293e-01 2.0133521805e+00 2.2694600063e+00
4.9619012073e+04 2.3850538200e+01 2.1513325370e+00 3.0890178828e+00 6.6053529859e-02 1.2946491852e-01 2.0218676185e+00 2.2807974555e+00
4.9619238878e+04 2.2857422100e+01 2.1607960149e+00 3.1198606499e+00 6.6697804379e-02 1.3072769658e-01 2.0300683183e+00 2.2915237114e+00
4.9619883222e+04 2.2474691700e+01 2.1700760037e+00 3.1492075964e+00 6.7309816965e-02 1.3192724125e-01 2.0381487625e+00 2.3020032450e+00
4.9620625858e+04 2.2482625700e+01 2.1793511406e+00 3.1782532190e+00 6.7915114639e-02 1.3311362469e-01 2.0462375159e+00 2.3124647653e+00
4.9621384592e+04 2.2459093500e+01 2.1886070705e+00 3.2069149135e+00 6.8511937355e-02 1.3428339722e-01 2.0543236733e+00 2.3228904677e+00
4.9622279346e+04 2.2535841500e+01 2.1978895679e+00 3.2354901273e+00 6.9106644168e-02 1.3544902257e-01 2.0624405454e+00 2.3333385905e+00
4.9622454417e+04 2.1827807900e+01 2.2068407391e+00 3.2617865152e+00 6.9652421119e-02 1.3651874539e-01 2.0703219937e+00 2.3433594845e+00
4.9622697105e+04 2.1272534100e+01 2.2155306631e+00 3.2863359115e+00 7.0160655995e-02 1.3751488575e-01 2.0780157774e+00 2.3530455489e+00
4.9623000826e+04 2.0810365700e+01 2.2240021142e+00 3.3094613874e+00 7.0638270277e-02 1.3845100974e-01 2.0855511044e+00 2.3624531239e+00
4.9623030871e+04 1.9493639900e+01 2.2318662480e+00 3.3291581229e+00 7.1042503142e-02 1.3924330616e-01 2.0926229418e+00 2.3711095541e+00
4.9623052809e+04 2.0218367100e+01 2.2400530940e+00 3.3504376519e+00 7.1480323960e-02 1.4010143496e-01 2.0999516591e+00 2.3801545290e+00
4.9623163779e+04 1.8623926700e+01 2.2475070857e+00 3.3678468964e+00 7.1835396966e-02 1.4079737805e-01 2.1067097076e+00 2.3883044637e+00
4.9623457018e+04 1.8170764500e+01 2.2547482214e+00 3.3841516554e+00 7.2166759120e-02 1.4144684787e-01 2.1133013735e+00 2.3961950692e+00
4.9623885060e+04 1.7624991100e+01 2.2617346954e+00 3.3992071690e+00 7.2471340347e-02 1.4204382708e-01 2.1196908683e+00 2.4037785225e+00
4.9623916062e+04 1.6773590200e+01 2.2683279964e+00 3.4124763505e+00 7.2737710827e-02 1.4256591322e-01 2.1257620832e+00 2.4108939096e+00
4.9623965327e+04 1.6071896900e+01 2.2745966471e+00 3.4243531541e+00 7.2974291954e-02 1.4302961223e-01 2.1315670349e+00 2.4176262594e+00
4.9624009096e+04 1.4948853700e+01 2.2803498278e+00 3.4342034693e+00 7.3167593976e-02 1.4340848419e-01 2.1369413436e+00 2.4237583120e+00
4.9624033423e+04 1.4104787100e+01 2.2857148175e+00 3.4426456647e+00 7.3330818082e-02 1.4372840344e-01 2.1419864141e+00 2.4294432210e+00
4.9624070068e+04 1.3273859600e+01 2.2906981031e+00 3.4498063706e+00 7.3466681465e-02 1.4399469567e-01 2.1467034075e+00 2.4346927988e+00
4.9624188611e+04 1.2626505800e+01 2.2953834194e+00 3.4560340301e+00 7.3582621478e-02 1.4422193810e-01 2.1511614813e+00 2.4396053575e+00
4.9624648525e+04 1.2371454800e+01 2.2999489252e+00 3.4618980825e+00 7.3690772901e-02 1.4443391489e-01 2.1555150104e+00 2.4443828401e+00
4.9624677624e+04 1.1628589700e+01 2.3041738531e+00 3.4668001079e+00 7.3778405818e-02 1.4460567540e-01 2.1595681777e+00 2.4487795285e+00
4.9624700615e+04 1.0728120100e+01 2.3079873191e+00 3.4706439784e+00 7.3843488902e-02 1.4473323825e-01 2.1632540808e+00 2.4527205573e+00
4.9624845003e+04 1.0133970100e+01 2.3115284877e+00 3.4738476289e+00 7.3894927694e-02 1.4483405828e-01 2.1666944295e+00 2.4563625460e+00
4.9625373642e+04 9.9594262000e+00 2.3149875098e+00 3.4768662860e+00 7.3942412746e-02 1.4492712898e-01 2.1700603808e+00 2.4599146388e+00
4.9627031724e+04 1.0656270200e+01 2.3187584332e+00 3.4805993462e+00 7.4005069864e-02 1.4504993693e-01 2.1737084963e+00 2.4638083702e+00
4.9627947161e+04 1.0668405100e+01 2.3225314322e+00 3.4843340872e+00 7.4067738171e-02 1.4517276682e-01 2.1773586654e+00 2.4677041990e+00
4.9628007647e+04 9.8593415000e+00 2.3259355921e+00 3.4872256766e+00 7.4112462820e-02 1.4526042713e-01 2.1806751650e+00 2.4711960192e+00
4.9628029650e+04 9.1066268000e+00 2.3289968522e+00 3.4894123217e+00 7.4142192564e-02 1.4531869743e-01 2.1836781548e+00 2.4743155497e+00
4.9629149267e+04 9.4395710000e+00 2.3322055951e+00 3.4918916069e+00 7.4178129209e-02 1.4538913325e-01 2.1868164618e+00 2.4775947283e+00
4.9629257776e+04 8.7112061000e+00 2.3350829070e+00 3.4937301977e+00 7.4200446239e-02 1.4543287463e-01 2.1896500324e+00 2.4805157816e+00
4.9629889044e+04 8.6000375000e+00 2.3379075033e+00 3.4954732122e+00 7.4220727570e-02 1.4547262604e-01 2.1924348773e+00 2.4833801293e+00
4.9629989968e+04 7.8253108000e+00 2.3403804205e+00 3.4966252358e+00 7.4228457620e-02 1.4548777693e-01 2.1948926436e+00 2.4858681974e+00
4.9631721381e+04 8.7738381000e+00 2.3432783744e+00 3.4985016281e+00 7.4251561823e-02 1.4553306117e-01 2.1977453132e+00 2.4888114356e+00
4.9631957765e+04 8.2790050000e+00 2.3459509213e+00 3.4999795303e+00 7.4266203811e-02 1.4556175947e-01 2.2003891618e+00 2.4915126808e+00
4.9632838677e+04 8.3162512000e+00 2.3486378251e+00 3.5014819215e+00 7.4281362487e-02 1.4559147048e-01 2.2030463546e+00 2.4942292956e+00
4.9634134879e+04 8.8741353000e+00 2.3515732716e+00 3.5034275442e+00 7.4305918818e-02 1.4563960088e-01 2.2059336707e+00 2.4972128725e+00
4.9634590276e+04 6.8617874000e+00 2.3536012455e+00 3.5039443020e+00 7.4300169180e-02 1.4562833159e-01 2.2079729140e+00 2.4992295771e+00
4.9634620505e+04 7.9755218000e+00 2.3561279514e+00 3.5051824078e+00 7.4309718427e-02 1.4564704812e-01 2.2104809033e+00 2.5017749995e+00
4.9634867764e+04 6.1809519000e+00 2.3578462012e+00 3.5053317715e+00 7.4296191032e-02 1.4562053442e-01 2.2122256667e+00 2.5034667356e+00
4.9636277617e+04 6.5909148000e+00 2.3597469953e+00 3.5056915842e+00 7.4287132967e-02 1.4560278062e-01 2.2141442147e+00 2.5053497759e+00
4.9636415920e+04 5.3378960000e+00 2.3610836870e+00 3.5054720061e+00 7.4265807926e-02 1.4556098353e-01 2.2155227034e+00 2.5066446705e+00
4.9636547510e+04 3.9495010000e+00 2.3617963013e+00 3.5048466438e+00 7.4235901306e-02 1.4550236656e-01 2.2162939347e+00 2.5072986679e+00
4.9637261799e+04 3.7715378000e+00 2.3624284724e+00 3.5041874701e+00 7.4205295840e-02 1.4544237985e-01 2.2169860925e+00 2.5078708522e+00
4.9638168918e+04 3.7326106000e+00 2.3630426284e+00 3.5035217322e+00 7.4174568851e-02 1.4538215495e-01 2.2176604735e+00 2.5084247834e+00
4.9638865496e+04 3.6180661000e+00 2.3636049149e+00 3.5028371398e+00 7.4143460269e-02 1.4532118213e-01 2.2182837328e+00 2.5089260970e+00
4.9638886581e+04 2.8661361000e+00 2.3638299625e+00 3.5020685056e+00 7.4110590853e-02 1.4525675807e-01 2.2185732044e+00 2.5090867205e+00
4.9640023807e+04 2.9171515000e+00 2.3640776444e+00 3.5013038178e+00 7.4077823364e-02 1.4519253379e-01 2.2188851107e+00 2.5092701782e+00
4.9640343773e+04 2.3166737000e+00 2.3640564346e+00 3.5005202336e+00 7.4044674542e-02 1.4512756210e-01 2.2189288725e+00 2.5091839967e+00
4.9641345172e+04 2.5461867000e+00 2.3641378882e+00 3.4997391503e+00 7.4011597144e-02 1.4506273040e-01 2.2190751578e+00 2.5092006186e+00
4.9642057150e+04 2.5051677000e+00 2.3642009324e+00 3.4989577435e+00 7.3978531395e-02 1.4499792153e-01 2.2192030109e+00 2.5091988539e+00
4.9642773143e+04 2.5280465000e+00 2.3642741431e+00 3.4981773051e+00 7.3945504588e-02 1.4493318899e-01 2.2193409541e+00 2.5092073321e+00
4.9643036315e+04 1.9757751000e+00 2.3641006286e+00 3.4974053097e+00 7.3912674657e-02 1.4486884233e-01 2.2192317863e+00 2.5089694709e+00
4.9645269023e+04 3.3581903000e+00 2.3645444186e+00 3.4966872590e+00 7.3881002859e-02 1.4480676560e-01 2.2197376530e+00 2.5093511842e+00
4.9645619848e+04 2.9454508000e+00 2.3648036361e+00 3.4959281884e+00 7.3848482369e-02 1.4474302544e-01 2.2200606107e+00 2.5095466615e+00
4.9647601808e+04 4.1139317000e+00 2.3655838003e+00 3.4953432304e+00 7.3819657221e-02 1.4468652815e-01 2.2208972721e+00 2.5102703284e+00
4.9648226767e+04 3.1123499000e+00 2.3659167321e+00 3.4945991856e+00 7.3787489524e-02 1.4462347947e-01 2.2212932526e+00 2.5105402116e+00
4.9649073457e+04 3.0064922000e+00 2.3662021935e+00 3.4938462548e+00 7.3755152249e-02 1.4456009841e-01 2.2216420951e+00 2.5107622919e+00
4.9649357493e+04 2.3485081000e+00 2.3661943120e+00 3.4930677018e+00 7.3722292275e-02 1.4449569286e-01 2.2216986191e+00 2.5106900048e+00
4.9650628031e+04 2.6015973000e+00 2.3662991219e+00 3.4922931799e+00 7.3689535651e-02 1.4443148988e-01 2.2218676320e+00 2.5107306117e+00
4.9650647246e+04 1.7519198000e+00 2.3660256998e+00 3.4915396914e+00 7.3657240979e-02 1.4436819232e-01 2.2216575075e+00 2.5103938921e+00
4.9651614596e+04 1.9340340000e+00 2.3658335327e+00 3.4907745567e+00 7.3624718687e-02 1.4430444863e-01 2.2215290841e+00 2.5101379813e+00
4.9653088829e+04 2.6058589000e+00 2.3659402581e+00 3.4900017209e+00 7.3592052112e-02 1.4424042214e-01 2.2216998359e+00 2.5101806802e+00
4.9653839219e+04 2.5013270000e+00 2.3660004300e+00 3.4892269007e+00 7.3559361862e-02 1.4417634925e-01 2.2218240807e+00 2.5101767792e+00
4.9654701179e+04 2.5277996000e+00 2.3660723088e+00 3.4884530969e+00 7.3526711192e-02 1.4411235394e-01 2.2219599548e+00 2.5101846627e+00
4.9654984821e+04 2.0173571000e+00 2.3659174619e+00 3.4876858812e+00 7.3494217477e-02 1.4404866625e-01 2.2218687956e+00 2.5099661281e+00
4.9656726295e+04 3.0046726000e+00 2.3662009750e+00 3.4869373984e+00 7.3462136473e-02 1.4398578749e-01 2.2222151875e+00 2.5101867625e+00
4.9657854458e+04 3.2759712000e+00 2.3666045998e+00 3.4862161118e+00 7.3430646157e-02 1.4392406647e-01 2.2226805333e+00 2.5105286662e+00
4.9658290942e+04 2.9631821000e+00 2.3668691574e+00 3.4854653172e+00 7.3398552030e-02 1.4386116198e-01 2.2230079954e+00 2.5107303194e+00
4.9660182708e+04 3.6094440000e+00 2.3674199441e+00 3.4847905562e+00 7.3368076535e-02 1.4380143001e-01 2.2236185141e+00 2.5112213742e+00
4.9660788098e+04 3.0716832000e+00 2.3677319793e+00 3.4840496557e+00 7.3336225970e-02 1.4373900290e-01 2.2239929764e+00 2.5114709822e+00
4.9661339243e+04 2.8389099000e+00 2.3679406497e+00 3.4832918452e+00 7.3304037250e-02 1.4367591301e-01 2.2242647367e+00 2.5116165627e+00
4.9662090817e+04 2.4442557000e+00 2.3679744324e+00 3.4825208074e+00 7.3271588076e-02 1.4361231263e-01 2.2243621198e+00 2.5115867450e+00
4.9663151071e+04 2.8009741000e+00 2.3681660252e+00 3.4817618200e+00 7.3239410334e-02 1.4354924425e-01 2.2246167809e+00 2.5117152694e+00
4.9663553877e+04 2.4506108000e+00 2.3682024890e+00 3.4809918651e+00 7.3207019759e-02 1.4348575873e-01 2.2247167303e+00 2.5116882478e+00
4.9664799113e+04 2.9032951000e+00 2.3684390463e+00 3.4802401671e+00 7.3175030954e-02 1.4342306067e-01 2.2250159857e+00 2.5118621070e+00
4.9664866323e+04 1.8123689000e+00 2.3681933238e+00 3.4794904245e+00 7.3143100966e-02 1.4336047789e-01 2.2248328459e+00 2.5115538017e+00
4.9667366100e+04 3.5407869000e+00 2.3687112538e+00 3.4788088126e+00 7.3112620526e-02 1.4330073623e-01 2.2254105176e+00 2.5120119900e+00
4.9669501664e+04 4.9258381000e+00 2.3698402281e+00 3.4784552541e+00 7.3089050149e-02 1.4325453829e-01 2.2265856898e+00 2.5130947664e+00
4.9670128908e+04 3.5724221000e+00 2.3703709350e+00 3.4777790158e+00 7.3058715106e-02 1.4319508161e-01 2.2271758534e+00 2.5135660166e+00
4.9670924282e+04 2.6841260000e+00 2.3705093360e+00 3.4770177900e+00 7.3026612040e-02 1.4313215960e-01 2.2273771764e+00 2.5136414956e+00
4.9671245974e+04 1.9667513000e+00 2.3703313122e+00 3.4762611629e+00 7.2994623248e-02 1.4306946157e-01 2.2272618506e+00 2.5134007738e+00
4.9672546319e+04 2.5247547000e+00 2.3703993701e+00 3.4754962182e+00 7.2962477490e-02 1.4300645588e-01 2.2273929142e+00 2.5134058260e+00
4.9672747122e+04 1.9162954000e+00 2.3701993243e+00 3.4747433346e+00 7.2930602585e-02 1.4294398107e-01 2.2272553433e+00 2.5131433054e+00
4.9674377142e+04 2.6691275000e+00 2.3703309528e+00 3.4739835489e+00 7.2898600424e-02 1.4288125683e-01 2.2274496959e+00 2.5132122096e+00
4.9674560701e+04 2.0985482000e+00 2.3702113301e+00 3.4732232853e+00 7.2866605855e-02 1.4281854748e-01 2.2273927826e+00 2.5130298775e+00
4.9675280820e+04 1.7310152000e+00 2.3699301175e+00 3.4724847182e+00 7.2835083978e-02 1.4275676460e-01 2.2271733529e+00 2.5126868821e+00
4.9676323914e+04 2.0215663000e+00 2.3697769232e+00 3.4717284618e+00 7.2803208539e-02 1.4269428874e-01 2.2270826345e+00 2.5124712120e+00
4.9678917186e+04 3.8704956000e+00 2.3704365798e+00 3.4711075652e+00 7.2774188544e-02 1.4263740955e-01 2.2277991702e+00 2.5130739893e+00
4.9679374308e+04 3.4909851000e+00 2.3709289122e+00 3.4704240500e+00 7.2743872264e-02 1.4257798964e-01 2.2283509225e+00 2.5135069018e+00
4.9680406851e+04 3.5741588000e+00 2.3714573399e+00 3.4697531550e+00 7.2713837286e-02 1.4251912108e-01 2.2289382188e+00 2.5139764610e+00
4.9680587997e+04 2.6047770000e+00 2.3715597629e+00 3.4689946009e+00 7.2681982378e-02 1.4245668546e-01 2.2291030774e+00 2.5140164484e+00
4.9681245289e+04 1.9191215000e+00 2.3713612380e+00 3.4682460483e+00 7.2650354454e-02 1.4239469473e-01 2.2289665433e+00 2.5137559327e+00
4.9682222697e+04 1.9646654000e+00 2.3711828626e+00 3.4674955069e+00 7.2618702252e-02 1.4233265641e-01 2.2288502062e+00 2.5135155190e+00
4.9683538301e+04 2.4602447000e+00 2.3712219077e+00 3.4667355091e+00 7.2586869422e-02 1.4227026407e-01 2.2289516436e+00 2.5134921718e+00
4.9684586042e+04 2.7722136000e+00 2.3713976271e+00 3.4659856704e+00 7.2555266697e-02 1.4220832273e-01 2.2291893044e+00 2.5136059499e+00
4.9685301805e+04 2.5581868000e+00 2.3714794445e+00 3.4652283730e+00 7.2523525196e-02 1.4214610938e-01 2.2293333352e+00 2.5136255539e+00
4.9685978385e+04 2.4896333000e+00 2.3715311757e+00 3.4644702517e+00 7.2491783835e-02 1.4208389632e-01 2.2294472793e+00 2.5136150720e+00
4.9687057472e+04 2.8454000000e+00 2.3717385581e+00 3.4637259267e+00 7.2460348457e-02 1.4202228297e-01 2.2297162751e+00 2.5137608410e+00
4.9688118334e+04 3.1099456000e+00 2.3720614833e+00 3.4630023209e+00 7.2429363648e-02 1.4196155275e-01 2.2300999305e+00 2.5140230360e+00
4.9689291679e+04 3.4761351000e+00 2.3725442439e+00 3.4623217401e+00 7.2399295534e-02 1.4190261925e-01 2.2306416247e+00 2.5144468632e+00
4.9689869044e+04 2.9595795000e+00 2.3728008153e+00 3.4615864462e+00 7.2368100189e-02 1.4184147637e-01 2.2309593389e+00 2.5146422917e+00
4.9690938301e+04 3.0146522000e+00 2.3730812222e+00 3.4608558888e+00 7.2337020932e-02 1.4178056103e-01 2.2313006612e+00 2.5148617832e+00
4.9691437073e+04 2.5394172000e+00 2.3731538580e+00 3.4601015759e+00 7.2305462282e-02 1.4171870607e-01 2.2314351519e+00 2.5148725641e+00
4.9692503251e+04 2.7939059000e+00 2.3733375123e+00 3.4593571765e+00 7.2274127973e-02 1.4165729083e-01 2.2316802215e+00 2.5149948031e+00
4.9693670515e+04 3.1142098000e+00 2.3736607550e+00 3.4586367115e+00 7.2243310717e-02 1.4159688901e-01 2.2320638660e+00 2.5152576440e+00
4.9694680695e+04 3.3458597000e+00 2.3740847406e+00 3.4579417035e+00 7.2213041966e-02 1.4153756225e-01 2.2325471783e+00 2.5156223029e+00
4.9695590130e+04 3.2738244000e+00 2.3744769549e+00 3.4572386146e+00 7.2182621126e-02 1.4147793741e-01 2.2329990175e+00 2.5159548923e+00
4.9696947503e+04 3.6997391000e+00 2.3750544112e+00 3.4565956453e+00 7.2153471918e-02 1.4142080496e-01 2.2336336062e+00 2.5164752162e+00
4.9697962880e+04 3.5956546000e+00 2.3755860315e+00 3.4559363340e+00 7.2123997782e-02 1.4136303565e-01 2.2342229958e+00 2.5169490671e+00
4.9699523526e+04 4.0971408000e+00 2.3763355111e+00 3.4553702815e+00 7.2096485750e-02 1.4130911207e-01 2.2350263991e+00 2.5176446232e+00
4.9701074461e+04 4.4346626000e+00 2.3772312148e+00 3.4548847633e+00 7.2070669095e-02 1.4125851143e-01 2.2359727034e+00 2.5184897263e+00
4.9702458437e+04 4.6992295000e+00 2.3782412184e+00 3.4544722829e+00 7.2046390356e-02 1.4121092510e-01 2.2370302933e+00 2.5194521435e+00
4.9703503960e+04 4.3372507000e+00 2.3790929617e+00 3.4539623505e+00 7.2020093568e-02 1.4115938339e-01 2.2379335783e+00 2.5202523451e+00
4.9704175990e+04 3.6672514000e+00 2.3796527872e+00 3.4533157769e+00 7.1990963069e-02 1.4110228762e-01 2.2385504996e+00 2.5207550748e+00
4.9705099426e+04 3.1060743000e+00 2.3799683482e+00 3.4525984833e+00 7.1960374652e-02 1.4104233432e-01 2.2389260139e+00 2.5210106825e+00
4.9705885631e+04 2.7919717000e+00 2.3801472468e+00 3.4518591608e+00 7.1929343878e-02 1.4098151400e-01 2.2391657328e+00 2.5211287608e+00
4.9707601315e+04 3.6084604000e+00 2.3806803688e+00 3.4512044843e+00 7.1900093423e-02 1.4092418311e-01 2.2397561857e+00 2.5216045519e+00
4.9708359151e+04 3.5013258000e+00 2.3811665490e+00 3.4505343598e+00 7.1870537283e-02 1.4086625308e-01 2.2403002959e+00 2.5220328021e+00
4.9709225650e+04 3.6184276000e+00 2.3817030889e+00 3.4498819612e+00 7.1841366473e-02 1.4080907829e-01 2.2408940107e+00 2.5225121672e+00
4.9709932892e+04 2.9154744000e+00 2.3819344593e+00 3.4491517522e+00 7.1810591692e-02 1.4074875972e-01 2.2411856995e+00 2.5226832190e+00
4.9710754725e+04 2.5913382000e+00 2.3820251888e+00 3.4484068842e+00 7.1779528490e-02 1.4068787584e-01 2.2413373129e+00 2.5227130646e+00
4.9711054137e+04 2.0786542000e+00 2.3818938025e+00 3.4476655261e+00 7.1748555155e-02 1.4062716810e-01 2.2412666344e+00 2.5225209706e+00
4.9711684329e+04 1.8997860000e+00 2.3816850978e+00 3.4469334632e+00 7.1717791991e-02 1.4056687230e-01 2.2411182255e+00 2.5222519701e+00
4.9713995731e+04 3.3570899000e+00 2.3821071682e+00 3.4462469977e+00 7.1687994010e-02 1.4050846826e-01 2.2415987000e+00 2.5226156365e+00
4.9714965563e+04 3.5048803000e+00 2.3825927968e+00 3.4455803888e+00 7.1658625236e-02 1.4045090546e-01 2.2421418913e+00 2.5230437022e+00
4.9718207776e+04 5.6398312000e+00 2.3840010278e+00 3.4455005758e+00 7.1641473623e-02 1.4041728830e-01 2.2435837395e+00 2.5244183161e+00
4.9718249985e+04 4.3937965000e+00 2.3848695652e+00 3.4450089326e+00 7.1615771530e-02 1.4036691220e-01 2.2445026530e+00 2.5252364774e+00
4.9719448287e+04 4.7043370000e+00 2.3858714949e+00 3.4446016702e+00 7.1591837640e-02 1.4032000177e-01 2.2455514932e+00 2.5261914967e+00
4.9720090956e+04 4.1662164000e+00 2.3866402104e+00 3.4440562224e+00 7.1565046028e-02 1.4026749021e-01 2.2463727201e+00 2.5269077006e+00
4.9720923819e+04 3.3675056000e+00 2.3870635446e+00 3.4433728758e+00 7.1535404497e-02 1.4020939281e-01 2.2468541518e+00 2.5272729374e+00
4.9721561824e+04 2.5960204000e+00 2.3871536899e+00 3.4426324631e+00 7.1504593805e-02 1.4014900386e-01 2.2470046860e+00 2.5273026938e+00
4.9722449294e+04 2.5359731000e+00 2.3872178639e+00 3.4418911830e+00 7.1473781716e-02 1.4008861216e-01 2.2471292517e+00 2.5273064760e+00
4.9722510599e+04 1.8262802000e+00 2.3869760804e+00 3.4411686940e+00 7.1443376363e-02 1.4002901767e-01 2.2469470627e+00 2.5270050981e+00
4.9724284654e+04 2.8291324000e+00 2.3871665829e+00 3.4404392191e+00 7.1412842424e-02 1.3996917115e-01 2.2471974117e+00 2.5271357540e+00
4.9725522799e+04 3.2113461000e+00 2.3875215267e+00 3.4397404899e+00 7.1382962998e-02 1.3991060748e-01 2.2476109192e+00 2.5274321342e+00
4.9726368996e+04 3.1568652000e+00 2.3878527121e+00 3.4390367541e+00 7.1352995871e-02 1.3985187191e-01 2.2480008402e+00 2.5277045840e+00
4.9727705582e+04 3.6583700000e+00 2.3883994063e+00 3.4383974220e+00 7.1324380904e-02 1.3979578657e-01 2.2486036197e+00 2.5281951929e+00
4.9728368940e+04 3.2497104000e+00 2.3887698626e+00 3.4377039729e+00 7.1294659213e-02 1.3973753206e-01 2.2490323306e+00 2.5285073947e+00
4.9729307685e+04 3.0345253000e+00 2.3890474875e+00 3.4369906717e+00 7.1264541976e-02 1.3967850227e-01 2.2493689852e+00 2.5287259898e+00
4.9729624622e+04 2.3274030000e+00 2.3890209965e+00 3.4362520098e+00 7.1233915244e-02 1.3961847388e-01 2.2494025226e+00 2.5286394704e+00
4.9731175211e+04 2.9852864000e+00 2.3892771243e+00 3.4355358037e+00 7.1203770372e-02 1.3955938993e-01 2.2497177343e+00 2.5288365142e+00
4.9731214888e+04 2.0865474000e+00 2.3891471416e+00 3.4348035773e+00 7.1173309768e-02 1.3949968715e-01 2.2496474544e+00 2.5286468287e+00
4.9732459022e+04 2.5807530000e+00 2.3892293758e+00 3.4340683925e+00 7.1142804233e-02 1.3943989630e-01 2.2497894795e+00 2.5286692721e+00
4.9732735475e+04 1.9011116000e+00 2.3890199731e+00 3.4333462678e+00 7.1112585568e-02 1.3938066771e-01 2.2496393054e+00 2.5284006408e+00
4.9734246815e+04 2.6476654000e+00 2.3891308845e+00 3.4326139121e+00 7.1082171272e-02 1.3932105569e-01 2.2498098288e+00 2.5284519402e+00
4.9735287354e+04 2.9327167000e+00 2.3893638832e+00 3.4318962972e+00 7.1052078468e-02 1.3926207380e-01 2.2501018094e+00 2.5286259570e+00
4.9736676564e+04 3.4365260000e+00 2.3898125387e+00 3.4312291400e+00 7.1023046246e-02 1.3920517064e-01 2.2506073681e+00 2.5290177094e+00
4.9737473280e+04 3.2845322000e+00 2.3901957163e+00 3.4305439550e+00 7.0993656644e-02 1.3914756702e-01 2.2510481493e+00 2.5293432833e+00
4.9738502794e+04 3.3521652000e+00 2.3906075183e+00 3.4298670090e+00 7.0964453345e-02 1.3909032856e-01 2.2515171898e+00 2.5296978469e+00
4.9739263548e+04 3.1969884000e+00 2.3909525679e+00 3.4291733506e+00 7.0934920086e-02 1.3903244337e-01 2.2519201245e+00 2.5299850113e+00
4.9740026359e+04 2.9255114000e+00 2.3911812073e+00 3.4284574191e+00 7.0904942072e-02 1.3897368646e-01 2.2522075208e+00 2.5301548937e+00
4.9740267277e+04 2.1033114000e+00 2.3910581334e+00 3.4277293034e+00 7.0874728190e-02 1.3891446725e-01 2.2521436661e+00 2.5299726006e+00
4.9741592677e+04 2.4611970000e+00 2.3910881073e+00 3.4269967978e+00 7.0844439708e-02 1.3885510183e-01 2.2522330054e+00 2.5299432091e+00
4.9741842187e+04 1.9596835000e+00 2.3909038251e+00 3.4262760519e+00 7.0814410452e-02 1.3879624449e-01 2.2521075806e+00 2.5297000696e+00
4.9742429018e+04 1.7333185000e+00 2.3906230457e+00 3.4255711145e+00 7.0784723912e-02 1.3873805887e-01 2.2518849868e+00 2.5293611046e+00
4.9743634371e+04 2.1506808000e+00 2.3905206376e+00 3.4248432876e+00 7.0754580393e-02 1.3867897757e-01 2.2518416600e+00 2.5291996151e+00
4.9745200066e+04 2.9383335000e+00 2.3907543461e+00 3.4241310296e+00 7.0724774529e-02 1.3862055808e-01 2.2521337880e+00 2.5293749042e+00
4.9745714615e+04 2.5565480000e+00 2.3908250470e+00 3.4234022596e+00 7.0694643615e-02 1.3856150149e-01 2.2522635456e+00 2.5293865485e+00
4.9747185073e+04 3.1756639000e+00 2.3911595905e+00 3.4227105851e+00 7.0665294635e-02 1.3850397748e-01 2.2526556130e+00 2.5296635679e+00
4.9747914063e+04 3.1475789000e+00 2.3914818824e+00 3.4220166349e+00 7.0635914398e-02 1.3844639222e-01 2.2530354902e+00 2.5299282747e+00
4.9749010840e+04 3.4375742000e+00 2.3919274073e+00 3.4213556200e+00 7.0607229575e-02 1.3839016997e-01 2.2535372373e+00 2.5303175772e+00
4.9750079392e+04 3.3712946000e+00 2.3923443367e+00 3.4206866344e+00 7.0578395708e-02 1.3833365559e-01 2.2540106811e+00 2.5306779923e+00
4.9750964410e+04 3.1400466000e+00 2.3926625079e+00 3.4199932072e+00 7.0549073119e-02 1.3827618331e-01 2.2543863246e+00 2.5309386912e+00
4.9751394638e+04 2.7126841000e+00 2.3927986293e+00 3.4192718389e+00 7.0519189941e-02 1.3821761228e-01 2.2545810171e+00 2.5310162416e+00
4.9752022914e+04 2.0473844000e+00 2.3926517696e+00 3.4185519827e+00 7.0489353837e-02 1.3815913352e-01 2.2544926360e+00 2.5308109031e+00
4.9753326981e+04 2.5115435000e+00 2.3927022973e+00 3.4178260509e+00 7.0459408352e-02 1.3810044037e-01 2.2546018569e+00 2.5308027376e+00
4.9753641069e+04 2.0063361000e+00 2.3925381655e+00 3.4171089789e+00 7.0429661381e-02 1.3804213631e-01 2.2544960292e+00 2.5305803018e+00
4.9754173901e+04 1.7790132000e+00 2.3922776454e+00 3.4164064753e+00 7.0400230422e-02 1.3798445163e-01 2.2542931937e+00 2.5302620970e+00
4.9756760294e+04 3.5368072000e+00 2.3927634389e+00 3.4157624011e+00 7.0372018904e-02 1.3792915705e-01 2.2548342818e+00 2.5306925959e+00
4.9757701597e+04 3.7215176000e+00 2.3933271869e+00 3.4151470429e+00 7.0344414010e-02 1.3787505146e-01 2.2554521355e+00 2.5312022384e+00
4.9759216432e+04 4.3943883000e+00 2.3941758134e+00 3.4146710561e+00 7.0319694122e-02 1.3782660048e-01 2.2563492129e+00 2.5320024138e+00
4.9759486761e+04 3.1801774000e+00 2.3945090061e+00 3.4139852579e+00 7.0290668061e-02 1.3776970940e-01 2.2567392967e+00 2.5322787155e+00
4.9760110839e+04 2.7020738000e+00 2.3946393301e+00 3.4132674418e+00 7.0260998382e-02 1.3771155683e-01 2.2569277733e+00 2.5323508870e+00
4.9760876055e+04 2.5408123000e+00 2.3947012416e+00 3.4125455407e+00 7.0231260355e-02 1.3765327030e-01 2.2570479713e+00 2.5323545119e+00
4.9761766041e+04 2.6633904000e+00 2.3948149965e+00 3.4118272508e+00 7.0201612373e-02 1.3759516025e-01 2.2572198363e+00 2.5324101568e+00
4.9761931352e+04 2.1036107000e+00 2.3946917615e+00 3.4111101996e+00 7.0172005569e-02 1.3753713092e-01 2.2571546306e+00 2.5322288924e+00
4.9762638604e+04 1.8222094000e+00 2.3944495947e+00 3.4104086648e+00 7.0142733562e-02 1.3747975778e-01 2.2569698369e+00 2.5319293525e+00
4.9763406215e+04 1.7374786000e+00 2.3941718057e+00 3.4097140174e+00 7.0113618695e-02 1.3742269264e-01 2.2567491131e+00 2.5315944984e+00
4.9765133369e+04 2.7045228000e+00 2.3943029769e+00 3.4089990397e+00 7.0084101310e-02 1.3736483857e-01 2.2569381383e+00 2.5316678154e+00
4.9765411388e+04 2.1471933000e+00 2.3941985790e+00 3.4082823325e+00 7.0054563978e-02 1.3730694540e-01 2.2568916336e+00 2.5315055244e+00
4.9768302407e+04 4.0954097000e+00 2.3949169959e+00 3.4077415511e+00 7.0028657499e-02 1.3725616870e-01 2.2576608272e+00 2.5321731646e+00
4.9768425657e+04 3.4074282000e+00 2.3953443962e+00 3.4070854158e+00 7.0000395075e-02 1.3720077435e-01 2.2581436218e+00 2.5325451705e+00
4.9769546420e+04 3.7434454000e+00 2.3959132151e+00 3.4064787505e+00 6.9973163866e-02 1.3714740118e-01 2.2587658140e+00 2.5330606163e+00
4.9770251247e+04 3.3496590000e+00 2.3963154698e+00 3.4058163075e+00 6.9944801761e-02 1.3709181145e-01 2.2592236583e+00 2.5334072813e+00
4.9770764231e+04 2.5710212000e+00 2.3963891231e+00 3.4050998969e+00 6.9915346632e-02 1.3703407940e-01 2.2593550437e+00 2.5334232025e+00
4.9771632565e+04 2.5023596000e+00 2.3964337799e+00 3.4043827461e+00 6.9885891831e-02 1.3697634799e-01 2.2594574319e+00 2.5334101279e+00
4.9772034524e+04 2.1647882000e+00 2.3963362038e+00 3.4036686733e+00 6.9856515714e-02 1.3691877080e-01 2.2594174330e+00 2.5332549746e+00
4.9772759503e+04 2.0677331000e+00 2.3961978446e+00 3.4029584116e+00 6.9827233267e-02 1.3686137720e-01 2.2593364674e+00 2.5330592218e+00
4.9774003547e+04 2.5630007000e+00 2.3962680479e+00 3.4022436441e+00 6.9797873805e-02 1.3680383266e-01 2.2594642152e+00 2.5330718805e+00
4.9774269613e+04 1.9771500000e+00 2.3960917256e+00 3.4015384666e+00 6.9768726485e-02 1.3674670391e-01 2.2593450217e+00 2.5328384295e+00
4.9775015086e+04 1.8984979000e+00 2.3958824767e+00 3.4008381822e+00 6.9739694855e-02 1.3668980192e-01 2.2591926748e+00 2.5325722786e+00
4.9776740310e+04 2.8421629000e+00 2.3960700683e+00 3.4001353502e+00 6.9710626281e-02 1.3663282751e-01 2.2594372408e+00 2.5327028958e+00
4.9777796487e+04 3.1164972000e+00 2.3963727688e+00 3.3994527222e+00 6.9681987142e-02 1.3657669480e-01 2.2597960740e+00 2.5329494636e+00
4.9778152535e+04 2.5516487000e+00 2.3964379834e+00 3.3987399655e+00 6.9652745661e-02 1.3651938150e-01 2.2599186019e+00 2.5329573649e+00
4.9779405449e+04 2.9055311000e+00 2.3966517084e+00 3.3980421728e+00 6.9623826134e-02 1.3646269922e-01 2.2601890092e+00 2.5331144077e+00
4.9779762514e+04 2.2125527000e+00 2.3965744533e+00 3.3973309152e+00 6.9594645982e-02 1.3640550612e-01 2.2601689472e+00 2.5329799594e+00
4.9780630829e+04 2.1688317000e+00 2.3964789236e+00 3.3966212153e+00 6.9565513037e-02 1.3634840555e-01 2.2601305181e+00 2.5328273292e+00
4.9781746420e+04 2.4192878000e+00 2.3964884871e+00 3.3959087940e+00 6.9536339646e-02 1.3629122571e-01 2.2601972614e+00 2.5327797128e+00
4.9782096596e+04 1.9610311000e+00 2.3963059819e+00 3.3952084877e+00 6.9507429560e-02 1.3623456194e-01 2.2600714200e+00 2.5325405438e+00
4.9782803618e+04 1.9025267000e+00 2.3960991200e+00 3.3945119669e+00 6.9478612121e-02 1.3617807976e-01 2.2599210403e+00 2.5322771998e+00
4.9784224579e+04 2.5797620000e+00 2.3961760308e+00 3.3938029312e+00 6.9449553699e-02 1.3612112525e-01 2.2600549055e+00 2.5322971560e+00
4.9784454380e+04 2.0610277000e+00 2.3960357427e+00 3.3930991870e+00 6.9420618749e-02 1.3606441275e-01 2.2599713299e+00 2.5321001554e+00
4.9786256797e+04 3.0408559000e+00 2.3963055419e+00 3.3924145928e+00 6.9392090664e-02 1.3600849770e-01 2.2602970442e+00 2.5323140396e+00
4.9788040444e+04 3.9669642000e+00 2.3969624464e+00 3.3918568438e+00 6.9366171632e-02 1.3595769640e-01 2.2610047500e+00 2.5329201428e+00
4.9788269107e+04 3.2423477000e+00 2.3973158683e+00 3.3911915068e+00 6.9338066672e-02 1.3590261068e-01 2.2614132576e+00 2.5332184790e+00
4.9789577688e+04 3.6538647000e+00 2.3978409618e+00 3.3905798321e+00 6.9311073467e-02 1.3584970400e-01 2.2619912579e+00 2.5336906658e+00
4.9789903992e+04 2.3255562000e+00 2.3978107677e+00 3.3898716428e+00 6.9282122001e-02 1.3579295912e-01 2.2620178086e+00 2.5336037268e+00
4.9790728949e+04 2.0678665000e+00 2.3976730039e+00 3.3891702787e+00 6.9253325110e-02 1.3573651721e-01 2.2619364867e+00 2.5334095211e+00
4.9792210204e+04 2.7518172000e+00 2.3978208104e+00 3.3884703743e+00 6.9224573081e-02 1.3568016324e-01 2.2621406471e+00 2.5335009736e+00
4.9793108988e+04 2.8797444000e+00 2.3980218632e+00 3.3877774850e+00 6.9195979346e-02 1.3562411952e-01 2.2623977436e+00 2.5336459827e+00
4.9793819657e+04 2.8019783000e+00 2.3981903187e+00 3.3870807821e+00 6.9167322673e-02 1.3556795244e-01 2.2626223663e+00 2.5337582712e+00
4.9794164597e+04 2.1874857000e+00 2.3981024885e+00 3.3863772094e+00 6.9138540694e-02 1.3551153976e-01 2.2625909488e+00 2.5336140283e+00
4.9794732461e+04 1.8498633000e+00 2.3978740555e+00 3.3856898338e+00 6.9110104334e-02 1.3545580449e-01 2.2624182510e+00 2.5333298600e+00
4.9796626351e+04 2.8981986000e+00 2.3980824373e+00 3.3849998019e+00 6.9081628611e-02 1.3539999208e-01 2.2626824452e+00 2.5334824294e+00
4.9797696133e+04 3.2364594000e+00 2.3984314701e+00 3.3843380279e+00 6.9053744310e-02 1.3534533885e-01 2.2630861313e+00 2.5337768090e+00
4.9798584993e+04 3.2681940000e+00 2.3987934188e+00 3.3836799709e+00 6.9025950435e-02 1.3529086285e-01 2.2635025559e+00 2.5340842816e+00
4.9799656858e+04 3.2868201000e+00 2.3991628142e+00 3.3830243068e+00 6.8998219914e-02 1.3523651103e-01 2.2639263032e+00 2.5343993253e+00
4.9799699389e+04 2.1502832000e+00 2.3990593300e+00 3.3823244153e+00 6.8969602061e-02 1.3518042004e-01 2.2638789099e+00 2.5342397500e+00
4.9801113437e+04 2.5761990000e+00 2.3991329541e+00 3.3816230838e+00 6.8940969728e-02 1.3512430067e-01 2.2640086534e+00 2.5342572548e+00
4.9801659825e+04 2.3749797000e+00 2.3991229195e+00 3.3809202986e+00 6.8912322641e-02 1.3506815238e-01 2.2640547671e+00 2.5341910719e+00
4.9802757448e+04 2.7226443000e+00 2.3992572723e+00 3.3802243425e+00 6.8883829590e-02 1.3501230600e-01 2.2642449663e+00 2.5342695783e+00
4.9803109654e+04 2.3289592000e+00 2.3992280908e+00 3.3795226991e+00 6.8855235467e-02 1.3495626152e-01 2.2642718293e+00 2.5341843523e+00
4.9803695444e+04 2.1353059000e+00 2.3991185795e+00 3.3788254647e+00 6.8826745987e-02 1.3490042213e-01 2.2642181574e+00 2.5340190017e+00
4.9805080060e+04 2.4645741000e+00 2.3991457282e+00 3.3781246538e+00 6.8798198448e-02 1.3484446896e-01 2.2643012593e+00 2.5339901972e+00
4.9805440699e+04 2.0627072000e+00 2.3990062430e+00 3.3774309605e+00 6.8769810633e-02 1.3478882884e-01 2.2642174141e+00 2.5337950718e+00
4.9806205778e+04 2.0587973000e+00 2.3988652529e+00 3.3767378566e+00 6.8741449538e-02 1.3473324109e-01 2.2641320118e+00 2.5335984940e+00
4.9808430465e+04 3.4541950000e+00 2.3993024235e+00 3.3761063866e+00 6.8714357586e-02 1.3468014087e-01 2.2646222826e+00 2.5339825644e+00
4.9808739856e+04 3.0132524000e+00 2.3995566471e+00 3.3754301484e+00 6.8686368819e-02 1.3462528288e-01 2.2649313642e+00 2.5341819300e+00
4.9809568759e+04 2.9344359000e+00 2.3997780375e+00 3.3747487666e+00 6.8658289937e-02 1.3457024828e-01 2.2652077892e+00 2.5343482858e+00
4.9809900765e+04 2.1192546000e+00 2.3996619748e+00 3.3740551005e+00 6.8629975748e-02 1.3451475247e-01 2.2651472224e+00 2.5341767273e+00
4.9810575998e+04 1.9144668000e+00 2.3994613151e+00 3.3733714688e+00 6.8601880268e-02 1.3445968533e-01 2.2650016298e+00 2.5339210005e+00
4.9812017935e+04 2.5918905000e+00 2.3995408642e+00 3.3726761110e+00 6.8573560922e-02 1.3440417941e-01 2.2651366848e+00 2.5339450436e+00
4.9812589035e+04 2.4265757000e+00 2.3995520356e+00 3.3719789618e+00 6.8545219793e-02 1.3434863079e-01 2.2652034048e+00 2.5339006664e+00
4.9813358064e+04 2.3637041000e+00 2.3995372285e+00 3.3712822786e+00 6.8516902771e-02 1.3429312943e-01 2.2652440991e+00 2.5338303580e+00
4.9813665701e+04 1.8711299000e+00 2.3993190587e+00 3.3706030426e+00 6.8488954883e-02 1.3423835157e-01 2.2650807071e+00 2.5335574103e+00
4.9815005474e+04 2.5051795000e+00 2.3993627485e+00 3.3699078262e+00 6.8460696802e-02 1.3418296573e-01 2.2651797828e+00 2.5335457143e+00
4.9815300939e+04 1.9993393000e+00 2.3991977224e+00 3.3692221472e+00 6.8432647012e-02 1.3412798814e-01 2.2650697342e+00 2.5333257105e+00
4.9816102132e+04 2.0023708000e+00 2.3990340824e+00 3.3685367387e+00 6.8404617195e-02 1.3407304970e-01 2.2649610327e+00 2.5331071321e+00
4.9819013538e+04 4.1611667000e+00 2.3997604355e+00 3.3680320621e+00 6.8380271194e-02 1.3402533154e-01 2.2657351039e+00 2.5337857670e+00
4.9819518071e+04 3.7972994000e+00 2.4003362653e+00 3.3674572785e+00 6.8354515061e-02 1.3397484952e-01 2.2663614158e+00 2.5343111148e+00
4.9820601471e+04 3.9251179000e+00 2.4009642643e+00 3.3669056046e+00 6.8329241433e-02 1.3392531321e-01 2.2670389511e+00 2.5348895775e+00
4.9821277110e+04 3.3727781000e+00 2.4013643524e+00 3.3662699113e+00 6.8302276342e-02 1.3387246163e-01 2.2674918907e+00 2.5352368140e+00
4.9822044535e+04 2.6580084000e+00 2.4014699672e+00 3.3655809319e+00 6.8274244278e-02 1.3381751879e-01 2.2676524484e+00 2.5352874860e+00
4.9822340276e+04 2.0155156000e+00 2.4013112036e+00 3.3648974557e+00 6.8246338253e-02 1.3376282298e-01 2.2675483806e+00 2.5350740266e+00
4.9823641623e+04 2.4449572000e+00 2.4013291501e+00 3.3642054199e+00 6.8218273024e-02 1.3370781513e-01 2.2676213350e+00 2.5350369653e+00
4.9823938218e+04 1.9879957000e+00 2.4011592638e+00 3.3635241289e+00 6.8190440049e-02 1.3365326250e-01 2.2675060013e+00 2.5348125263e+00
4.9824559417e+04 1.8947395000e+00 2.4009512031e+00 3.3628484878e+00 6.8162735912e-02 1.3359896239e-01 2.2673522407e+00 2.5345501655e+00
4.9826201687e+04 2.6616832000e+00 2.4010582799e+00 3.3621617600e+00 6.8134821355e-02 1.3354424986e-01 2.2675140300e+00 2.5346025297e+00
4.9826890728e+04 2.6286771000e+00 2.4011517195e+00 3.3614744691e+00 6.8106909723e-02 1.3348954306e-01 2.2676621764e+00 2.5346412625e+00
4.9828201425e+04 3.1671641000e+00 2.4014660454e+00 3.3608202472e+00 6.8079682290e-02 1.3343617729e-01 2.2680298681e+00 2.5349022227e+00
4.9829243522e+04 3.4167517000e+00 2.4018824874e+00 3.3601935249e+00 6.8053025835e-02 1.3338393064e-01 2.2684985568e+00 2.5352664181e+00
4.9830169377e+04 3.4263945000e+00 2.4023025416e+00 3.3595683480e+00 6.8026414463e-02 1.3333177235e-01 2.2689707692e+00 2.5356343139e+00
4.9830614137e+04 3.0220634000e+00 2.4025565419e+00 3.3589029826e+00 6.7999003267e-02 1.3327804640e-01 2.2692784955e+00 2.5358345883e+00
4.9831563991e+04 2.7849651000e+00 2.4027132025e+00 3.3582235283e+00 6.7971320994e-02 1.3322378915e-01 2.2694894134e+00 2.5359369917e+00
4.9832070332e+04 2.3339255000e+00 2.4026850339e+00 3.3575358676e+00 6.7943486846e-02 1.3316923422e-01 2.2695157997e+00 2.5358542682e+00
4.9832892261e+04 2.3933878000e+00 2.4026812283e+00 3.3568483464e+00 6.7915669761e-02 1.3311471273e-01 2.2695665156e+00 2.5357959410e+00
4.9833110220e+04 1.8513566000e+00 2.4024556454e+00 3.3561797629e+00 6.7888249976e-02 1.3306096995e-01 2.2693946754e+00 2.5355166153e+00
4.9833880869e+04 1.9100775000e+00 2.4022542637e+00 3.3555078456e+00 6.7860776825e-02 1.3300712258e-01 2.2692471411e+00 2.5352613863e+00
4.9835199405e+04 2.4039098000e+00 2.4022549406e+00 3.3548215776e+00 6.7833027583e-02 1.3295273406e-01 2.2693022065e+00 2.5352076746e+00
4.9835469406e+04 1.8983877000e+00 2.4020490283e+00 3.3541511904e+00 6.7805613553e-02 1.3289900256e-01 2.2691500258e+00 2.5349480309e+00
4.9837205146e+04 2.8542093000e+00 2.4022337343e+00 3.3534782077e+00 6.7778161096e-02 1.3284519575e-01 2.2693885386e+00 2.5350789301e+00
4.9838938522e+04 3.8250295000e+00 2.4028147044e+00 3.3529164133e+00 6.7752969479e-02 1.3279582018e-01 2.2700188842e+00 2.5356105246e+00
4.9839378812e+04 2.7831274000e+00 2.4029699341e+00 3.3522405972e+00 6.7725487384e-02 1.3274195527e-01 2.2702279788e+00 2.5357118894e+00
4.9840467038e+04 2.8455383000e+00 2.4031505005e+00 3.3515683135e+00 6.7698090676e-02 1.3268825772e-01 2.2704622428e+00 2.5358387583e+00
4.9840528781e+04 1.9689502000e+00 2.4029734205e+00 3.3508959974e+00 6.7670707304e-02 1.3263458632e-01 2.2703388342e+00 2.5356080068e+00
4.9841952879e+04 2.6919086000e+00 2.4030912090e+00 3.3502177064e+00 6.7643217274e-02 1.3258070586e-01 2.2705105031e+00 2.5356719148e+00
4.9842746396e+04 2.6759019000e+00 2.4032023788e+00 3.3495392805e+00 6.7615738535e-02 1.3252684753e-01 2.2706755312e+00 2.5357292263e+00
4.9843682700e+04 2.8645090000e+00 2.4033902837e+00 3.3488696824e+00 6.7588451965e-02 1.3247336585e-01 2.2709169179e+00 2.5358636496e+00
4.9844315706e+04 2.6477287000e+00 2.4034897700e+00 3.3481911907e+00 6.7560999851e-02 1.3241955971e-01 2.2710702103e+00 2.5359093297e+00
4.9845086688e+04 2.4513221000e+00 2.4035092378e+00 3.3475096253e+00 6.7533499704e-02 1.3236565942e-01 2.2711435784e+00 2.5358748972e+00
4.9845386415e+04 1.9189193000e+00 2.4033120897e+00 3.3468426039e+00 6.7506306896e-02 1.3231236152e-01 2.2709997282e+00 2.5356244513e+00
4.9847167054e+04 2.8877312000e+00 2.4035090882e+00 3.3461759823e+00 6.7479136006e-02 1.3225910657e-01 2.2712499816e+00 2.5357681947e+00
4.9847930365e+04 2.9153990000e+00 2.4037171735e+00 3.3455114324e+00 6.7452020721e-02 1.3220596061e-01 2.2715112129e+00 2.5359231341e+00
4.9849058723e+04 3.2601868000e+00 2.4040651904e+00 3.3448759191e+00 6.7425504557e-02 1.3215398893e-01 2.2719112015e+00 2.5362191793e+00
4.9850064857e+04 3.3802576000e+00 2.4044616942e+00 3.3442541204e+00 6.7399278351e-02 1.3210258557e-01 2.2723591087e+00 2.5365642798e+00
4.9850891308e+04 3.0581720000e+00 2.4047271065e+00 3.3436008122e+00 6.7372430667e-02 1.3204996411e-01 2.2726771423e+00 2.5367770706e+00
4.9851227269e+04 2.5450277000e+00 2.4047840466e+00 3.3429231718e+00 6.7345106471e-02 1.3199640868e-01 2.2727876379e+00 2.5367804553e+00
4.9852367890e+04 2.5386418000e+00 2.4048383500e+00 3.3422458371e+00 6.7317802290e-02 1.3194289249e-01 2.2728954575e+00 2.5367812425e+00
4.9852484191e+04 1.7242712000e+00 2.4045623698e+00 3.3415959205e+00 6.7291064085e-02 1.3189048561e-01 2.2726718842e+00 2.5364528554e+00
4.9854021635e+04 2.5177717000e+00 2.4046082593e+00 3.3409190953e+00 6.7263797726e-02 1.3183704354e-01 2.2727712157e+00 2.5364453028e+00
4.9854105198e+04 1.8682425000e+00 2.4043909312e+00 3.3402593467e+00 6.7236888918e-02 1.3178430228e-01 2.2726066289e+00 2.5361752334e+00
4.9855171219e+04 2.0243547000e+00 2.4042370080e+00 3.3395913188e+00 6.7209827149e-02 1.3173126121e-01 2.2725057468e+00 2.5359682692e+00
4.9855623629e+04 1.6600078000e+00 2.4039357006e+00 3.3389485121e+00 6.7183286572e-02 1.3167924168e-01 2.2722564590e+00 2.5356149423e+00
4.9857059825e+04 2.3759097000e+00 2.4039243587e+00 3.3382725908e+00 6.7156093322e-02 1.3162594291e-01 2.2722984158e+00 2.5355503016e+00
4.9858468838e+04 2.9716361000e+00 2.4041540155e+00 3.3376165561e+00 6.7129313803e-02 1.3157345505e-01 2.2725805605e+00 2.5357274706e+00
4.9859567563e+04 3.0388645000e+00 2.4044106716e+00 3.3369658025e+00 6.7102654058e-02 1.3152120195e-01 2.2728894697e+00 2.5359318736e+00
4.9860230096e+04 2.7289385000e+00 2.4045418470e+00 3.3362974319e+00 6.7075653646e-02 1.3146828115e-01 2.2730735658e+00 2.5360101281e+00
4.9860863247e+04 2.4458623000e+00 2.4045585421e+00 3.3356231952e+00 6.7048548972e-02 1.3141515599e-01 2.2731433861e+00 2.5359736981e+00
4.9861231762e+04 2.0771669000e+00 2.4044263161e+00 3.3349557515e+00 6.7021594501e-02 1.3136232522e-01 2.2730639909e+00 2.5357886413e+00
4.9862036405e+04 2.0843402000e+00 2.4042970928e+00 3.3342884273e+00 6.6994656046e-02 1.3130952585e-01 2.2729875669e+00 2.5356066186e+00
4.9863375300e+04 2.6254514000e+00 2.4043863399e+00 3.3336182687e+00 6.6967674257e-02 1.3125664154e-01 2.2731296983e+00 2.5356429814e+00
4.9863629859e+04 1.9536311000e+00 2.4042045104e+00 3.3329578485e+00 6.6940901669e-02 1.3120416727e-01 2.2730003431e+00 2.5354086777e+00
4.9864214195e+04 1.7342557000e+00 2.4039343698e+00 3.3323126869e+00 6.6914449001e-02 1.3115232004e-01 2.2727820497e+00 2.5350866898e+00
4.9865327899e+04 2.0494974000e+00 2.4037915092e+00 3.3316483779e+00 6.6887625307e-02 1.3109974560e-01 2.2726917636e+00 2.5348912548e+00
4.9865918743e+04 1.8771452000e+00 2.4035793230e+00 3.3309936448e+00 6.6861007349e-02 1.3104757440e-01 2.2725317486e+00 2.5346268974e+00
4.9867227274e+04 2.4321336000e+00 2.4035908229e+00 3.3303225963e+00 6.6834075403e-02 1.3099478779e-01 2.2725960351e+00 2.5345856107e+00
4.9868946197e+04 3.0950399000e+00 2.4038691840e+00 3.3296807951e+00 6.6807743837e-02 1.3094317792e-01 2.2729260061e+00 2.5348123619e+00
4.9869260383e+04 2.5728699000e+00 2.4039371924e+00 3.3290122276e+00 6.6780888636e-02 1.3089054173e-01 2.2730466506e+00 2.5348277341e+00
4.9870451376e+04 2.6073450000e+00 2.4040190137e+00 3.3283448380e+00 6.6754070569e-02 1.3083797832e-01 2.2731810354e+00 2.5348569920e+00
4.9870679511e+04 1.9460207000e+00 2.4038348567e+00 3.3276880209e+00 6.6727477988e-02 1.3078585686e-01 2.2730489999e+00 2.5346207136e+00
4.9871977527e+04 2.3974435000e+00 2.4038322879e+00 3.3270189396e+00 6.6700652919e-02 1.3073327972e-01 2.2730990081e+00 2.5345655676e+00
4.9872148378e+04 1.7525722000e+00 2.4035706325e+00 3.3263758634e+00 6.6674362574e-02 1.3068175064e-01 2.2728888819e+00 2.5342523832e+00
4.9873588591e+04 2.4724572000e+00 2.4035982978e+00 3.3257078674e+00 6.6647586082e-02 1.3062926872e-01 2.2729690291e+00 2.5342275666e+00
4.9873871463e+04 1.9615113000e+00 2.4034208241e+00 3.3250517809e+00 6.6621061650e-02 1.3057728083e-01 2.2728435433e+00 2.5339981050e+00
4.9874449795e+04 1.7474002000e+00 2.4031575735e+00 3.3244102647e+00 6.6594842421e-02 1.3052589114e-01 2.2726316823e+00 2.5336834646e+00
4.9875837273e+04 2.3181189000e+00 2.4031234625e+00 3.3237436175e+00 6.6568133064e-02 1.3047354081e-01 2.2726499217e+00 2.5335970033e+00
4.9876715065e+04 2.4896014000e+00 2.4031581369e+00 3.3230773864e+00 6.6541445429e-02 1.3042123304e-01 2.2727369038e+00 2.5335793699e+00
4.9877756010e+04 2.7881004000e+00 2.4033124224e+00 3.3224200395e+00 6.6514949030e-02 1.3036930010e-01 2.2729431223e+00 2.5336817225e+00
4.9878908379e+04 3.1439307000e+00 2.4036091444e+00 3.3217872223e+00 6.6488956905e-02 1.3031835553e-01 2.2732907889e+00 2.5339275000e+00
4.9879352282e+04 2.7793498000e+00 2.4037596213e+00 3.3211302423e+00 6.6462494314e-02 1.3026648886e-01 2.2734931324e+00 2.5340261101e+00
4.9880316074e+04 2.7276764000e+00 2.4038892917e+00 3.3204714739e+00 6.6436009199e-02 1.3021457803e-01 2.2736747137e+00 2.5341038697e+00
4.9880340683e+04 1.9089647000e+00 2.4036912427e+00 3.3198215383e+00 6.6409714036e-02 1.3016303951e-01 2.2735282031e+00 2.5338542822e+00
4.9881600036e+04 2.3710842000e+00 2.4036781998e+00 3.3191573058e+00 6.6383146117e-02 1.3011096639e-01 2.2735672335e+00 2.5337891662e+00
4.9883088746e+04 3.0827342000e+00 2.4039497136e+00 3.3185211764e+00 6.6357153424e-02 1.3006002071e-01 2.2738896929e+00 2.5340097343e+00
4.9883405438e+04 2.2739474000e+00 2.4038977543e+00 3.3178586887e+00 6.6330646821e-02 1.3000806777e-01 2.2738896865e+00 2.5339058220e+00
4.9885261397e+04 3.4395647000e+00 2.4043115245e+00 3.3172601467e+00 6.6305431602e-02 1.2995864594e-01 2.2743528786e+00 2.5342701705e+00
4.9891081572e+04 8.5332004000e+00 2.4067591639e+00 3.3188573017e+00 6.6324107954e-02 1.2999525159e-01 2.2767639123e+00 2.5367544154e+00
4.9899194401e+04 1.5858382300e+01 2.4121290733e+00 3.3290569331e+00 6.6514657229e-02 1.3036872817e-01 2.2817603451e+00 2.5424978015e+00
4.9903494105e+04 1.9427434100e+01 2.4189188997e+00 3.3456958514e+00 6.6833764573e-02 1.3099417856e-01 2.2879247212e+00 2.5499130783e+00
4.9909960728e+04 2.5122800300e+01 2.4279750949e+00 3.3756099812e+00 6.7417880569e-02 1.3213904592e-01 2.2958360490e+00 2.5601141408e+00
4.9913100542e+04 2.7452192000e+01 2.4379528529e+00 3.4117127074e+00 6.8125340665e-02 1.3352566770e-01 2.3044271852e+00 2.5714785206e+00
4.9915186567e+04 2.8660262200e+01 2.4484041519e+00 3.4509550132e+00 6.8895200314e-02 1.3503459262e-01 2.3133695593e+00 2.5834387445e+00
4.9915714624e+04 2.8075460900e+01 2.4586141347e+00 3.4879638070e+00 6.9620174753e-02 1.3645554252e-01 2.3221585922e+00 2.5950696772e+00
4.9917308962e+04 2.8405649100e+01 2.4689474820e+00 3.5254868451e+00 7.0355125511e-02 1.3789604600e-01 2.3310514360e+00 2.6068435280e+00
4.9919878237e+04 2.9997433400e+01 2.4799062741e+00 3.5673052171e+00 7.1175487666e-02 1.3950395582e-01 2.3404023183e+00 2.6194102299e+00
4.9919985513e+04 2.9301789300e+01 2.4905795264e+00 3.6064890639e+00 7.1942972087e-02 1.4100822529e-01 2.3495713011e+00 2.6315877517e+00
4.9920741784e+04 2.9306850000e+01 2.5012463007e+00 3.6452046445e+00 7.2700814800e-02 1.4249359701e-01 2.3587527037e+00 2.6437398977e+00
4.9921428956e+04 2.9226490100e+01 2.5118726402e+00 3.6832200702e+00 7.3444397724e-02 1.4395101954e-01 2.3679216206e+00 2.6558236597e+00
4.9921628007e+04 2.8694182900e+01 2.5222789638e+00 3.7192834402e+00 7.4148771169e-02 1.4533159149e-01 2.3769473723e+00 2.6676105553e+00
4.9922329011e+04 2.8673618500e+01 2.5326688484e+00 3.7548865121e+00 7.4843692818e-02 1.4669363792e-01 2.3859752105e+00 2.6793624863e+00
4.9922515392e+04 2.8158619300e+01 2.5428459534e+00 3.7887023578e+00 7.5502724851e-02 1.4798534071e-01 2.3948606127e+00 2.6908312941e+00
4.9923189690e+04 2.8105649800e+01 2.5529939502e+00 3.8220247466e+00 7.6151666335e-02 1.4925726602e-01 2.4037366842e+00 2.7022512162e+00
4.9923988735e+04 2.8203738900e+01 2.5631728172e+00 3.8552647121e+00 7.6798711340e-02 1.5052547423e-01 2.4126473430e+00 2.7136982914e+00
4.9924626855e+04 2.8003416700e+01 2.5732641476e+00 3.8876460782e+00 7.7428402339e-02 1.5175966858e-01 2.4215044790e+00 2.7250238162e+00
4.9924640006e+04 2.7195245000e+01 2.5830270266e+00 3.9176629485e+00 7.8010763450e-02 1.5290109636e-01 2.4301259302e+00 2.7359281230e+00
4.9924720995e+04 2.6465887100e+01 2.5924930829e+00 3.9456284912e+00 7.8552057639e-02 1.5396203297e-01 2.4385310499e+00 2.7464551159e+00
4.9925306958e+04 2.6291112700e+01 2.6018823934e+00 3.9729383714e+00 7.9080089653e-02 1.5499697572e-01 2.4468854177e+00 2.7568793691e+00
4.9925337537e+04 2.5536885400e+01 2.6109655629e+00 3.9982778366e+00 7.9568702883e-02 1.5595465765e-01 2.4550109052e+00 2.7669202205e+00
4.9925622998e+04 2.5067955400e+01 2.6198558993e+00 4.0223706489e+00 8.0032321353e-02 1.5686334985e-01 2.4629925495e+00 2.7767192492e+00
4.9925654838e+04 2.4286907400e+01 2.6284301184e+00 4.0445970124e+00 8.0458630438e-02 1.5769891566e-01 2.4707312027e+00 2.7861290340e+00
4.9925690164e+04 2.3529355200e+01 2.6366978894e+00 4.0650986590e+00 8.0850471227e-02 1.5846692360e-01 2.4782309658e+00 2.7951648130e+00
4.9926621451e+04 2.3706048200e+01 2.6450289887e+00 4.0858232650e+00 8.1246593754e-02 1.5924332376e-01 2.4857856650e+00 2.8042723125e+00
4.9926686337e+04 2.2839101000e+01 2.6530108354e+00 4.1046891502e+00 8.1605609500e-02 1.5994699462e-01 2.4930638408e+00 2.8129578300e+00
4.9927336134e+04 2.2748821200e+01 2.6609507051e+00 4.1232643160e+00 8.1958707886e-02 1.6063906746e-01 2.5003116377e+00 2.8215897726e+00
4.9927370071e+04 2.2054192000e+01 2.6686099632e+00 4.1404191291e+00 8.2283443012e-02 1.6127554830e-01 2.5073344148e+00 2.8298855115e+00
4.9927650944e+04 2.1505842500e+01 2.6760466914e+00 4.1564807317e+00 8.2586331800e-02 1.6186921033e-01 2.5141774810e+00 2.8379159017e+00
4.9928593338e+04 2.1426294800e+01 2.6834461579e+00 4.1723133453e+00 8.2884555300e-02 1.6245372839e-01 2.5209924295e+00 2.8458998862e+00
4.9928684591e+04 2.0503416200e+01 2.6904757318e+00 4.1864718063e+00 8.3149413257e-02 1.6297284998e-01 2.5275028819e+00 2.8534485818e+00
4.9928814096e+04 1.9839997000e+01 2.6972381614e+00 4.1994712832e+00 8.3391155419e-02 1.6344666462e-01 2.5337914967e+00 2.8606848260e+00
4.9929371356e+04 1.9502605000e+01 2.7038622713e+00 4.2118738931e+00 8.3620955546e-02 1.6389707287e-01 2.5399651984e+00 2.8677593441e+00
4.9929462753e+04 1.8682768700e+01 2.7101581367e+00 4.2229670415e+00 8.3824675925e-02 1.6429636481e-01 2.5458617719e+00 2.8744545015e+00
4.9929550362e+04 1.7592993000e+01 2.7160198282e+00 4.2324494428e+00 8.3996352735e-02 1.6463285136e-01 2.5513869769e+00 2.8806526796e+00
4.9929773723e+04 1.6844431900e+01 2.7215821952e+00 4.2408878046e+00 8.4147249479e-02 1.6492860898e-01 2.5566535862e+00 2.8865108042e+00
4.9930110677e+04 1.6192980500e+01 2.7268838081e+00 4.2484633272e+00 8.4280973092e-02 1.6519070726e-01 2.5616931008e+00 2.8920745153e+00
4.9930945449e+04 1.6195055500e+01 2.7321820660e+00 4.2560154061e+00 8.4414182365e-02 1.6545179744e-01 2.5667302686e+00 2.8976338634e+00
4.9930994770e+04 1.5459701300e+01 2.7371869890e+00 4.2626537025e+00 8.4529222033e-02 1.6567727519e-01 2.5715097138e+00 2.9028642642e+00
4.9931269566e+04 1.4543480300e+01 2.7418278276e+00 4.2682362823e+00 8.4623288798e-02 1.6586164604e-01 2.5759661816e+00 2.9076894736e+00
4.9931349529e+04 1.2737956900e+01 2.7457555797e+00 4.2719932994e+00 8.4681134838e-02 1.6597502428e-01 2.5797805554e+00 2.9117306040e+00
4.9931675087e+04 1.2024822900e+01 2.7494001466e+00 4.2751094436e+00 8.4726260279e-02 1.6606347015e-01 2.5833366764e+00 2.9154636167e+00
4.9931716541e+04 1.1261204200e+01 2.7527420406e+00 4.2775947206e+00 8.4758870882e-02 1.6612738693e-01 2.5866146537e+00 2.9188694275e+00
4.9931865636e+04 1.0566024200e+01 2.7558084779e+00 4.2795539562e+00 8.4781050689e-02 1.6617085935e-01 2.5896376185e+00 2.9219793372e+00
4.9932628962e+04 1.0529715200e+01 2.7588582647e+00 4.2814826515e+00 8.4802620149e-02 1.6621313549e-01 2.5926451292e+00 2.9250714002e+00
4.9932707306e+04 9.9063136000e+00 2.7616611884e+00 4.2829812195e+00 8.4815666621e-02 1.6623870658e-01 2.5954224818e+00 2.9278998950e+00
4.9933512789e+04 9.8576050000e+00 2.7644428206e+00 4.2844445378e+00 8.4828013329e-02 1.6626290612e-01 2.5981799145e+00 2.9307057267e+00
4.9933581543e+04 9.1254131000e+00 2.7669353638e+00 4.2854542333e+00 8.4831378907e-02 1.6626950266e-01 2.6006658612e+00 2.9332048665e+00
4.9933752091e+04 8.5038362000e+00 2.7691824852e+00 4.2861180672e+00 8.4827901365e-02 1.6626268668e-01 2.6029197985e+00 2.9354451719e+00
4.9934398606e+04 8.4079346000e+00 2.7713902973e+00 4.2867303092e+00 8.4823407568e-02 1.6625387883e-01 2.6051364185e+00 2.9376441761e+00
4.9934431660e+04 7.3421458000e+00 2.7731792427e+00 4.2868444531e+00 8.4809064624e-02 1.6622576666e-01 2.6069534760e+00 2.9394050094e+00
4.9934658261e+04 6.2509622000e+00 2.7745398777e+00 4.2865572351e+00 8.4786791723e-02 1.6618211178e-01 2.6083577659e+00 2.9407219894e+00
4.9934742682e+04 5.4969219000e+00 2.7756045558e+00 4.2860566324e+00 8.4760310922e-02 1.6613020941e-01 2.6094743464e+00 2.9417347652e+00
4.9935580031e+04 5.5435433000e+00 2.7766866272e+00 4.2855677667e+00 8.4734075776e-02 1.6607878852e-01 2.6106078387e+00 2.9427654158e+00
4.9936010197e+04 5.1445945000e+00 2.7776119527e+00 4.2849855832e+00 8.4706009408e-02 1.6602377844e-01 2.6115881743e+00 2.9436357312e+00
4.9936213851e+04 4.6418500000e+00 2.7783401707e+00 4.2843066396e+00 8.4676044848e-02 1.6596504790e-01 2.6123751228e+00 2.9443052186e+00
4.9937083257e+04 4.6753032000e+00 2.7790808825e+00 4.2836337266e+00 8.4646214388e-02 1.6590658020e-01 2.6131743023e+00 2.9449874627e+00
4.9938087011e+04 4.6766126000e+00 2.7798215272e+00 4.2829613319e+00 8.4616409038e-02 1.6584816171e-01 2.6139733655e+00 2.9456696890e+00
4.9939060647e+04 4.8373912000e+00 2.7806243246e+00 4.2823181807e+00 8.4587196180e-02 1.6579090451e-01 2.6148334201e+00 2.9464152291e+00
4.9939407429e+04 4.2675816000e+00 2.7812042612e+00 4.2815833533e+00 8.4556187440e-02 1.6573012738e-01 2.6154741338e+00 2.9469343885e+00
4.9939895885e+04 3.9879517000e+00 2.7816747280e+00 4.2808146159e+00 8.4524524454e-02 1.6566806793e-01 2.6160066601e+00 2.9473427959e+00
4.9940779707e+04 3.9839973000e+00 2.7821432871e+00 4.2800458549e+00 8.4492876556e-02 1.6560603805e-01 2.6165372490e+00 2.9477493251e+00
4.9941613511e+04 3.7358236000e+00 2.7825148026e+00 4.2792531642e+00 8.4460771888e-02 1.6554311290e-01 2.6169716897e+00 2.9480579155e+00
4.9942658752e+04 3.7636648000e+00 2.7828968703e+00 4.2784633621e+00 8.4428739932e-02 1.6548033027e-01 2.6174165401e+00 2.9483772006e+00
4.9943523372e+04 3.7190682000e+00 2.7832612811e+00 4.2776701073e+00 8.4396655526e-02 1.6541744483e-01 2.6178438363e+00 2.9486787260e+00
4.9944305614e+04 3.7196741000e+00 2.7836256441e+00 4.2768773437e+00 8.4364596491e-02 1.6535460912e-01 2.6182710350e+00 2.9489802532e+00
4.9945048800e+04 3.6712780000e+00 2.7839708998e+00 4.2760810067e+00 8.4332482648e-02 1.6529166599e-01 2.6186792338e+00 2.9492625658e+00
4.9945778385e+04 3.4268024000e+00 2.7842208343e+00 4.2752681099e+00 8.4300057954e-02 1.6522811359e-01 2.6189927207e+00 2.9494489478e+00
4.9946894243e+04 3.5529329000e+00 2.7845195953e+00 4.2744637656e+00 8.4267817657e-02 1.6516492261e-01 2.6193546727e+00 2.9496845179e+00
4.9947973577e+04 3.7750731000e+00 2.7849044257e+00 4.2736776277e+00 8.4235951923e-02 1.6510246577e-01 2.6198019599e+00 2.9500068914e+00
4.9948406092e+04 3.4478696000e+00 2.7851618879e+00 4.2728673501e+00 8.4203626036e-02 1.6503910703e-01 2.6201227809e+00 2.9502009949e+00
4.9949153856e+04 3.4570476000e+00 2.7854227131e+00 4.2720580892e+00 8.4171335905e-02 1.6497581837e-01 2.6204468947e+00 2.9503985315e+00
4.9949913582e+04 3.2460309000e+00 2.7856014512e+00 4.2712384387e+00 8.4138856812e-02 1.6491215935e-01 2.6206892919e+00 2.9505136106e+00
4.9950488465e+04 2.6943116000e+00 2.7855660401e+00 4.2704100136e+00 8.4106220671e-02 1.6484819251e-01 2.6207178476e+00 2.9504142326e+00
4.9951374348e+04 2.6115280000e+00 2.7854985573e+00 4.2695830673e+00 8.4073629468e-02 1.6478431376e-01 2.6207142436e+00 2.9502828711e+00
4.9951799316e+04 2.1952905000e+00 2.7852697945e+00 4.2687710361e+00 8.4041347701e-02 1.6472104149e-01 2.6205487530e+00 2.9499908360e+00
4.9952768336e+04 2.3564877000e+00 2.7851036643e+00 4.2679520166e+00 8.4008944046e-02 1.6465753033e-01 2.6204461340e+00 2.9497611946e+00
4.9953572970e+04 2.3005043000e+00 2.7849159806e+00 4.2671357876e+00 8.3976611010e-02 1.6459415758e-01 2.6203218230e+00 2.9495101382e+00
4.9954611604e+04 2.0874917000e+00 2.7846459751e+00 4.2663314445e+00 8.3944527510e-02 1.6453127392e-01 2.6201147011e+00 2.9491772490e+00
4.9955981636e+04 2.6189428000e+00 2.7845818485e+00 4.2655067615e+00 8.3912059443e-02 1.6446763651e-01 2.6201142119e+00 2.9490494850e+00
4.9957164675e+04 2.9742981000e+00 2.7846552397e+00 4.2646829445e+00 8.3879624111e-02 1.6440406326e-01 2.6202511764e+00 2.9490593029e+00
4.9958632505e+04 3.6327048000e+00 2.7849831784e+00 4.2638905739e+00 8.3847822846e-02 1.6434173278e-01 2.6206414456e+00 2.9493249112e+00
4.9959603928e+04 3.7165967000e+00 2.7853432918e+00 4.2631054087e+00 8.3816178673e-02 1.6427971020e-01 2.6210635816e+00 2.9496230020e+00
4.9960779513e+04 4.0112681000e+00 2.7858169877e+00 4.2623494771e+00 8.3785124506e-02 1.6421884403e-01 2.6215981436e+00 2.9500358317e+00
4.9961985804e+04 3.9200638000e+00 2.7862550900e+00 4.2615841939e+00 8.3753901674e-02 1.6415764728e-01 2.6220974427e+00 2.9504127372e+00
4.9962603686e+04 3.3510817000e+00 2.7864731697e+00 4.2607755463e+00 8.3721841934e-02 1.6409481019e-01 2.6223783595e+00 2.9505679799e+00
4.9963359386e+04 2.8030539000e+00 2.7864795691e+00 4.2599529358e+00 8.3689523381e-02 1.6403146583e-01 2.6224481033e+00 2.9505110349e+00
4.9963717546e+04 2.0571989000e+00 2.7861982108e+00 4.2591548679e+00 8.3657702478e-02 1.6396909686e-01 2.6222291139e+00 2.9501673077e+00
4.9965334672e+04 2.8464013000e+00 2.7862214283e+00 4.2583333564e+00 8.3625436575e-02 1.6390585569e-01 2.6223155727e+00 2.9501272840e+00
4.9966153570e+04 2.8668061000e+00 2.7862524941e+00 4.2575124502e+00 8.3593198104e-02 1.6384266828e-01 2.6224098259e+00 2.9500951624e+00
4.9967134925e+04 2.9753461000e+00 2.7863253626e+00 4.2566933428e+00 8.3561010476e-02 1.6377958053e-01 2.6225457820e+00 2.9501049431e+00
4.9968973632e+04 3.7077627000e+00 2.7866803076e+00 4.2559115011e+00 8.3529569756e-02 1.6371795672e-01 2.6229623509e+00 2.9503982643e+00
4.9969617551e+04 3.5825872000e+00 2.7869867793e+00 4.2551203679e+00 8.3497961915e-02 1.6365600535e-01 2.6233307739e+00 2.9506427846e+00
4.9969786880e+04 2.8540428000e+00 2.7870125899e+00 4.2543012547e+00 8.3465820393e-02 1.6359300797e-01 2.6234195819e+00 2.9506055979e+00
4.9971083566e+04 3.1022693000e+00 2.7871338891e+00 4.2534869047e+00 8.3433787763e-02 1.6353022402e-01 2.6236036651e+00 2.9506641132e+00
4.9971662864e+04 2.8320066000e+00 2.7871511479e+00 4.2526686240e+00 8.3401693456e-02 1.6346731917e-01 2.6236838287e+00 2.9506184671e+00
4.9972223748e+04 2.6775770000e+00 2.7871090202e+00 4.2518512671e+00 8.3369632688e-02 1.6340448007e-01 2.6237045401e+00 2.9505135003e+00
4.9973163365e+04 2.6779114000e+00 2.7870670534e+00 4.2510343780e+00 8.3337596495e-02 1.6334168913e-01 2.6237253643e+00 2.9504087425e+00
4.9973996369e+04 2.6990628000e+00 2.7870332446e+00 4.2502177711e+00 8.3305581220e-02 1.6327893919e-01 2.6237543054e+00 2.9503121838e+00
4.9975204516e+04 3.1241855000e+00 2.7871627194e+00 4.2494064195e+00 8.3273684300e-02 1.6321642123e-01 2.6239462981e+00 2.9503791406e+00
4.9975628196e+04 2.6905529000e+00 2.7871256331e+00 4.2485908244e+00 8.3241719555e-02 1.6315377033e-01 2.6239718627e+00 2.9502794034e+00
4.9977087321e+04 3.2624103000e+00 2.7873080140e+00 4.2477854770e+00 8.3209970887e-02 1.6309154294e-01 2.6242164710e+00 2.9503995569e+00
4.9977794986e+04 3.1127709000e+00 2.7874328559e+00 4.2469751795e+00 8.3178140513e-02 1.6302915541e-01 2.6244037005e+00 2.9504620113e+00
4.9978930520e+04 3.4074820000e+00 2.7876706048e+00 4.2461779204e+00 8.3146580717e-02 1.6296729820e-01 2.6247033066e+00 2.9506379030e+00
4.9979645108e+04 3.0615140000e+00 2.7877755658e+00 4.2453671584e+00 8.3114771718e-02 1.6290495257e-01 2.6248706133e+00 2.9506805184e+00
4.9980487451e+04 2.8308633000e+00 2.7877920746e+00 4.2445535637e+00 8.3082922515e-02 1.6284252813e-01 2.6249495464e+00 2.9506346027e+00
4.9980700599e+04 2.0505313000e+00 2.7875097074e+00 4.2437648712e+00 8.3051575901e-02 1.6278108877e-01 2.6247286186e+00 2.9502907961e+00
4.9982301091e+04 2.7487772000e+00 2.7874948787e+00 4.2429521906e+00 8.3019774974e-02 1.6271875895e-01 2.6247761197e+00 2.9502136376e+00
4.9982596499e+04 2.1912605000e+00 2.7872666987e+00 4.2421559384e+00 8.2988310644e-02 1.6265708886e-01 2.6246096098e+00 2.9499237875e+00
4.9983842140e+04 2.5691331000e+00 2.7871832505e+00 4.2413462652e+00 8.2956598892e-02 1.6259493383e-01 2.6245883166e+00 2.9497781843e+00
4.9984601496e+04 2.5002981000e+00 2.7870735429e+00 4.2405386221e+00 8.2924942002e-02 1.6253288632e-01 2.6245406566e+00 2.9496064293e+00
4.9985439154e+04 2.6311702000e+00 2.7870139469e+00 4.2397288295e+00 8.2893258219e-02 1.6247078611e-01 2.6245431608e+00 2.9494847330e+00
4.9985736892e+04 2.1032868000e+00 2.7867526831e+00 4.2389394688e+00 8.2861988974e-02 1.6240949839e-01 2.6243431848e+00 2.9491621815e+00
4.9987642279e+04 3.1627272000e+00 2.7868962945e+00 4.2381358738e+00 8.2830456501e-02 1.6234769474e-01 2.6245485998e+00 2.9492439892e+00
4.9988750444e+04 3.3707001000e+00 2.7871192055e+00 4.2373417241e+00 8.2799123657e-02 1.6228628237e-01 2.6248329231e+00 2.9494054878e+00
4.9989396348e+04 3.1606525000e+00 2.7872617754e+00 4.2365389678e+00 8.2767637649e-02 1.6222456979e-01 2.6250372056e+00 2.9494863452e+00
4.9990703593e+04 3.4318901000e+00 2.7875077229e+00 4.2357490988e+00 8.2736418395e-02 1.6216338005e-01 2.6253443428e+00 2.9496711029e+00
4.9991739679e+04 3.3379086000e+00 2.7877176393e+00 4.2349546169e+00 8.2705123973e-02 1.6210204299e-01 2.6256155963e+00 2.9498196823e+00
4.9992843640e+04 3.6107205000e+00 2.7880314033e+00 4.2341774408e+00 8.2674182395e-02 1.6204139749e-01 2.6259900058e+00 2.9500728008e+00
4.9994026510e+04 3.6562846000e+00 2.7883622925e+00 4.2334041581e+00 8.2643331621e-02 1.6198092998e-01 2.6263813625e+00 2.9503432224e+00
4.9994790785e+04 3.2524571000e+00 2.7885390905e+00 4.2326071003e+00 8.2612031558e-02 1.6191958185e-01 2.6266195086e+00 2.9504586723e+00
4.9995405652e+04 2.8592830000e+00 2.7885660303e+00 4.2318010377e+00 8.2580570693e-02 1.6185791856e-01 2.6267081117e+00 2.9504239488e+00
4.9996516366e+04 2.9911480000e+00 2.7886431456e+00 4.2309970560e+00 8.2549165399e-02 1.6179636418e-01 2.6268467814e+00 2.9504395098e+00
4.9996834929e+04 2.4729146000e+00 2.7885230054e+00 4.2301961705e+00 8.2517835443e-02 1.6173495747e-01 2.6267880479e+00 2.9502579628e+00
4.9998768429e+04 3.4527083000e+00 2.7887756434e+00 4.2294110917e+00 8.2486828674e-02 1.6167418420e-01 2.6271014592e+00 2.9504498276e+00
4.9999363447e+04 3.1644800000e+00 2.7889184967e+00 4.2286129825e+00 8.2455582594e-02 1.6161294188e-01 2.6273055548e+00 2.9505314386e+00
5.0003093321e+04 5.8604092000e+00 2.7900859200e+00 4.2282328696e+00 8.2432500517e-02 1.6156770101e-01 2.6285182190e+00 2.9516536210e+00
5.0003145616e+04 4.7574283000e+00 2.7908333905e+00 4.2276031098e+00 8.2404564064e-02 1.6151294557e-01 2.6293204450e+00 2.9523463361e+00
5.0007254731e+04 7.9506900000e+00 2.7927930778e+00 4.2279954360e+00 8.2396559942e-02 1.6149725749e-01 2.6312958203e+00 2.9542903353e+00
5.0008153475e+04 7.1303667000e+00 2.7944398408e+00 4.2280369508e+00 8.2381726401e-02 1.6146818375e-01 2.6329716570e+00 2.9559080245e+00
5.0008482553e+04 5.5438532000e+00 2.7954832614e+00 4.2275734665e+00 8.2357063606e-02 1.6141984467e-01 2.6340634167e+00 2.9569031061e+00
5.0009968475e+04 5.6931127000e+00 2.7965825138e+00 4.2271478264e+00 8.2333150235e-02 1.6137297446e-01 2.6352095394e+00 2.9579554883e+00
5.0010791260e+04 3.9735615000e+00 2.7970288464e+00 4.2264080640e+00 8.2303131822e-02 1.6131413837e-01 2.6357147080e+00 2.9583429848e+00
5.0011544877e+04 3.5410431000e+00 2.7973108837e+00 4.2256314414e+00 8.2272410084e-02 1.6125392377e-01 2.6360569599e+00 2.9585648074e+00
5.0011895643e+04 3.0466522000e+00 2.7974053669e+00 4.2248332368e+00 8.2241282828e-02 1.6119291434e-01 2.6362124526e+00 2.9585982813e+00
5.0012485692e+04 2.7332115000e+00 2.7973810511e+00 4.2240328846e+00 8.2210128519e-02 1.6113185190e-01 2.6362491992e+00 2.9585129030e+00
5.0013071652e+04 2.3683573000e+00 2.7972186036e+00 4.2232410507e+00 8.2179154713e-02 1.6107114324e-01 2.6361474604e+00 2.9582897468e+00
5.0013834517e+04 2.3517954000e+00 2.7970500104e+00 4.2224503106e+00 8.2148216858e-02 1.6101050504e-01 2.6360395054e+00 2.9580605154e+00
5.0014145938e+04 1.9363092000e+00 2.7967243423e+00 4.2216843210e+00 8.2117775083e-02 1.6095083916e-01 2.6357735031e+00 2.9576751815e+00
5.0015629449e+04 2.7207057000e+00 2.7966955909e+00 4.2208858504e+00 8.2086716080e-02 1.6088996352e-01 2.6358056274e+00 2.9575855544e+00
5.0015785750e+04 2.0428884000e+00 2.7964105977e+00 4.2201130176e+00 8.2056170263e-02 1.6083009371e-01 2.6355805039e+00 2.9572406914e+00
5.0017203509e+04 2.4460670000e+00 2.7962781927e+00 4.2193206842e+00 8.2025259822e-02 1.6076950925e-01 2.6355086834e+00 2.9570477019e+00
5.0017626865e+04 2.2015986000e+00 2.7960535309e+00 4.2185391363e+00 8.1994573623e-02 1.6070936430e-01 2.6353441666e+00 2.9567628952e+00
5.0018837268e+04 2.6152015000e+00 2.7959852333e+00 4.2177436718e+00 8.1963631500e-02 1.6064871774e-01 2.6353365156e+00 2.9566339511e+00
5.0019130662e+04 1.9832809000e+00 2.7956784367e+00 4.2169767471e+00 8.1933258490e-02 1.6058918664e-01 2.6350892501e+00 2.9562676233e+00
5.0019613387e+04 1.6217427000e+00 2.7952354421e+00 4.2162423646e+00 8.1903532021e-02 1.6053092276e-01 2.6347045193e+00 2.9557663648e+00
5.0020565433e+04 1.8193310000e+00 2.7948673152e+00 4.2154893678e+00 8.1873458152e-02 1.6047197798e-01 2.6343953372e+00 2.9553392931e+00
5.0020968379e+04 1.5181976000e+00 2.7943859163e+00 4.2147670994e+00 8.1843995235e-02 1.6041423066e-01 2.6339716857e+00 2.9548001470e+00
5.0021798161e+04 1.6303803000e+00 2.7939471656e+00 4.2140329589e+00 8.1814315839e-02 1.6035605904e-01 2.6335911066e+00 2.9543032247e+00
5.0022361525e+04 1.5254661000e+00 2.7934692150e+00 4.2133106032e+00 8.1784879290e-02 1.6029836341e-01 2.6331708515e+00 2.9537675784e+00
5.0023181325e+04 1.6267353000e+00 2.7930297672e+00 4.2125775955e+00 8.1755250005e-02 1.6024029001e-01 2.6327894771e+00 2.9532700572e+00
5.0024076354e+04 1.8348414000e+00 2.7926690035e+00 4.2118252132e+00 8.1725258836e-02 1.6018150732e-01 2.6324874961e+00 2.9528505108e+00
5.0024502602e+04 1.5841271000e+00 2.7922141514e+00 4.2110974947e+00 8.1695760332e-02 1.6012369025e-01 2.6320904612e+00 2.9523378417e+00
5.0025201104e+04 1.5990526000e+00 2.7917652569e+00 4.2103685486e+00 8.1666252010e-02 1.6006585394e-01 2.6316994030e+00 2.9518311109e+00
5.0027934139e+04 3.6463396000e+00 2.7920866463e+00 4.2096090657e+00 8.1636165483e-02 1.6000688435e-01 2.6320797619e+00 2.9520935306e+00
5.0028195261e+04 3.1784503000e+00 2.7922318958e+00 4.2088240781e+00 8.1605598640e-02 1.5994697334e-01 2.6322849225e+00 2.9521788691e+00
5.0029800463e+04 4.0626705000e+00 2.7927093248e+00 4.2081049135e+00 8.1576322183e-02 1.5988959148e-01 2.6328197333e+00 2.9525989163e+00
5.0030888641e+04 3.9450359000e+00 2.7931422048e+00 4.2073733966e+00 8.1546820194e-02 1.5983176758e-01 2.6333104372e+00 2.9529739724e+00
5.0030911561e+04 1.9789449000e+00 2.7928364604e+00 4.2066126346e+00 8.1516765442e-02 1.5977286027e-01 2.6330636002e+00 2.9526093207e+00
5.0032019612e+04 2.2773676000e+00 2.7926429661e+00 4.2058345875e+00 8.1486389957e-02 1.5971332431e-01 2.6329296418e+00 2.9523562904e+00
5.0032301597e+04 1.8877460000e+00 2.7923034175e+00 4.2050816504e+00 8.1456515147e-02 1.5965476969e-01 2.6326486478e+00 2.9519581872e+00
5.0032903340e+04 1.7779146000e+00 2.7919229266e+00 4.2043385144e+00 8.1426844232e-02 1.5959661469e-01 2.6323263119e+00 2.9515195413e+00
5.0034649331e+04 2.7416150000e+00 2.7919040635e+00 4.2035500427e+00 8.1396309441e-02 1.5953676650e-01 2.6323672970e+00 2.9514408300e+00
5.0036563353e+04 3.8920341000e+00 2.7923164061e+00 4.2028158492e+00 8.1366839788e-02 1.5947900599e-01 2.6328374001e+00 2.9517954121e+00
5.0038035110e+04 4.5520415000e+00 2.7929757261e+00 4.2021661423e+00 8.1339019395e-02 1.5942447801e-01 2.6335512481e+00 2.9524002041e+00
5.0038397998e+04 3.8244421000e+00 2.7933620431e+00 4.2014262548e+00 8.1309467030e-02 1.5936655538e-01 2.6339954877e+00 2.9527285985e+00
5.0039298153e+04 3.1789689000e+00 2.7935064110e+00 4.2006460210e+00 8.1279147912e-02 1.5930712991e-01 2.6341992811e+00 2.9528135410e+00
5.0040087554e+04 2.6443888000e+00 2.7934506036e+00 4.1998605944e+00 8.1248742535e-02 1.5924753537e-01 2.6342030682e+00 2.9526981389e+00
5.0040763355e+04 2.4493524000e+00 2.7933218725e+00 4.1990798914e+00 8.1218442740e-02 1.5918814777e-01 2.6341337247e+00 2.9525100202e+00
5.0040896621e+04 1.7593004000e+00 2.7929351778e+00 4.1983419584e+00 8.1188984223e-02 1.5913040908e-01 2.6338047687e+00 2.9520655869e+00
5.0041893773e+04 1.9910293000e+00 2.7926353999e+00 4.1975854789e+00 8.1159180966e-02 1.5907199469e-01 2.6335634052e+00 2.9517073946e+00
5.0042364694e+04 1.6524161000e+00 2.7922093090e+00 4.1968586699e+00 8.1129965249e-02 1.5901473189e-01 2.6331945771e+00 2.9512240409e+00
5.0043178990e+04 1.7818862000e+00 2.7918319003e+00 4.1961198489e+00 8.1100531116e-02 1.5895704099e-01 2.6328748593e+00 2.9507889413e+00
5.0044697318e+04 2.5083134000e+00 2.7917260308e+00 4.1953396162e+00 8.1070310569e-02 1.5889780872e-01 2.6328282221e+00 2.9506238395e+00
5.0044778923e+04 1.7961877000e+00 2.7913544226e+00 4.1946003280e+00 8.1040895191e-02 1.5884015458e-01 2.6325142680e+00 2.9501945772e+00
5.0045553615e+04 1.8513409000e+00 2.7910036713e+00 4.1938566825e+00 8.1011409444e-02 1.5878236251e-01 2.6322213088e+00 2.9497860338e+00
5.0046925164e+04 2.4624875000e+00 2.7908811364e+00 4.1930789719e+00 8.0981279614e-02 1.5872330804e-01 2.6321578283e+00 2.9496044444e+00
5.0047693918e+04 2.4728493000e+00 2.7907625563e+00 4.1923013960e+00 8.0951166439e-02 1.5866428622e-01 2.6320982700e+00 2.9494268425e+00
5.0048403596e+04 2.4774467000e+00 2.7906457781e+00 4.1915241235e+00 8.0921073160e-02 1.5860530339e-01 2.6320404747e+00 2.9492510815e+00
5.0048719601e+04 1.9932090000e+00 2.7903486705e+00 4.1907711813e+00 8.0891463534e-02 1.5854726853e-01 2.6318014020e+00 2.9488959390e+00
5.0049803979e+04 2.1937898000e+00 2.7901264884e+00 4.1900062244e+00 8.0861635877e-02 1.5848880632e-01 2.6316376821e+00 2.9486152947e+00
5.0050045357e+04 1.7456581000e+00 2.7897376320e+00 4.1892743469e+00 8.0832460401e-02 1.5843162239e-01 2.6313060096e+00 2.9481692544e+00
5.0050597126e+04 1.5494189000e+00 2.7892760322e+00 4.1885627589e+00 8.0803689999e-02 1.5837523240e-01 2.6309007998e+00 2.9476512646e+00
5.0051474311e+04 1.7422966000e+00 2.7888865309e+00 4.1878319447e+00 8.0774562267e-02 1.5831814204e-01 2.6305683888e+00 2.9472046729e+00
5.0052759696e+04 2.2922952000e+00 2.7887018558e+00 4.1870638329e+00 8.0744728906e-02 1.5825966866e-01 2.6304421871e+00 2.9469615244e+00
5.0052976085e+04 1.8192884000e+00 2.7883414790e+00 4.1863269167e+00 8.0715510903e-02 1.5820240137e-01 2.6301390777e+00 2.9465438804e+00
5.0054356037e+04 2.4851622000e+00 2.7882288149e+00 4.1855527956e+00 8.0685589341e-02 1.5814375511e-01 2.6300850598e+00 2.9463725700e+00
5.0054496783e+04 1.8482039000e+00 2.7878796228e+00 4.1848142334e+00 8.0656367028e-02 1.5808647938e-01 2.6297931435e+00 2.9459661022e+00
5.0055532069e+04 2.0672211000e+00 2.7876120185e+00 4.1840599300e+00 8.0626855020e-02 1.5802863584e-01 2.6295833827e+00 2.9456406543e+00
5.0055855169e+04 1.5764781000e+00 2.7871624513e+00 4.1833480721e+00 8.0598174519e-02 1.5797242206e-01 2.6291900293e+00 2.9451348734e+00
5.0057022542e+04 1.9782321000e+00 2.7868622917e+00 4.1826005959e+00 8.0568821328e-02 1.5791488980e-01 2.6289474018e+00 2.9447771815e+00
5.0058472407e+04 2.7122714000e+00 2.7868346244e+00 4.1818247778e+00 8.0538935956e-02 1.5785631447e-01 2.6289783099e+00 2.9446909389e+00
5.0058829658e+04 2.2503453000e+00 2.7866357036e+00 4.1810619024e+00 8.0509313656e-02 1.5779825477e-01 2.6288374489e+00 2.9444339584e+00
5.0059337725e+04 1.8154744000e+00 2.7862757476e+00 4.1803284952e+00 8.0480272430e-02 1.5774133396e-01 2.6285344137e+00 2.9440170816e+00
5.0060626174e+04 2.2698186000e+00 2.7860843963e+00 4.1795655326e+00 8.0450675832e-02 1.5768332463e-01 2.6284010717e+00 2.9437677210e+00
5.0060890522e+04 1.8261036000e+00 2.7857288479e+00 4.1788320047e+00 8.0421659427e-02 1.5762645248e-01 2.6281023954e+00 2.9433553004e+00
5.0061388033e+04 1.5613823000e+00 2.7852755541e+00 4.1781244672e+00 8.0393156619e-02 1.5757058697e-01 2.6277049671e+00 2.9428461411e+00
5.0062242820e+04 1.7229448000e+00 2.7848823895e+00 4.1774009288e+00 8.0364359292e-02 1.5751414421e-01 2.6273682453e+00 2.9423965337e+00
5.0062846219e+04 1.5877661000e+00 2.7844395052e+00 4.1766912835e+00 8.0335842596e-02 1.5745825149e-01 2.6269812537e+00 2.9418977567e+00
5.0063695762e+04 1.7262295000e+00 2.7840481553e+00 4.1759681761e+00 8.0307080309e-02 1.5740187741e-01 2.6266462779e+00 2.9414500327e+00
5.0064973586e+04 2.2740431000e+00 2.7838596137e+00 4.1752074322e+00 8.0277607759e-02 1.5734411121e-01 2.6265155025e+00 2.9412037249e+00
5.0065224698e+04 1.8255053000e+00 2.7835054547e+00 4.1744762416e+00 8.0248716968e-02 1.5728748526e-01 2.6262179694e+00 2.9407929400e+00
5.0065933556e+04 1.8343222000e+00 2.7831548144e+00 4.1737446896e+00 8.0219832644e-02 1.5723087198e-01 2.6259239424e+00 2.9403856864e+00
5.0068291737e+04 3.4662134000e+00 2.7834070517e+00 4.1729943376e+00 8.0190600453e-02 1.5717357689e-01 2.6262334748e+00 2.9405806286e+00
5.0068776256e+04 3.1930821000e+00 2.7835582791e+00 4.1722311946e+00 8.0161136033e-02 1.5711582662e-01 2.6264424525e+00 2.9406741057e+00
5.0069781807e+04 2.8847200000e+00 2.7835956082e+00 4.1714615074e+00 8.0131559510e-02 1.5705785664e-01 2.6265377515e+00 2.9406534648e+00
5.0069802345e+04 1.8305653000e+00 2.7832440662e+00 4.1707319439e+00 8.0102767237e-02 1.5700142378e-01 2.6262426424e+00 2.9402454900e+00
5.0071159235e+04 2.4268333000e+00 2.7831126463e+00 4.1699682633e+00 8.0073333177e-02 1.5694373303e-01 2.6261689132e+00 2.9400563793e+00
5.0071374323e+04 1.9127133000e+00 2.7827918209e+00 4.1692328696e+00 8.0044455767e-02 1.5688713330e-01 2.6259046876e+00 2.9396789542e+00
5.0072788029e+04 2.4994618000e+00 2.7826874251e+00 4.1684679648e+00 8.0015025242e-02 1.5682944947e-01 2.6258579757e+00 2.9395168746e+00
5.0073062630e+04 2.0389817000e+00 2.7824135004e+00 4.1677243688e+00 7.9986017226e-02 1.5677259376e-01 2.6256409066e+00 2.9391860941e+00
5.0073640154e+04 1.7037674000e+00 2.7820163553e+00 4.1670081440e+00 7.9957547813e-02 1.5671679371e-01 2.6252995616e+00 2.9387331490e+00
5.0074923278e+04 2.2337225000e+00 2.7818145541e+00 4.1662542251e+00 7.9928368438e-02 1.5665960214e-01 2.6251549519e+00 2.9384741562e+00
5.0075071672e+04 1.6804567000e+00 2.7814093451e+00 4.1655410021e+00 7.9899983101e-02 1.5660396688e-01 2.6248053783e+00 2.9380133120e+00
5.0076561547e+04 2.4384577000e+00 2.7812832136e+00 4.1647798350e+00 7.9870691455e-02 1.5654655525e-01 2.6247366584e+00 2.9378297689e+00
5.0076790681e+04 1.9570865000e+00 2.7809802001e+00 4.1640438756e+00 7.9841896615e-02 1.5649011736e-01 2.6244900827e+00 2.9374703175e+00
5.0077675956e+04 2.1501434000e+00 2.7807483601e+00 4.1632959141e+00 7.9812884971e-02 1.5643325454e-01 2.6243151055e+00 2.9371816146e+00
5.0078847124e+04 2.4501254000e+00 2.7806268968e+00 4.1625356354e+00 7.9783650595e-02 1.5637595517e-01 2.6242509416e+00 2.9370028520e+00
5.0079240768e+04 1.9232739000e+00 2.7803120408e+00 4.1618033746e+00 7.9754966572e-02 1.5631973448e-01 2.6239923063e+00 2.9366317752e+00
5.0080327958e+04 2.2139996000e+00 2.7801041434e+00 4.1610532519e+00 7.9725953536e-02 1.5626286893e-01 2.6238412745e+00 2.9363670123e+00
5.0080341283e+04 1.5424171000e+00 2.7796499463e+00 4.1603569421e+00 7.9697984700e-02 1.5620805001e-01 2.6234418963e+00 2.9358579963e+00
5.0081354209e+04 1.7998906000e+00 2.7792905335e+00 4.1596358165e+00 7.9669553513e-02 1.5615232489e-01 2.6231382086e+00 2.9354428584e+00
5.0084240055e+04 3.9836440000e+00 2.7797321739e+00 4.1589367131e+00 7.9641557150e-02 1.5609745201e-01 2.6236347219e+00 2.9358296259e+00
5.0084307841e+04 3.3491755000e+00 2.7799409141e+00 4.1581883830e+00 7.9612631231e-02 1.5604075721e-01 2.6239001569e+00 2.9359816714e+00
5.0085061113e+04 3.2813699000e+00 2.7801246551e+00 4.1574372583e+00 7.9583665093e-02 1.5598398358e-01 2.6241406715e+00 2.9361086387e+00
5.0085971346e+04 2.3909867000e+00 2.7799821137e+00 4.1566821438e+00 7.9554635878e-02 1.5592708632e-01 2.6240550274e+00 2.9359092000e+00
5.0087523898e+04 2.6082468000e+00 2.7799192300e+00 4.1559220758e+00 7.9525525174e-02 1.5587002934e-01 2.6240492007e+00 2.9357892594e+00
5.0087736902e+04 2.1739285000e+00 2.7796974179e+00 4.1551772956e+00 7.9496720279e-02 1.5581357175e-01 2.6238838462e+00 2.9355109896e+00
5.0088402128e+04 2.0064831000e+00 2.7794145001e+00 4.1544430801e+00 7.9468130673e-02 1.5575753612e-01 2.6236569640e+00 2.9351720362e+00
5.0089589437e+04 2.1943088000e+00 2.7792004892e+00 4.1536980264e+00 7.9439346908e-02 1.5570111994e-01 2.6234993693e+00 2.9349016092e+00
5.0089822497e+04 1.6646869000e+00 2.7787929888e+00 4.1529929790e+00 7.9411341303e-02 1.5564622895e-01 2.6231467599e+00 2.9344392178e+00
5.0091158096e+04 2.2839064000e+00 2.7786121092e+00 4.1522444539e+00 7.9382517383e-02 1.5558973407e-01 2.6230223752e+00 2.9342018433e+00
5.0091275408e+04 1.7299460000e+00 2.7782289649e+00 4.1515339411e+00 7.9354433234e-02 1.5553468914e-01 2.6226942757e+00 2.9337636540e+00
5.0092215637e+04 2.0257070000e+00 2.7779541212e+00 4.1508003672e+00 7.9325921271e-02 1.5547880569e-01 2.6224753155e+00 2.9334329269e+00
5.0092891446e+04 1.9405195000e+00 2.7776483766e+00 4.1500731360e+00 7.9297543557e-02 1.5542318537e-01 2.6222251912e+00 2.9330715619e+00
5.0093704933e+04 1.9536813000e+00 2.7773476586e+00 4.1493453249e+00 7.9269167765e-02 1.5536756882e-01 2.6219800898e+00 2.9327152275e+00
5.0095213314e+04 2.4099507000e+00 2.7772136211e+00 4.1485940090e+00 7.9240356012e-02 1.5531109778e-01 2.6219025233e+00 2.9325247189e+00
5.0095278273e+04 1.7633483000e+00 2.7768438671e+00 4.1478823466e+00 7.9212314671e-02 1.5525613676e-01 2.6215877304e+00 2.9321000039e+00
5.0097298963e+04 3.1150020000e+00 2.7769671475e+00 4.1471309412e+00 7.9183527352e-02 1.5519971361e-01 2.6217674339e+00 2.9321668611e+00
5.0097963281e+04 2.7947565000e+00 2.7769736305e+00 4.1463749382e+00 7.9154665387e-02 1.5514314416e-01 2.6218304864e+00 2.9321167747e+00
5.0098706089e+04 2.3357768000e+00 2.7768129031e+00 4.1456278841e+00 7.9125987371e-02 1.5508693525e-01 2.6217259678e+00 2.9318998383e+00
5.0099543607e+04 2.3794050000e+00 2.7766681806e+00 4.1448796273e+00 7.9097299473e-02 1.5503070697e-01 2.6216374737e+00 2.9316988876e+00
5.0099586891e+04 1.7096618000e+00 2.7762797546e+00 4.1441748327e+00 7.9069453887e-02 1.5497612962e-01 2.6213036249e+00 2.9312558842e+00
5.0100806540e+04 2.2173969000e+00 2.7760763765e+00 4.1434341661e+00 7.9040936754e-02 1.5492023604e-01 2.6211561405e+00 2.9309966126e+00
5.0100949101e+04 1.6199051000e+00 2.7756557977e+00 4.1427388649e+00 7.9013297855e-02 1.5486606380e-01 2.6207897339e+00 2.9305218615e+00
5.0101899650e+04 1.8686131000e+00 2.7753259640e+00 4.1420213986e+00 7.8985248948e-02 1.5481108794e-01 2.6205148760e+00 2.9301370519e+00
5.0102195234e+04 1.4328851000e+00 2.7748379811e+00 4.1413472985e+00 7.8958039662e-02 1.5475775774e-01 2.6200802234e+00 2.9295957388e+00
5.0103109318e+04 1.6904786000e+00 2.7744439552e+00 4.1406461072e+00 7.8930326451e-02 1.5470343984e-01 2.6197405153e+00 2.9291473950e+00
5.0104312484e+04 2.2081103000e+00 2.7742382401e+00 4.1399078069e+00 7.8901918658e-02 1.5464776057e-01 2.6195904795e+00 2.9288860006e+00
5.0104557251e+04 1.7634429000e+00 2.7738712120e+00 4.1392006466e+00 7.8874117168e-02 1.5459326965e-01 2.6192779423e+00 2.9284644816e+00
5.0105192643e+04 1.7153686000e+00 2.7734870005e+00 4.1384982068e+00 7.8846418306e-02 1.5453897988e-01 2.6189480206e+00 2.9280259804e+00
5.0105671222e+04 1.5223683000e+00 2.7730330387e+00 4.1378156561e+00 7.8819110951e-02 1.5448545746e-01 2.6185475813e+00 2.9275184962e+00
5.0106598588e+04 1.7876590000e+00 2.7726756306e+00 4.1371074442e+00 7.8791327376e-02 1.5443100166e-01 2.6182446290e+00 2.9271066323e+00
5.0108144996e+04 2.5807174000e+00 2.7726060301e+00 4.1363586990e+00 7.8762784652e-02 1.5437505792e-01 2.6182309722e+00 2.9269810880e+00
5.0108296803e+04 1.8999720000e+00 2.7722897438e+00 4.1356421040e+00 7.8734866943e-02 1.5432033921e-01 2.6179694046e+00 2.9266100830e+00
5.0109446902e+04 2.2192774000e+00 2.7720893770e+00 4.1349059480e+00 7.8706589596e-02 1.5426491561e-01 2.6178244614e+00 2.9263542926e+00
5.0109604507e+04 1.6093942000e+00 2.7716682632e+00 4.1342159984e+00 7.8679204441e-02 1.5421124071e-01 2.6174570225e+00 2.9258795039e+00
5.0110318860e+04 1.6265429000e+00 2.7712536631e+00 4.1335246583e+00 7.8651805327e-02 1.5415753844e-01 2.6170961247e+00 2.9254112016e+00
5.0111741576e+04 2.3536442000e+00 2.7711025197e+00 4.1327839395e+00 7.8623479309e-02 1.5410201944e-01 2.6170005002e+00 2.9252045391e+00
5.0111782869e+04 1.6133427000e+00 2.7706836485e+00 4.1320946523e+00 7.8596144391e-02 1.5404844301e-01 2.6166352055e+00 2.9247320915e+00
5.0112634299e+04 1.7062985000e+00 2.7702986991e+00 4.1313966704e+00 7.8568656580e-02 1.5399456690e-01 2.6163041322e+00 2.9242932660e+00
5.0113953270e+04 2.3259666000e+00 2.7701380584e+00 4.1306581517e+00 7.8540410511e-02 1.5393920460e-01 2.6161988538e+00 2.9240772630e+00
5.0114821839e+04 2.4192571000e+00 2.7700112493e+00 4.1299167848e+00 7.8512123071e-02 1.5388376122e-01 2.6161274880e+00 2.9238950105e+00
5.0115666119e+04 2.5558366000e+00 2.7699338740e+00 4.1291724427e+00 7.8483791867e-02 1.5382823206e-01 2.6161056420e+00 2.9237621061e+00
5.0116133884e+04 2.2314052000e+00 2.7697393891e+00 4.1284391789e+00 7.8455683985e-02 1.5377314061e-01 2.6159662485e+00 2.9235125297e+00
5.0116321265e+04 1.6155703000e+00 2.7693227216e+00 4.1277518688e+00 7.8428461944e-02 1.5371978541e-01 2.6156029362e+00 2.9230425070e+00
5.0117054929e+04 1.6302769000e+00 2.7689116621e+00 4.1270634250e+00 7.8401230744e-02 1.5366641226e-01 2.6152452498e+00 2.9225780744e+00
5.0117893035e+04 1.8106120000e+00 2.7685659552e+00 4.1263587983e+00 7.8373704555e-02 1.5361246093e-01 2.6149534942e+00 2.9221784161e+00
5.0118740905e+04 1.9141145000e+00 2.7682578226e+00 4.1256463353e+00 7.8346042032e-02 1.5355824238e-01 2.6146995803e+00 2.9218160650e+00
5.0119039924e+04 1.4047192000e+00 2.7677662802e+00 4.1249835850e+00 7.8319335905e-02 1.5350589837e-01 2.6142603819e+00 2.9212721786e+00
5.0119750526e+04 1.4538218000e+00 2.7672927867e+00 4.1243154072e+00 7.8292538916e-02 1.5345337628e-01 2.6138394105e+00 2.9207461630e+00
5.0120536145e+04 1.5718280000e+00 2.7668621438e+00 4.1236346213e+00 7.8265514823e-02 1.5340040905e-01 2.6134617348e+00 2.9202625529e+00
5.0120786447e+04 1.1561941000e+00 2.7662821409e+00 4.1230050758e+00 7.8239475356e-02 1.5334937170e-01 2.6129327692e+00 2.9196315126e+00
5.0122140751e+04 1.8630131000e+00 2.7659569901e+00 4.1222982706e+00 7.8211981962e-02 1.5329548465e-01 2.6126615054e+00 2.9192524747e+00
5.0122779068e+04 1.7779941000e+00 2.7656014798e+00 4.1215988430e+00 7.8184640943e-02 1.5324189625e-01 2.6123595836e+00 2.9188433761e+00
5.0123449647e+04 1.3547356000e+00 2.7650939741e+00 4.1209440605e+00 7.8158159034e-02 1.5318999171e-01 2.6119039824e+00 2.9182839658e+00
5.0124156937e+04 1.4216489000e+00 2.7646108943e+00 4.1202815449e+00 7.8131542538e-02 1.5313782337e-01 2.6114730709e+00 2.9177487177e+00
5.0124881445e+04 1.4719481000e+00 2.7641462419e+00 4.1196135613e+00 7.8104834466e-02 1.5308547555e-01 2.6110607664e+00 2.9172317175e+00
5.0125754063e+04 1.6873650000e+00 2.7637593281e+00 4.1189236459e+00 7.8077722780e-02 1.5303233665e-01 2.6107269915e+00 2.9167916647e+00
5.0125984902e+04 1.2417583000e+00 2.7632126323e+00 4.1182845510e+00 7.8051586525e-02 1.5298110959e-01 2.6102315227e+00 2.9161937419e+00
5.0126903923e+04 1.4387298000e+00 2.7627370550e+00 4.1176213110e+00 7.8025004648e-02 1.5292900911e-01 2.6098080459e+00 2.9156660641e+00
5.0127701847e+04 1.5679606000e+00 2.7623082049e+00 4.1169442012e+00 7.7998172056e-02 1.5287641723e-01 2.6094317877e+00 2.9151846221e+00
5.0128574750e+04 1.7235434000e+00 2.7619354870e+00 4.1162522843e+00 7.7971071126e-02 1.5282329941e-01 2.6091121876e+00 2.9147587864e+00
5.0129429333e+04 1.8062053000e+00 2.7615926856e+00 4.1155535336e+00 7.7943853003e-02 1.5276995189e-01 2.6088227337e+00 2.9143626375e+00
5.0130123095e+04 1.7756702000e+00 2.7612391817e+00 4.1148577188e+00 7.7916702740e-02 1.5271673737e-01 2.6085224443e+00 2.9139559190e+00
5.0131084184e+04 1.8570401000e+00 2.7609150960e+00 4.1141555594e+00 7.7889444596e-02 1.5266331141e-01 2.6082517846e+00 2.9135784074e+00
5.0131574702e+04 1.5541688000e+00 2.7604827254e+00 4.1134815881e+00 7.7862732287e-02 1.5261095528e-01 2.6078717701e+00 2.9130936807e+00
5.0132465617e+04 1.6772228000e+00 2.7600947383e+00 4.1127956807e+00 7.7835806149e-02 1.5255818005e-01 2.6075365583e+00 2.9126529184e+00
5.0133473694e+04 1.9676534000e+00 2.7598110142e+00 4.1120864111e+00 7.7808450094e-02 1.5250456218e-01 2.6073064521e+00 2.9123155764e+00
5.0135316412e+04 2.8938658000e+00 2.7598589938e+00 4.1113509857e+00 7.7780611494e-02 1.5244999853e-01 2.6074089952e+00 2.9123089923e+00
5.0136679364e+04 2.8281463000e+00 2.7598834257e+00 4.1106153763e+00 7.7752781868e-02 1.5239545246e-01 2.6074879733e+00 2.9122788782e+00
5.0136720541e+04 3.5557080000e+00 2.7601680554e+00 4.1099075063e+00 7.7725489286e-02 1.5234195900e-01 2.6078260964e+00 2.9125100144e+00
5.0136744664e+04 2.2035343000e+00 2.7599690444e+00 4.1091859529e+00 7.7697950217e-02 1.5228798242e-01 2.6076810620e+00 2.9122570268e+00
5.0138130219e+04 2.8587262000e+00 2.7600043400e+00 4.1084517411e+00 7.7670184166e-02 1.5223356097e-01 2.6077707791e+00 2.9122379010e+00
5.0138145632e+04 2.2149063000e+00 2.7598095926e+00 4.1077304159e+00 7.7642674097e-02 1.5217964123e-01 2.6076299514e+00 2.9119892338e+00
5.0138387991e+04 1.7349288000e+00 2.7594435637e+00 4.1070422188e+00 7.7615802392e-02 1.5212697269e-01 2.6073165911e+00 2.9115705364e+00
5.0138827771e+04 1.4560830000e+00 2.7589782440e+00 4.1063825731e+00 7.7589482233e-02 1.5207538518e-01 2.6069028588e+00 2.9110536292e+00
5.0139684114e+04 1.6334341000e+00 2.7585765509e+00 4.1057045280e+00 7.7562826348e-02 1.5202313964e-01 2.6065534113e+00 2.9105996905e+00
5.0140110900e+04 1.3705283000e+00 2.7580813499e+00 4.1050555169e+00 7.7536730841e-02 1.5197199245e-01 2.6061093575e+00 2.9100533424e+00
5.0140773334e+04 1.3773365000e+00 2.7575889302e+00 4.1044059881e+00 7.7510637334e-02 1.5192084918e-01 2.6056680811e+00 2.9095097794e+00
5.0141405282e+04 1.3337654000e+00 2.7570813283e+00 4.1037620660e+00 7.7484661456e-02 1.5186993645e-01 2.6052113918e+00 2.9089512647e+00
5.0142123769e+04 1.3916117000e+00 2.7565947033e+00 4.1031114360e+00 7.7458570667e-02 1.5181879851e-01 2.6047759048e+00 2.9084135018e+00
5.0142986391e+04 1.6171046000e+00 2.7561887574e+00 4.1024365971e+00 7.7432034698e-02 1.5176678801e-01 2.6044219694e+00 2.9079555454e+00
5.0143368784e+04 1.3358531000e+00 2.7556829399e+00 4.1017933258e+00 7.7406106361e-02 1.5171596847e-01 2.6039669714e+00 2.9073989084e+00
5.0144037357e+04 1.3348591000e+00 2.7551771286e+00 4.1011504722e+00 7.7380197588e-02 1.5166518727e-01 2.6035119413e+00 2.9068423159e+00
5.0144669387e+04 1.3289047000e+00 2.7546695584e+00 4.1005086485e+00 7.7354319918e-02 1.5161446704e-01 2.6030550913e+00 2.9062840254e+00
5.0145150388e+04 1.1425449000e+00 2.7540960526e+00 4.0998916716e+00 7.7328922547e-02 1.5156468819e-01 2.6025313644e+00 2.9056607408e+00
5.0145826265e+04 1.1869342000e+00 2.7535387404e+00 4.0992688427e+00 7.7303426297e-02 1.5151471554e-01 2.6020240249e+00 2.9050534560e+00
5.0146810493e+04 1.4430151000e+00 2.7530728593e+00 4.0986143459e+00 7.7277344473e-02 1.5146359517e-01 2.6016092641e+00 2.9045364545e+00
5.0147604618e+04 1.6022276000e+00 2.7526638880e+00 4.0979431748e+00 7.7250960031e-02 1.5141188166e-01 2.6012520063e+00 2.9040757697e+00
5.0148260476e+04 1.5512554000e+00 2.7522370999e+00 4.0972775251e+00 7.7224691469e-02 1.5136039528e-01 2.6008767046e+00 2.9035974952e+00
5.0149113108e+04 1.5846250000e+00 2.7518224649e+00 4.0966087713e+00 7.7198376179e-02 1.5130881731e-01 2.6005136476e+00 2.9031312822e+00
5.0149551434e+04 1.3782390000e+00 2.7513348599e+00 4.0959630570e+00 7.7172506753e-02 1.5125811324e-01 2.6000767466e+00 2.9025929731e+00
5.0150244056e+04 1.4253395000e+00 2.7508643150e+00 4.0953121356e+00 7.7146550849e-02 1.5120723966e-01 2.5996570753e+00 2.9020715547e+00
5.0150963973e+04 1.4482977000e+00 2.7504022481e+00 4.0946589060e+00 7.7120563112e-02 1.5115630370e-01 2.5992459444e+00 2.9015585518e+00
5.0151632864e+04 1.4639129000e+00 2.7499460462e+00 4.0940042338e+00 7.7094559849e-02 1.5110533730e-01 2.5988407089e+00 2.9010513835e+00
5.0152323314e+04 1.4628459000e+00 2.7494897895e+00 4.0933499893e+00 7.7068576283e-02 1.5105440951e-01 2.5984353800e+00 2.9005441990e+00
5.0153008954e+04 1.4161213000e+00 2.7490172989e+00 4.0927013512e+00 7.7042709883e-02 1.5100371137e-01 2.5980135875e+00 2.9000210103e+00
5.0153743466e+04 1.4803674000e+00 2.7485679011e+00 4.0920457839e+00 7.7016724651e-02 1.5095278032e-01 2.5976151208e+00 2.8995206814e+00
5.0154395862e+04 1.4276710000e+00 2.7481001614e+00 4.0913964290e+00 7.6990867940e-02 1.5090210116e-01 2.5971980603e+00 2.8990022626e+00
5.0155100617e+04 1.4113570000e+00 2.7476269780e+00 4.0907492524e+00 7.6965063781e-02 1.5085152501e-01 2.5967754530e+00 2.8984785030e+00
5.0155804098e+04 1.4660769000e+00 2.7471734925e+00 4.0900961827e+00 7.6939160310e-02 1.5080075421e-01 2.5963727383e+00 2.8979742467e+00
5.0156526212e+04 1.4555043000e+00 2.7467165879e+00 4.0894445968e+00 7.6913296318e-02 1.5075006078e-01 2.5959665272e+00 2.8974666487e+00
5.0157401243e+04 1.6418681000e+00 2.7463259060e+00 4.0887740151e+00 7.6887086674e-02 1.5069868988e-01 2.5956272161e+00 2.8970245959e+00
5.0158128196e+04 1.6820235000e+00 2.7459496945e+00 4.0880999968e+00 7.6860824086e-02 1.5064721521e-01 2.5953024793e+00 2.8965969097e+00
5.0158982697e+04 1.7200350000e+00 2.7455871805e+00 4.0874228769e+00 7.6834514878e-02 1.5059564916e-01 2.5949915313e+00 2.8961828296e+00
5.0159388951e+04 1.4442069000e+00 2.7451274912e+00 4.0867738194e+00 7.6808744782e-02 1.5054513977e-01 2.5945823514e+00 2.8956726310e+00
5.0160256015e+04 1.6457472000e+00 2.7447392919e+00 4.0861041710e+00 7.6782599253e-02 1.5049389454e-01 2.5942453974e+00 2.8952331865e+00
5.0161127652e+04 1.8455985000e+00 2.7444219108e+00 4.0854176039e+00 7.6756147483e-02 1.5044204907e-01 2.5939798617e+00 2.8948639599e+00
5.0161443915e+04 1.3758534000e+00 2.7439390002e+00 4.0847773691e+00 7.6730577770e-02 1.5039193243e-01 2.5935470678e+00 2.8943309327e+00
5.0162153329e+04 1.3969615000e+00 2.7434638759e+00 4.0841349548e+00 7.6704978533e-02 1.5034175792e-01 2.5931221180e+00 2.8938056338e+00
5.0162749276e+04 1.3646925000e+00 2.7429777083e+00 4.0834966332e+00 7.6679467559e-02 1.5029175642e-01 2.5926859519e+00 2.8932694647e+00
5.0163422965e+04 1.3807736000e+00 2.7424975517e+00 4.0828567025e+00 7.6653937753e-02 1.5024171800e-01 2.5922558337e+00 2.8927392697e+00
5.0164111359e+04 1.4184120000e+00 2.7420309959e+00 4.0822127050e+00 7.6628342987e-02 1.5019155225e-01 2.5918394436e+00 2.8922225481e+00
5.0164777402e+04 1.4071744000e+00 2.7415608104e+00 4.0815702953e+00 7.6602789414e-02 1.5014146725e-01 2.5914193431e+00 2.8917022776e+00
5.0165476959e+04 1.4110359000e+00 2.7410923157e+00 4.0809277392e+00 7.6577244470e-02 1.5009139916e-01 2.5910009165e+00 2.8911837149e+00
5.0166154999e+04 1.4549900000e+00 2.7406396222e+00 4.0802805226e+00 7.6551623455e-02 1.5004118197e-01 2.5905984402e+00 2.8906808041e+00
5.0166965754e+04 1.5572218000e+00 2.7402232190e+00 4.0796227274e+00 7.6525815392e-02 1.4999059817e-01 2.5902326208e+00 2.8902138172e+00
5.0168379070e+04 2.2963574000e+00 2.7400670931e+00 4.0789134180e+00 7.6499052642e-02 1.4993814318e-01 2.5901289500e+00 2.8900052363e+00
5.0168505959e+04 1.6909688000e+00 2.7396982119e+00 4.0782434238e+00 7.6473038885e-02 1.4988715621e-01 2.5898110557e+00 2.8895853681e+00
5.0169305742e+04 1.7110900000e+00 2.7393366624e+00 4.0775719564e+00 7.6447009019e-02 1.4983613768e-01 2.5895005247e+00 2.8891728001e+00
5.0169713263e+04 1.3781743000e+00 2.7388583903e+00 4.0769350856e+00 7.6421639168e-02 1.4978641277e-01 2.5890719776e+00 2.8886448031e+00
5.0170380326e+04 1.3652168000e+00 2.7383759030e+00 4.0763000327e+00 7.6396314662e-02 1.4973677674e-01 2.5886391262e+00 2.8881126797e+00
5.0171025014e+04 1.3405468000e+00 2.7378850922e+00 4.0756682138e+00 7.6371062001e-02 1.4968728152e-01 2.5881978106e+00 2.8875723737e+00
5.0171735100e+04 1.3932722000e+00 2.7374131326e+00 4.0750304575e+00 7.6345709325e-02 1.4963759028e-01 2.5877755423e+00 2.8870507228e+00
5.0172411211e+04 1.4256611000e+00 2.7369528687e+00 4.0743892920e+00 7.6320304035e-02 1.4958779591e-01 2.5873650728e+00 2.8865406646e+00
5.0173075273e+04 1.3776766000e+00 2.7364760969e+00 4.0737539385e+00 7.6295018855e-02 1.4953823696e-01 2.5869378600e+00 2.8860143339e+00
5.0174025747e+04 1.6672171000e+00 2.7361011815e+00 4.0730886269e+00 7.6269183921e-02 1.4948760049e-01 2.5866135810e+00 2.8855887819e+00
5.0174772353e+04 1.7246497000e+00 2.7357466594e+00 4.0724184989e+00 7.6243270215e-02 1.4943680962e-01 2.5863098498e+00 2.8851834690e+00
5.0175429480e+04 1.5496409000e+00 2.7353310652e+00 4.0717652388e+00 7.6217683675e-02 1.4938666000e-01 2.5859444052e+00 2.8847177252e+00
5.0176260747e+04 1.5931837000e+00 2.7349310136e+00 4.0711079306e+00 7.6192032675e-02 1.4933638404e-01 2.5855946295e+00 2.8842673976e+00
5.0177205281e+04 1.8373646000e+00 2.7346167396e+00 4.0704295276e+00 7.6165998270e-02 1.4928535661e-01 2.5853313830e+00 2.8839020962e+00
5.0178388349e+04 2.2976889000e+00 2.7344638072e+00 4.0697250616e+00 7.6139487706e-02 1.4923339590e-01 2.5852304113e+00 2.8836972031e+00
5.0178500770e+04 1.6718909000e+00 2.7340920183e+00 4.0690612886e+00 7.6113749932e-02 1.4918294987e-01 2.5849090684e+00 2.8832749681e+00
5.0179063904e+04 1.4812125000e+00 2.7336537953e+00 4.0684168071e+00 7.6088384285e-02 1.4913323320e-01 2.5845205621e+00 2.8827870285e+00
5.0179898496e+04 1.5769198000e+00 2.7332493428e+00 4.0677627210e+00 7.6062850241e-02 1.4908318647e-01 2.5841661564e+00 2.8823325293e+00
5.0181253559e+04 2.2443807000e+00 2.7330784695e+00 4.0670617775e+00 7.6036451418e-02 1.4903144478e-01 2.5840470247e+00 2.8821099143e+00
5.0181416938e+04 1.6957029000e+00 2.7327160042e+00 4.0663971574e+00 7.6010743111e-02 1.4898105650e-01 2.5837349477e+00 2.8816970607e+00
5.0182251840e+04 1.7652895000e+00 2.7323780977e+00 4.0657268716e+00 7.5984940219e-02 1.4893048283e-01 2.5834476148e+00 2.8813085805e+00
5.0182636078e+04 1.4245590000e+00 2.7319214569e+00 4.0650901931e+00 7.5959776638e-02 1.4888116221e-01 2.5830402947e+00 2.8808026191e+00
5.0183264801e+04 1.4143485000e+00 2.7314615711e+00 4.0644549588e+00 7.5934651137e-02 1.4883191623e-01 2.5826296548e+00 2.8802934873e+00
5.0183938556e+04 1.4091176000e+00 2.7310001810e+00 4.0638206092e+00 7.5909553243e-02 1.4878272436e-01 2.5822174566e+00 2.8797829053e+00
5.0184666461e+04 1.4562732000e+00 2.7305555605e+00 4.0631812975e+00 7.5884373740e-02 1.4873337253e-01 2.5818221880e+00 2.8792889330e+00
5.0185319406e+04 1.4445899000e+00 2.7301071764e+00 4.0625435657e+00 7.5859234829e-02 1.4868410026e-01 2.5814230761e+00 2.8787912766e+00
5.0185898355e+04 1.3504866000e+00 2.7296263048e+00 4.0619168860e+00 7.5834313324e-02 1.4863525412e-01 2.5809910507e+00 2.8782615589e+00
5.0186744836e+04 1.5625880000e+00 2.7292196712e+00 4.0612673314e+00 7.5808975817e-02 1.4858559260e-01 2.5806340786e+00 2.8778052638e+00
5.0187581932e+04 1.7382758000e+00 2.7288745149e+00 4.0606018332e+00 7.5783351880e-02 1.4853536968e-01 2.5803391452e+00 2.8774098846e+00
5.0188426042e+04 1.7893867000e+00 2.7285473952e+00 4.0599324317e+00 7.5757666328e-02 1.4848502600e-01 2.5800623692e+00 2.8770324212e+00
5.0189670905e+04 2.2044379000e+00 2.7283649693e+00 4.0592373303e+00 7.5731512544e-02 1.4843376459e-01 2.5799312047e+00 2.8767987339e+00
5.0189879596e+04 1.7328128000e+00 2.7280185698e+00 4.0585732937e+00 7.5705949616e-02 1.4838366125e-01 2.5796349086e+00 2.8764022310e+00
5.0191314097e+04 2.4313111000e+00 2.7279153672e+00 4.0578709195e+00 7.5679682874e-02 1.4833217843e-01 2.5795831888e+00 2.8762475456e+00
5.0191536377e+04 1.9004376000e+00 2.7276276489e+00 4.0571944719e+00 7.5653911003e-02 1.4828166557e-01 2.5793459834e+00 2.8759093145e+00
5.0192810580e+04 2.4103196000e+00 2.7275173576e+00 4.0564933690e+00 7.5627690714e-02 1.4823027380e-01 2.5792870838e+00 2.8757476314e+00
5.0193054098e+04 1.8092984000e+00 2.7271983100e+00 4.0558244241e+00 7.5602081257e-02 1.4818007926e-01 2.5790182308e+00 2.8753783893e+00
5.0194455854e+04 2.5035365000e+00 2.7271206227e+00 4.0551218791e+00 7.5575856770e-02 1.4812867927e-01 2.5789919434e+00 2.8752493020e+00
5.0194893941e+04 2.2222511000e+00 2.7269453208e+00 4.0544284699e+00 7.5549813906e-02 1.4807763525e-01 2.5788676855e+00 2.8750229561e+00
5.0195334738e+04 1.8782668000e+00 2.7266507430e+00 4.0537553402e+00 7.5524160179e-02 1.4802735395e-01 2.5786233891e+00 2.8746780970e+00
5.0195673259e+04 1.4926982000e+00 2.7262225846e+00 4.0531168998e+00 7.5499163802e-02 1.4797836105e-01 2.5782442236e+00 2.8742009457e+00
5.0196543484e+04 1.7082268000e+00 2.7258694817e+00 4.0524579964e+00 7.5473797261e-02 1.4792864263e-01 2.5779408391e+00 2.8737981243e+00
5.0196956372e+04 1.4597441000e+00 2.7254304646e+00 4.0518236852e+00 7.5448899720e-02 1.4787984345e-01 2.5775506211e+00 2.8733103080e+00
5.0197801840e+04 1.6673755000e+00 2.7250637211e+00 4.0511690338e+00 7.5423634386e-02 1.4783032340e-01 2.5772333977e+00 2.8728940445e+00
5.0198494027e+04 1.6065540000e+00 2.7246761571e+00 4.0505203566e+00 7.5398491282e-02 1.4778104291e-01 2.5768951142e+00 2.8724572000e+00
5.0199291499e+04 1.6061320000e+00 2.7242887154e+00 4.0498720285e+00 7.5373365649e-02 1.4773179667e-01 2.5765569187e+00 2.8720205121e+00
5.0199749393e+04 1.3911717000e+00 2.7238271098e+00 4.0492465305e+00 7.5348675799e-02 1.4768340457e-01 2.5761437052e+00 2.8715105143e+00
5.0200393487e+04 1.3704615000e+00 2.7233586551e+00 4.0486236936e+00 7.5324046268e-02 1.4763513069e-01 2.5757235244e+00 2.8709937858e+00
5.0201060860e+04 1.3588552000e+00 2.7228865085e+00 4.0480024856e+00 7.5299457814e-02 1.4758693732e-01 2.5752995712e+00 2.8704734459e+00
5.0201790461e+04 1.4448355000e+00 2.7224444293e+00 4.0473718533e+00 7.5274704846e-02 1.4753842150e-01 2.5749060078e+00 2.8699828508e+00
5.0202494212e+04 1.4694047000e+00 2.7220111514e+00 4.0467388555e+00 7.5249918700e-02 1.4748984065e-01 2.5745213108e+00 2.8695009921e+00
5.0203160755e+04 1.4450520000e+00 2.7215697552e+00 4.0461087806e+00 7.5225197716e-02 1.4744138752e-01 2.5741283677e+00 2.8690111428e+00
5.0203851481e+04 1.4758342000e+00 2.7211393007e+00 4.0454756805e+00 7.5200431287e-02 1.4739284532e-01 2.5737464553e+00 2.8685321460e+00
5.0204749308e+04 1.7207491000e+00 2.7207937427e+00 4.0448193964e+00 7.5175244772e-02 1.4734347975e-01 2.5734502630e+00 2.8681372225e+00
5.0205015639e+04 1.3469396000e+00 2.7203193456e+00 4.0442013006e+00 7.5150778825e-02 1.4729552650e-01 2.5730238191e+00 2.8676148721e+00
5.0205719844e+04 1.3888088000e+00 2.7198597285e+00 4.0435786494e+00 7.5126238929e-02 1.4724742830e-01 2.5726123002e+00 2.8671071568e+00
5.0206400572e+04 1.4270732000e+00 2.7194136324e+00 4.0429519970e+00 7.5101635414e-02 1.4719920541e-01 2.5722144270e+00 2.8666128378e+00
5.0207209567e+04 1.5356625000e+00 2.7190053016e+00 4.0423141627e+00 7.5076834944e-02 1.4715059649e-01 2.5718547051e+00 2.8661558981e+00
5.0208256638e+04 1.9228856000e+00 2.7187307776e+00 4.0416439400e+00 7.5051443822e-02 1.4710082989e-01 2.5716299477e+00 2.8658316074e+00
5.0208601636e+04 1.5680781000e+00 2.7183341375e+00 4.0410034961e+00 7.5026616571e-02 1.4705216848e-01 2.5712819691e+00 2.8653863060e+00
5.0209324703e+04 1.5318808000e+00 2.7179252977e+00 4.0403669592e+00 7.5001872628e-02 1.4700367035e-01 2.5709216273e+00 2.8649289680e+00
5.0210257914e+04 1.7350452000e+00 2.7175867237e+00 4.0397119386e+00 7.4976796381e-02 1.4695452091e-01 2.5706322028e+00 2.8645412446e+00
5.0210607115e+04 1.3941427000e+00 2.7171309923e+00 4.0390907336e+00 7.4952358501e-02 1.4690662266e-01 2.5702243697e+00 2.8640376150e+00
5.0211237040e+04 1.3574794000e+00 2.7166629539e+00 4.0384740000e+00 7.4928014216e-02 1.4685890786e-01 2.5698040460e+00 2.8635218618e+00
5.0212237290e+04 1.7093758000e+00 2.7163163307e+00 4.0378220701e+00 7.4903027628e-02 1.4680993415e-01 2.5695063965e+00 2.8631262648e+00
5.0212948954e+04 1.7659281000e+00 2.7159893997e+00 4.0371657398e+00 7.4877970237e-02 1.4676082167e-01 2.5692285781e+00 2.8627502214e+00
5.0213734742e+04 1.8140993000e+00 2.7156792587e+00 4.0365059293e+00 7.4852859143e-02 1.4671160392e-01 2.5689676548e+00 2.8623908626e+00
5.0213773581e+04 1.1374619000e+00 2.7151367295e+00 4.0359178760e+00 7.4829089328e-02 1.4666501508e-01 2.5684717144e+00 2.8618017446e+00
5.0214456933e+04 1.1604933000e+00 2.7146024878e+00 4.0353269978e+00 7.4805277528e-02 1.4661834395e-01 2.5679841438e+00 2.8612208318e+00
5.0215175255e+04 1.1581593000e+00 2.7140678113e+00 4.0347366775e+00 7.4781486459e-02 1.4657171346e-01 2.5674960979e+00 2.8606395248e+00
5.0215860367e+04 1.1458182000e+00 2.7135292641e+00 4.0341482463e+00 7.4757740771e-02 1.4652517191e-01 2.5670040922e+00 2.8600544360e+00
5.0216945073e+04 1.5818748000e+00 2.7131407799e+00 4.0335099891e+00 7.4733082264e-02 1.4647684124e-01 2.5666639386e+00 2.8596176211e+00
5.0217653938e+04 1.5904407000e+00 2.7127555019e+00 4.0328712106e+00 7.4708424765e-02 1.4642851254e-01 2.5663269893e+00 2.8591840144e+00
5.0218309722e+04 1.4314548000e+00 2.7123159476e+00 4.0322489830e+00 7.4684084474e-02 1.4638080557e-01 2.5659351420e+00 2.8586967532e+00
5.0219173509e+04 1.5786252000e+00 2.7119271648e+00 4.0316119303e+00 7.4659480191e-02 1.4633258117e-01 2.5655945836e+00 2.8582597460e+00
5.0220047061e+04 1.7964432000e+00 2.7116133204e+00 4.0309562066e+00 7.4634540839e-02 1.4628370004e-01 2.5653296204e+00 2.8578970205e+00
5.0220360740e+04 1.3548560000e+00 2.7111483590e+00 4.0303434405e+00 7.4610407466e-02 1.4623639863e-01 2.5649119604e+00 2.8573847577e+00
5.0221182920e+04 1.5246133000e+00 2.7107418722e+00 4.0297126053e+00 7.4585950110e-02 1.4618846222e-01 2.5645534100e+00 2.8569303344e+00
5.0221927602e+04 1.6261285000e+00 2.7103704293e+00 4.0290722693e+00 7.4561327501e-02 1.4614020190e-01 2.5642302274e+00 2.8565106312e+00
5.0222845798e+04 1.7757255000e+00 2.7100504550e+00 4.0284194071e+00 7.4536483740e-02 1.4609150813e-01 2.5639589469e+00 2.8561419631e+00
5.0223224785e+04 1.4232939000e+00 2.7096100866e+00 4.0278001049e+00 7.4512271510e-02 1.4604405216e-01 2.5635660344e+00 2.8556541387e+00
5.0223892423e+04 1.3955151000e+00 2.7091605159e+00 4.0271841506e+00 7.4488131669e-02 1.4599673807e-01 2.5631637778e+00 2.8551572540e+00
5.0224585149e+04 1.4138059000e+00 2.7087175082e+00 4.0265664476e+00 7.4463969926e-02 1.4594938106e-01 2.5627681271e+00 2.8546668892e+00
5.0225275083e+04 1.4171207000e+00 2.7082759366e+00 4.0259486599e+00 7.4439817054e-02 1.4590204143e-01 2.5623738952e+00 2.8541779780e+00
5.0225925210e+04 1.4230072000e+00 2.7078366787e+00 4.0253305078e+00 7.4415667879e-02 1.4585470904e-01 2.5619819696e+00 2.8536913877e+00
5.0226707790e+04 1.5074314000e+00 2.7074265641e+00 4.0247037333e+00 7.4391369753e-02 1.4580708472e-01 2.5616194794e+00 2.8532336488e+00
5.0227657228e+04 1.8038863000e+00 2.7071179780e+00 4.0240507937e+00 7.4366598552e-02 1.4575853316e-01 2.5613594448e+00 2.8528765111e+00
5.0228524458e+04 1.9143583000e+00 2.7068473192e+00 4.0233902238e+00 7.4341696992e-02 1.4570972610e-01 2.5611375930e+00 2.8525570453e+00
5.0228798750e+04 1.4157171000e+00 2.7064066604e+00 4.0227740378e+00 7.4317626054e-02 1.4566254707e-01 2.5607441133e+00 2.8520692074e+00
5.0229538320e+04 1.4897380000e+00 2.7059915568e+00 4.0221502608e+00 7.4293425282e-02 1.4561511355e-01 2.5603764432e+00 2.8516066703e+00
5.0230381653e+04 1.6880184000e+00 2.7056443627e+00 4.0215079909e+00 7.4268893401e-02 1.4556703107e-01 2.5600773316e+00 2.8512113937e+00
5.0230759403e+04 1.3699794000e+00 2.7051889706e+00 4.0208977476e+00 7.4244963408e-02 1.4552012828e-01 2.5596688423e+00 2.8507090989e+00
5.0231506588e+04 1.4719637000e+00 2.7047686484e+00 4.0202766767e+00 7.4220843835e-02 1.4547285392e-01 2.5592957945e+00 2.8502415023e+00
5.0232200661e+04 1.4857426000e+00 2.7043533073e+00 4.0196544581e+00 7.4196713452e-02 1.4542555837e-01 2.5589277490e+00 2.8497788657e+00
5.0232810846e+04 1.3547282000e+00 2.7038936257e+00 4.0190467771e+00 7.4172861739e-02 1.4537880901e-01 2.5585148167e+00 2.8492724348e+00
5.0233536741e+04 1.4032973000e+00 2.7034507942e+00 4.0184339154e+00 7.4148924702e-02 1.4533189242e-01 2.5581189018e+00 2.8487826866e+00
5.0234165326e+04 1.3862346000e+00 2.7030024565e+00 4.0178232199e+00 7.4125037928e-02 1.4528507434e-01 2.5577173821e+00 2.8482875308e+00
5.0234907458e+04 1.4372752000e+00 2.7025717905e+00 4.0172072171e+00 7.4101063532e-02 1.4523808452e-01 2.5573337060e+00 2.8478098750e+00
5.0235591557e+04 1.4688706000e+00 2.7021521643e+00 4.0165881510e+00 7.4077042940e-02 1.4519100416e-01 2.5569611601e+00 2.8473431684e+00
5.0235940247e+04 1.1226178000e+00 2.7016150903e+00 4.0160105832e+00 7.4053797873e-02 1.4514544383e-01 2.5564696465e+00 2.8467605342e+00
5.0237110716e+04 1.5808769000e+00 2.7012341460e+00 4.0153809076e+00 7.4029602163e-02 1.4509802024e-01 2.5561361258e+00 2.8463321663e+00
5.0237801464e+04 1.5809447000e+00 2.7008534836e+00 4.0147515189e+00 7.4005422101e-02 1.4505062732e-01 2.5558028563e+00 2.8459041109e+00
5.0238548515e+04 1.5662035000e+00 2.7004680726e+00 4.0141238289e+00 7.3981283699e-02 1.4500331605e-01 2.5554647566e+00 2.8454713887e+00
5.0239445245e+04 1.6740174000e+00 2.7001195325e+00 4.0134865792e+00 7.3956979468e-02 1.4495567976e-01 2.5551638527e+00 2.8450752123e+00
5.0239846783e+04 1.4486875000e+00 2.6996947423e+00 4.0128713289e+00 7.3933090938e-02 1.4490885824e-01 2.5547858840e+00 2.8446036005e+00
5.0240490094e+04 1.3838760000e+00 2.6992482479e+00 4.0122633895e+00 7.3909347317e-02 1.4486232074e-01 2.5543859272e+00 2.8441105687e+00
5.0241270220e+04 1.4538382000e+00 2.6988257886e+00 4.0116481490e+00 7.3885479411e-02 1.4481553964e-01 2.5540102490e+00 2.8436413283e+00
5.0243048973e+04 2.5903844000e+00 2.6987890164e+00 4.0109681866e+00 7.3860429894e-02 1.4476644259e-01 2.5540225738e+00 2.8435554590e+00
5.0243607540e+04 2.4985053000e+00 2.6987211236e+00 4.0102897681e+00 7.3835419418e-02 1.4471742206e-01 2.5540037015e+00 2.8434385457e+00
5.0244343707e+04 1.5411639000e+00 2.6983288643e+00 4.0096666025e+00 7.3811436658e-02 1.4467041585e-01 2.5536584484e+00 2.8429992801e+00
5.0245033303e+04 1.4698483000e+00 2.6979127123e+00 4.0090509097e+00 7.3787601679e-02 1.4462369929e-01 2.5532890130e+00 2.8425364116e+00
5.0245742741e+04 1.4555450000e+00 2.6974919986e+00 4.0084369885e+00 7.3763809490e-02 1.4457706660e-01 2.5529149320e+00 2.8420690652e+00
5.0251247311e+04 6.2492605000e+00 2.6986943576e+00 4.0082907887e+00 7.3748633088e-02 1.4454732085e-01 2.5541470367e+00 2.8432416784e+00
5.0253446841e+04 7.7838742000e+00 2.7004152306e+00 4.0087035526e+00 7.3743746583e-02 1.4453774330e-01 2.5558774873e+00 2.8449529739e+00
5.0255984050e+04 9.5796674000e+00 2.7027424472e+00 4.0100212127e+00 7.3755507412e-02 1.4456079453e-01 2.5581816527e+00 2.8473032417e+00
5.0256018741e+04 5.9383945000e+00 2.7038366819e+00 4.0097842357e+00 7.3738677085e-02 1.4452780709e-01 2.5593088748e+00 2.8483644890e+00
5.0258907604e+04 5.7428911000e+00 2.7048640837e+00 4.0094954170e+00 7.3720901363e-02 1.4449296667e-01 2.5603711170e+00 2.8493570503e+00
5.0260329321e+04 6.0347652000e+00 2.7059894304e+00 4.0092848184e+00 7.3704571713e-02 1.4446096056e-01 2.5615284699e+00 2.8504503910e+00
5.0261771007e+04 5.9562642000e+00 2.7070874962e+00 4.0090522821e+00 7.3687846464e-02 1.4442817907e-01 2.5626593172e+00 2.8515156753e+00
5.0263086460e+04 5.7215249000e+00 2.7081055433e+00 4.0087576760e+00 7.3669988291e-02 1.4439317705e-01 2.5637123663e+00 2.8524987204e+00
5.0264101791e+04 5.4492315000e+00 2.7090309741e+00 4.0083970242e+00 7.3650924716e-02 1.4435581244e-01 2.5646751617e+00 2.8533867865e+00
5.0264181375e+04 3.9683016000e+00 2.7094559726e+00 4.0077870767e+00 7.3627289848e-02 1.4430948810e-01 2.5651464845e+00 2.8537654607e+00
5.0267947490e+04 6.7216575000e+00 2.7108096169e+00 4.0077881101e+00 7.3614887524e-02 1.4428517955e-01 2.5665244373e+00 2.8550947964e+00
5.0268007366e+04 5.3453944000e+00 2.7116981783e+00 4.0074039708e+00 7.3595417834e-02 1.4424701895e-01 2.5674511594e+00 2.8559451973e+00
5.0269574082e+04 5.5992508000e+00 2.7126717295e+00 4.0070788028e+00 7.3577039619e-02 1.4421099765e-01 2.5684607318e+00 2.8568827271e+00
5.0269653643e+04 4.7376928000e+00 2.7133542442e+00 4.0065756690e+00 7.3555402476e-02 1.4416858885e-01 2.5691856553e+00 2.8575228330e+00
5.0270339778e+04 3.8449347000e+00 2.7137355044e+00 4.0059542528e+00 7.3531603570e-02 1.4412194300e-01 2.5696135614e+00 2.8578574474e+00
5.0271492594e+04 3.9008020000e+00 2.7141353247e+00 4.0053385665e+00 7.3507919926e-02 1.4407552305e-01 2.5700598017e+00 2.8582108478e+00
